
/home/dabom_user/dabom_capstone/raspberry/pico_w_sdk/build/pico_motor_controller.elf:     file format elf32-littlearm

Sections:
Idx Name          Size      VMA       LMA       File off  Algn
  0 .boot2        00000100  10000000  10000000  00001000  2**0
                  CONTENTS, ALLOC, LOAD, READONLY, CODE
  1 .text         0000819c  10000100  10000100  00001100  2**3
                  CONTENTS, ALLOC, LOAD, READONLY, CODE
  2 .rodata       00000aac  100082a0  100082a0  000092a0  2**3
                  CONTENTS, ALLOC, LOAD, READONLY, DATA
  3 .binary_info  0000001c  10008d4c  10008d4c  00009d4c  2**2
                  CONTENTS, ALLOC, LOAD, READONLY, DATA
  4 .xip_ram      00000000  15000000  15000000  0000ac38  2**0
                  CONTENTS
  5 .ram_vector_table 000000c0  20000000  20000000  0000b000  2**2
                  ALLOC
  6 .uninitialized_data 00000000  200000c0  200000c0  0000ac38  2**0
                  CONTENTS
  7 .data         00000b78  200000c0  10008d68  0000a0c0  2**4
                  CONTENTS, ALLOC, LOAD, READONLY, CODE
  8 .tdata        00000000  20000c38  20000c38  0000ac38  2**0
                  CONTENTS, ALLOC, LOAD, DATA, THREAD_LOCAL
  9 .tbss         00000000  20000c38  20000c38  00000000  2**0
                  ALLOC, THREAD_LOCAL
 10 .tbss_space   00000000  20000c38  20000c38  0000ac38  2**0
                  CONTENTS
 11 .bss          00000468  20000c38  100098e0  0000ac38  2**3
                  ALLOC
 12 .tls0         00000000  200010a0  200010a0  0000ac38  2**0
                  CONTENTS
 13 .tls1         00000000  200010a0  200010a0  0000ac38  2**0
                  CONTENTS
 14 .persistent_data 00000000  200010a0  200010a0  0000ac38  2**0
                  CONTENTS
 15 .dummy_pre_heap 00000000  200010a0  200010a0  0000ac38  2**0
                  CONTENTS
 16 .heap         00000800  200010a0  200010a0  0000b000  2**2
                  ALLOC, READONLY
 17 .scratch_x    00000000  20040000  20040000  0000ac38  2**0
                  CONTENTS
 18 .scratch_y    00000000  20041000  20041000  0000ac38  2**0
                  CONTENTS
 19 .stack_dummy  00000800  20041000  20041000  0000b000  2**5
                  ALLOC, READONLY
 20 .debug_info   0002ea48  00000000  00000000  0000ac38  2**0
                  CONTENTS, READONLY, DEBUGGING, OCTETS
 21 .debug_abbrev 00007850  00000000  00000000  00039680  2**0
                  CONTENTS, READONLY, DEBUGGING, OCTETS
 22 .debug_loc    000269f0  00000000  00000000  00040ed0  2**0
                  CONTENTS, READONLY, DEBUGGING, OCTETS
 23 .debug_aranges 00001100  00000000  00000000  000678c0  2**3
                  CONTENTS, READONLY, DEBUGGING, OCTETS
 24 .debug_ranges 0000df60  00000000  00000000  000689c0  2**3
                  CONTENTS, READONLY, DEBUGGING, OCTETS
 25 .debug_line   0001d905  00000000  00000000  00076920  2**0
                  CONTENTS, READONLY, DEBUGGING, OCTETS
 26 .debug_str    000064c1  00000000  00000000  00094225  2**0
                  CONTENTS, READONLY, DEBUGGING, OCTETS
 27 .comment      00000033  00000000  00000000  0009a6e6  2**0
                  CONTENTS, READONLY
 28 .ARM.attributes 0000002a  00000000  00000000  0009a719  2**0
                  CONTENTS, READONLY
 29 .debug_frame  0000222c  00000000  00000000  0009a744  2**2
                  CONTENTS, READONLY, DEBUGGING, OCTETS

/home/dabom_user/dabom_capstone/raspberry/pico_w_sdk/build/pico_motor_controller.elf:     file format elf32-littlearm


Disassembly of section .boot2:

10000000 <__boot2_start__>:
10000000:	4b32b500 	.word	0x4b32b500
10000004:	60582021 	.word	0x60582021
10000008:	21026898 	.word	0x21026898
1000000c:	60984388 	.word	0x60984388
10000010:	611860d8 	.word	0x611860d8
10000014:	4b2e6158 	.word	0x4b2e6158
10000018:	60992100 	.word	0x60992100
1000001c:	61592102 	.word	0x61592102
10000020:	22f02101 	.word	0x22f02101
10000024:	492b5099 	.word	0x492b5099
10000028:	21016019 	.word	0x21016019
1000002c:	20356099 	.word	0x20356099
10000030:	f844f000 	.word	0xf844f000
10000034:	42902202 	.word	0x42902202
10000038:	2106d014 	.word	0x2106d014
1000003c:	f0006619 	.word	0xf0006619
10000040:	6e19f834 	.word	0x6e19f834
10000044:	66192101 	.word	0x66192101
10000048:	66182000 	.word	0x66182000
1000004c:	f000661a 	.word	0xf000661a
10000050:	6e19f82c 	.word	0x6e19f82c
10000054:	6e196e19 	.word	0x6e196e19
10000058:	f0002005 	.word	0xf0002005
1000005c:	2101f82f 	.word	0x2101f82f
10000060:	d1f94208 	.word	0xd1f94208
10000064:	60992100 	.word	0x60992100
10000068:	6019491b 	.word	0x6019491b
1000006c:	60592100 	.word	0x60592100
10000070:	481b491a 	.word	0x481b491a
10000074:	21016001 	.word	0x21016001
10000078:	21eb6099 	.word	0x21eb6099
1000007c:	21a06619 	.word	0x21a06619
10000080:	f0006619 	.word	0xf0006619
10000084:	2100f812 	.word	0x2100f812
10000088:	49166099 	.word	0x49166099
1000008c:	60014814 	.word	0x60014814
10000090:	60992101 	.word	0x60992101
10000094:	2800bc01 	.word	0x2800bc01
10000098:	4700d000 	.word	0x4700d000
1000009c:	49134812 	.word	0x49134812
100000a0:	c8036008 	.word	0xc8036008
100000a4:	8808f380 	.word	0x8808f380
100000a8:	b5034708 	.word	0xb5034708
100000ac:	20046a99 	.word	0x20046a99
100000b0:	d0fb4201 	.word	0xd0fb4201
100000b4:	42012001 	.word	0x42012001
100000b8:	bd03d1f8 	.word	0xbd03d1f8
100000bc:	6618b502 	.word	0x6618b502
100000c0:	f7ff6618 	.word	0xf7ff6618
100000c4:	6e18fff2 	.word	0x6e18fff2
100000c8:	bd026e18 	.word	0xbd026e18
100000cc:	40020000 	.word	0x40020000
100000d0:	18000000 	.word	0x18000000
100000d4:	00070000 	.word	0x00070000
100000d8:	005f0300 	.word	0x005f0300
100000dc:	00002221 	.word	0x00002221
100000e0:	180000f4 	.word	0x180000f4
100000e4:	a0002022 	.word	0xa0002022
100000e8:	10000100 	.word	0x10000100
100000ec:	e000ed08 	.word	0xe000ed08
	...
100000fc:	7a4eb274 	.word	0x7a4eb274

Disassembly of section .text:

10000100 <__VECTOR_TABLE>:
10000100:	20042000 	.word	0x20042000
10000104:	100001f7 	.word	0x100001f7
10000108:	100001cb 	.word	0x100001cb
1000010c:	100001cd 	.word	0x100001cd
10000110:	100001c9 	.word	0x100001c9
10000114:	100001c9 	.word	0x100001c9
10000118:	100001c9 	.word	0x100001c9
1000011c:	100001c9 	.word	0x100001c9
10000120:	100001c9 	.word	0x100001c9
10000124:	100001c9 	.word	0x100001c9
10000128:	100001c9 	.word	0x100001c9
1000012c:	100001cf 	.word	0x100001cf
10000130:	100001c9 	.word	0x100001c9
10000134:	100001c9 	.word	0x100001c9
10000138:	100001d1 	.word	0x100001d1
1000013c:	100001d3 	.word	0x100001d3
10000140:	100001c1 	.word	0x100001c1
10000144:	100001c1 	.word	0x100001c1
10000148:	100001c1 	.word	0x100001c1
1000014c:	100001c1 	.word	0x100001c1
10000150:	100001c1 	.word	0x100001c1
10000154:	100001c1 	.word	0x100001c1
10000158:	100001c1 	.word	0x100001c1
1000015c:	100001c1 	.word	0x100001c1
10000160:	100001c1 	.word	0x100001c1
10000164:	100001c1 	.word	0x100001c1
10000168:	100001c1 	.word	0x100001c1
1000016c:	100001c1 	.word	0x100001c1
10000170:	100001c1 	.word	0x100001c1
10000174:	100001c1 	.word	0x100001c1
10000178:	100001c1 	.word	0x100001c1
1000017c:	100001c1 	.word	0x100001c1
10000180:	100001c1 	.word	0x100001c1
10000184:	100001c1 	.word	0x100001c1
10000188:	100001c1 	.word	0x100001c1
1000018c:	100001c1 	.word	0x100001c1
10000190:	100001c1 	.word	0x100001c1
10000194:	100001c1 	.word	0x100001c1
10000198:	100001c1 	.word	0x100001c1
1000019c:	100001c1 	.word	0x100001c1
100001a0:	100001c1 	.word	0x100001c1
100001a4:	100001c1 	.word	0x100001c1
100001a8:	100001c1 	.word	0x100001c1
100001ac:	100001c1 	.word	0x100001c1
100001b0:	100001c1 	.word	0x100001c1
100001b4:	100001c1 	.word	0x100001c1
100001b8:	100001c1 	.word	0x100001c1
100001bc:	100001c1 	.word	0x100001c1

100001c0 <__unhandled_user_irq>:
100001c0:	f3ef 8005 	mrs	r0, IPSR
100001c4:	3810      	subs	r0, #16

100001c6 <unhandled_user_irq_num_in_r0>:
100001c6:	be00      	bkpt	0x0000

100001c8 <isr_invalid>:
100001c8:	be00      	bkpt	0x0000

100001ca <isr_nmi>:
100001ca:	be00      	bkpt	0x0000

100001cc <isr_hardfault>:
100001cc:	be00      	bkpt	0x0000

100001ce <isr_svcall>:
100001ce:	be00      	bkpt	0x0000

100001d0 <isr_pendsv>:
100001d0:	be00      	bkpt	0x0000

100001d2 <isr_systick>:
100001d2:	be00      	bkpt	0x0000

100001d4 <__default_isrs_end>:
100001d4:	7188ebf2 	.word	0x7188ebf2
100001d8:	10008d4c 	.word	0x10008d4c
100001dc:	10008d68 	.word	0x10008d68
100001e0:	10000238 	.word	0x10000238
100001e4:	e71aa390 	.word	0xe71aa390

100001e8 <_entry_point>:
100001e8:	2000      	movs	r0, #0

100001ea <_enter_vtable_in_r0>:
100001ea:	491e      	ldr	r1, [pc, #120]	; (10000264 <data_cpy_table+0x2c>)
100001ec:	6008      	str	r0, [r1, #0]
100001ee:	c806      	ldmia	r0!, {r1, r2}
100001f0:	f381 8808 	msr	MSP, r1
100001f4:	4710      	bx	r2

100001f6 <_reset_handler>:
100001f6:	481c      	ldr	r0, [pc, #112]	; (10000268 <data_cpy_table+0x30>)
100001f8:	6800      	ldr	r0, [r0, #0]
100001fa:	2800      	cmp	r0, #0
100001fc:	d001      	beq.n	10000202 <hold_non_core0_in_bootrom+0x4>

100001fe <hold_non_core0_in_bootrom>:
100001fe:	2000      	movs	r0, #0
10000200:	e7f3      	b.n	100001ea <_enter_vtable_in_r0>
10000202:	a40d      	add	r4, pc, #52	; (adr r4, 10000238 <data_cpy_table>)
10000204:	cc0e      	ldmia	r4!, {r1, r2, r3}
10000206:	2900      	cmp	r1, #0
10000208:	d002      	beq.n	10000210 <hold_non_core0_in_bootrom+0x12>
1000020a:	f000 f812 	bl	10000232 <data_cpy>
1000020e:	e7f9      	b.n	10000204 <hold_non_core0_in_bootrom+0x6>
10000210:	4916      	ldr	r1, [pc, #88]	; (1000026c <data_cpy_table+0x34>)
10000212:	4a17      	ldr	r2, [pc, #92]	; (10000270 <data_cpy_table+0x38>)
10000214:	2000      	movs	r0, #0
10000216:	e000      	b.n	1000021a <bss_fill_test>

10000218 <bss_fill_loop>:
10000218:	c101      	stmia	r1!, {r0}

1000021a <bss_fill_test>:
1000021a:	4291      	cmp	r1, r2
1000021c:	d1fc      	bne.n	10000218 <bss_fill_loop>

1000021e <platform_entry>:
1000021e:	4915      	ldr	r1, [pc, #84]	; (10000274 <data_cpy_table+0x3c>)
10000220:	4788      	blx	r1
10000222:	4915      	ldr	r1, [pc, #84]	; (10000278 <data_cpy_table+0x40>)
10000224:	4788      	blx	r1
10000226:	4915      	ldr	r1, [pc, #84]	; (1000027c <data_cpy_table+0x44>)
10000228:	4788      	blx	r1
1000022a:	be00      	bkpt	0x0000
1000022c:	e7fd      	b.n	1000022a <platform_entry+0xc>

1000022e <data_cpy_loop>:
1000022e:	c901      	ldmia	r1!, {r0}
10000230:	c201      	stmia	r2!, {r0}

10000232 <data_cpy>:
10000232:	429a      	cmp	r2, r3
10000234:	d3fb      	bcc.n	1000022e <data_cpy_loop>

10000236 <data_cpy_done>:
10000236:	4770      	bx	lr

10000238 <data_cpy_table>:
10000238:	10008d68 	.word	0x10008d68
1000023c:	200000c0 	.word	0x200000c0
10000240:	20000c38 	.word	0x20000c38
10000244:	100098e0 	.word	0x100098e0
10000248:	20040000 	.word	0x20040000
1000024c:	20040000 	.word	0x20040000
10000250:	100098e0 	.word	0x100098e0
10000254:	20041000 	.word	0x20041000
10000258:	20041000 	.word	0x20041000
1000025c:	00000000 	.word	0x00000000
10000260:	4770      	bx	lr
10000262:	0000      	.short	0x0000
10000264:	e000ed08 	.word	0xe000ed08
10000268:	d0000000 	.word	0xd0000000
1000026c:	20000c38 	.word	0x20000c38
10000270:	200010a0 	.word	0x200010a0
10000274:	10005019 	.word	0x10005019
10000278:	10000479 	.word	0x10000479
1000027c:	10004fdd 	.word	0x10004fdd

10000280 <motor_set_signed_speed>:
10000280:	b570      	push	{r4, r5, r6, lr}
10000282:	1c0d      	adds	r5, r1, #0
10000284:	0006      	movs	r6, r0
10000286:	492a      	ldr	r1, [pc, #168]	; (10000330 <motor_set_signed_speed+0xb0>)
10000288:	1c28      	adds	r0, r5, #0
1000028a:	f003 faeb 	bl	10003864 <__wrap___aeabi_fcmplt>
1000028e:	2800      	cmp	r0, #0
10000290:	d13d      	bne.n	1000030e <motor_set_signed_speed+0x8e>
10000292:	21fe      	movs	r1, #254	; 0xfe
10000294:	1c28      	adds	r0, r5, #0
10000296:	0589      	lsls	r1, r1, #22
10000298:	f003 fafa 	bl	10003890 <__wrap___aeabi_fcmpgt>
1000029c:	6874      	ldr	r4, [r6, #4]
1000029e:	2800      	cmp	r0, #0
100002a0:	d132      	bne.n	10000308 <motor_set_signed_speed+0x88>
100002a2:	2100      	movs	r1, #0
100002a4:	1c28      	adds	r0, r5, #0
100002a6:	f003 faeb 	bl	10003880 <__wrap___aeabi_fcmpge>
100002aa:	2800      	cmp	r0, #0
100002ac:	d031      	beq.n	10000312 <motor_set_signed_speed+0x92>
100002ae:	2301      	movs	r3, #1
100002b0:	7c32      	ldrb	r2, [r6, #16]
100002b2:	40a3      	lsls	r3, r4
100002b4:	2a00      	cmp	r2, #0
100002b6:	d033      	beq.n	10000320 <motor_set_signed_speed+0xa0>
100002b8:	22d0      	movs	r2, #208	; 0xd0
100002ba:	0612      	lsls	r2, r2, #24
100002bc:	6153      	str	r3, [r2, #20]
100002be:	2100      	movs	r1, #0
100002c0:	1c28      	adds	r0, r5, #0
100002c2:	f003 facf 	bl	10003864 <__wrap___aeabi_fcmplt>
100002c6:	2800      	cmp	r0, #0
100002c8:	d003      	beq.n	100002d2 <motor_set_signed_speed+0x52>
100002ca:	2380      	movs	r3, #128	; 0x80
100002cc:	061b      	lsls	r3, r3, #24
100002ce:	469c      	mov	ip, r3
100002d0:	4465      	add	r5, ip
100002d2:	68b3      	ldr	r3, [r6, #8]
100002d4:	4917      	ldr	r1, [pc, #92]	; (10000334 <motor_set_signed_speed+0xb4>)
100002d6:	009c      	lsls	r4, r3, #2
100002d8:	18e4      	adds	r4, r4, r3
100002da:	4b17      	ldr	r3, [pc, #92]	; (10000338 <motor_set_signed_speed+0xb8>)
100002dc:	00a4      	lsls	r4, r4, #2
100002de:	469c      	mov	ip, r3
100002e0:	1c28      	adds	r0, r5, #0
100002e2:	4464      	add	r4, ip
100002e4:	f003 fa8f 	bl	10003806 <__wrap___aeabi_fmul>
100002e8:	f003 fb0a 	bl	10003900 <__wrap___aeabi_f2uiz>
100002ec:	68f3      	ldr	r3, [r6, #12]
100002ee:	b280      	uxth	r0, r0
100002f0:	2b00      	cmp	r3, #0
100002f2:	d119      	bne.n	10000328 <motor_set_signed_speed+0xa8>
100002f4:	4b11      	ldr	r3, [pc, #68]	; (1000033c <motor_set_signed_speed+0xbc>)
100002f6:	6822      	ldr	r2, [r4, #0]
100002f8:	4050      	eors	r0, r2
100002fa:	2280      	movs	r2, #128	; 0x80
100002fc:	0152      	lsls	r2, r2, #5
100002fe:	4694      	mov	ip, r2
10000300:	4003      	ands	r3, r0
10000302:	4464      	add	r4, ip
10000304:	6023      	str	r3, [r4, #0]
10000306:	bd70      	pop	{r4, r5, r6, pc}
10000308:	25fe      	movs	r5, #254	; 0xfe
1000030a:	05ad      	lsls	r5, r5, #22
1000030c:	e7cf      	b.n	100002ae <motor_set_signed_speed+0x2e>
1000030e:	6874      	ldr	r4, [r6, #4]
10000310:	4d07      	ldr	r5, [pc, #28]	; (10000330 <motor_set_signed_speed+0xb0>)
10000312:	2301      	movs	r3, #1
10000314:	7c32      	ldrb	r2, [r6, #16]
10000316:	405a      	eors	r2, r3
10000318:	2301      	movs	r3, #1
1000031a:	40a3      	lsls	r3, r4
1000031c:	2a00      	cmp	r2, #0
1000031e:	d1cb      	bne.n	100002b8 <motor_set_signed_speed+0x38>
10000320:	22d0      	movs	r2, #208	; 0xd0
10000322:	0612      	lsls	r2, r2, #24
10000324:	6193      	str	r3, [r2, #24]
10000326:	e7ca      	b.n	100002be <motor_set_signed_speed+0x3e>
10000328:	4b05      	ldr	r3, [pc, #20]	; (10000340 <motor_set_signed_speed+0xc0>)
1000032a:	0400      	lsls	r0, r0, #16
1000032c:	e7e3      	b.n	100002f6 <motor_set_signed_speed+0x76>
1000032e:	46c0      	nop			; (mov r8, r8)
10000330:	bf800000 	.word	0xbf800000
10000334:	4479c000 	.word	0x4479c000
10000338:	4005000c 	.word	0x4005000c
1000033c:	0000ffff 	.word	0x0000ffff
10000340:	ffff0000 	.word	0xffff0000

10000344 <encoder_gpio_callback>:
10000344:	1f83      	subs	r3, r0, #6
10000346:	b530      	push	{r4, r5, lr}
10000348:	2b01      	cmp	r3, #1
1000034a:	d91c      	bls.n	10000386 <encoder_gpio_callback+0x42>
1000034c:	3808      	subs	r0, #8
1000034e:	2801      	cmp	r0, #1
10000350:	d818      	bhi.n	10000384 <encoder_gpio_callback+0x40>
10000352:	23d0      	movs	r3, #208	; 0xd0
10000354:	2101      	movs	r1, #1
10000356:	061b      	lsls	r3, r3, #24
10000358:	685a      	ldr	r2, [r3, #4]
1000035a:	6858      	ldr	r0, [r3, #4]
1000035c:	0a12      	lsrs	r2, r2, #8
1000035e:	400a      	ands	r2, r1
10000360:	0053      	lsls	r3, r2, #1
10000362:	001a      	movs	r2, r3
10000364:	0a40      	lsrs	r0, r0, #9
10000366:	4001      	ands	r1, r0
10000368:	430a      	orrs	r2, r1
1000036a:	0013      	movs	r3, r2
1000036c:	480e      	ldr	r0, [pc, #56]	; (100003a8 <encoder_gpio_callback+0x64>)
1000036e:	4c0f      	ldr	r4, [pc, #60]	; (100003ac <encoder_gpio_callback+0x68>)
10000370:	7801      	ldrb	r1, [r0, #0]
10000372:	0089      	lsls	r1, r1, #2
10000374:	430a      	orrs	r2, r1
10000376:	490e      	ldr	r1, [pc, #56]	; (100003b0 <encoder_gpio_callback+0x6c>)
10000378:	b2d2      	uxtb	r2, r2
1000037a:	6825      	ldr	r5, [r4, #0]
1000037c:	568a      	ldrsb	r2, [r1, r2]
1000037e:	1952      	adds	r2, r2, r5
10000380:	6022      	str	r2, [r4, #0]
10000382:	7003      	strb	r3, [r0, #0]
10000384:	bd30      	pop	{r4, r5, pc}
10000386:	23d0      	movs	r3, #208	; 0xd0
10000388:	2101      	movs	r1, #1
1000038a:	061b      	lsls	r3, r3, #24
1000038c:	685a      	ldr	r2, [r3, #4]
1000038e:	6858      	ldr	r0, [r3, #4]
10000390:	0992      	lsrs	r2, r2, #6
10000392:	400a      	ands	r2, r1
10000394:	0053      	lsls	r3, r2, #1
10000396:	001a      	movs	r2, r3
10000398:	09c0      	lsrs	r0, r0, #7
1000039a:	4001      	ands	r1, r0
1000039c:	4805      	ldr	r0, [pc, #20]	; (100003b4 <encoder_gpio_callback+0x70>)
1000039e:	430a      	orrs	r2, r1
100003a0:	0013      	movs	r3, r2
100003a2:	7801      	ldrb	r1, [r0, #0]
100003a4:	4c04      	ldr	r4, [pc, #16]	; (100003b8 <encoder_gpio_callback+0x74>)
100003a6:	e7e4      	b.n	10000372 <encoder_gpio_callback+0x2e>
100003a8:	2000109c 	.word	0x2000109c
100003ac:	20000f74 	.word	0x20000f74
100003b0:	100084b8 	.word	0x100084b8
100003b4:	2000109b 	.word	0x2000109b
100003b8:	20000f44 	.word	0x20000f44

100003bc <motor_channel_init.constprop.0>:
100003bc:	b5f0      	push	{r4, r5, r6, r7, lr}
100003be:	46c6      	mov	lr, r8
100003c0:	2600      	movs	r6, #0
100003c2:	b500      	push	{lr}
100003c4:	0005      	movs	r5, r0
100003c6:	7406      	strb	r6, [r0, #16]
100003c8:	6001      	str	r1, [r0, #0]
100003ca:	6042      	str	r2, [r0, #4]
100003cc:	0010      	movs	r0, r2
100003ce:	0017      	movs	r7, r2
100003d0:	000c      	movs	r4, r1
100003d2:	f001 fb39 	bl	10001a48 <gpio_init>
100003d6:	2301      	movs	r3, #1
100003d8:	001a      	movs	r2, r3
100003da:	4698      	mov	r8, r3
100003dc:	23d0      	movs	r3, #208	; 0xd0
100003de:	40ba      	lsls	r2, r7
100003e0:	061b      	lsls	r3, r3, #24
100003e2:	625a      	str	r2, [r3, #36]	; 0x24
100003e4:	2104      	movs	r1, #4
100003e6:	619a      	str	r2, [r3, #24]
100003e8:	0020      	movs	r0, r4
100003ea:	0864      	lsrs	r4, r4, #1
100003ec:	f001 fa54 	bl	10001898 <gpio_set_function>
100003f0:	60ee      	str	r6, [r5, #12]
100003f2:	60ac      	str	r4, [r5, #8]
100003f4:	2005      	movs	r0, #5
100003f6:	f002 fc1f 	bl	10002c38 <clock_get_hz>
100003fa:	f003 fa5a 	bl	100038b2 <__wrap___aeabi_ui2f>
100003fe:	4917      	ldr	r1, [pc, #92]	; (1000045c <motor_channel_init.constprop.0+0xa0>)
10000400:	f003 f9ed 	bl	100037de <__wrap___aeabi_fdiv>
10000404:	21f4      	movs	r1, #244	; 0xf4
10000406:	0589      	lsls	r1, r1, #22
10000408:	f003 f9e6 	bl	100037d8 <__wrap___aeabi_fadd>
1000040c:	2183      	movs	r1, #131	; 0x83
1000040e:	05c9      	lsls	r1, r1, #23
10000410:	f003 f9f9 	bl	10003806 <__wrap___aeabi_fmul>
10000414:	f003 fa74 	bl	10003900 <__wrap___aeabi_f2uiz>
10000418:	68ab      	ldr	r3, [r5, #8]
1000041a:	4911      	ldr	r1, [pc, #68]	; (10000460 <motor_channel_init.constprop.0+0xa4>)
1000041c:	009a      	lsls	r2, r3, #2
1000041e:	18d2      	adds	r2, r2, r3
10000420:	4b10      	ldr	r3, [pc, #64]	; (10000464 <motor_channel_init.constprop.0+0xa8>)
10000422:	0092      	lsls	r2, r2, #2
10000424:	18d3      	adds	r3, r2, r3
10000426:	601e      	str	r6, [r3, #0]
10000428:	609e      	str	r6, [r3, #8]
1000042a:	60de      	str	r6, [r3, #12]
1000042c:	6119      	str	r1, [r3, #16]
1000042e:	4641      	mov	r1, r8
10000430:	6058      	str	r0, [r3, #4]
10000432:	6019      	str	r1, [r3, #0]
10000434:	4b0c      	ldr	r3, [pc, #48]	; (10000468 <motor_channel_init.constprop.0+0xac>)
10000436:	18d1      	adds	r1, r2, r3
10000438:	68eb      	ldr	r3, [r5, #12]
1000043a:	6809      	ldr	r1, [r1, #0]
1000043c:	1e58      	subs	r0, r3, #1
1000043e:	4183      	sbcs	r3, r0
10000440:	480a      	ldr	r0, [pc, #40]	; (1000046c <motor_channel_init.constprop.0+0xb0>)
10000442:	425b      	negs	r3, r3
10000444:	4003      	ands	r3, r0
10000446:	480a      	ldr	r0, [pc, #40]	; (10000470 <motor_channel_init.constprop.0+0xb4>)
10000448:	4684      	mov	ip, r0
1000044a:	4463      	add	r3, ip
1000044c:	400b      	ands	r3, r1
1000044e:	4909      	ldr	r1, [pc, #36]	; (10000474 <motor_channel_init.constprop.0+0xb8>)
10000450:	468c      	mov	ip, r1
10000452:	4462      	add	r2, ip
10000454:	6013      	str	r3, [r2, #0]
10000456:	bc80      	pop	{r7}
10000458:	46b8      	mov	r8, r7
1000045a:	bdf0      	pop	{r4, r5, r6, r7, pc}
1000045c:	4b989680 	.word	0x4b989680
10000460:	000003e7 	.word	0x000003e7
10000464:	40050000 	.word	0x40050000
10000468:	4005000c 	.word	0x4005000c
1000046c:	fffe0001 	.word	0xfffe0001
10000470:	0000ffff 	.word	0x0000ffff
10000474:	4005100c 	.word	0x4005100c

10000478 <main>:
10000478:	b5f0      	push	{r4, r5, r6, r7, lr}
1000047a:	46de      	mov	lr, fp
1000047c:	4645      	mov	r5, r8
1000047e:	464e      	mov	r6, r9
10000480:	4657      	mov	r7, sl
10000482:	21e1      	movs	r1, #225	; 0xe1
10000484:	b5e0      	push	{r5, r6, r7, lr}
10000486:	0249      	lsls	r1, r1, #9
10000488:	b0c9      	sub	sp, #292	; 0x124
1000048a:	489d      	ldr	r0, [pc, #628]	; (10000700 <main+0x288>)
1000048c:	f002 f9ec 	bl	10002868 <uart_init>
10000490:	2102      	movs	r1, #2
10000492:	2000      	movs	r0, #0
10000494:	f001 fa00 	bl	10001898 <gpio_set_function>
10000498:	2102      	movs	r1, #2
1000049a:	2001      	movs	r0, #1
1000049c:	f001 f9fc 	bl	10001898 <gpio_set_function>
100004a0:	2300      	movs	r3, #0
100004a2:	2201      	movs	r2, #1
100004a4:	2108      	movs	r1, #8
100004a6:	4896      	ldr	r0, [pc, #600]	; (10000700 <main+0x288>)
100004a8:	f002 fa6c 	bl	10002984 <uart_set_format>
100004ac:	2101      	movs	r1, #1
100004ae:	4894      	ldr	r0, [pc, #592]	; (10000700 <main+0x288>)
100004b0:	f002 faa4 	bl	100029fc <uart_set_fifo_enabled>
100004b4:	4b93      	ldr	r3, [pc, #588]	; (10000704 <main+0x28c>)
100004b6:	2203      	movs	r2, #3
100004b8:	0018      	movs	r0, r3
100004ba:	2102      	movs	r1, #2
100004bc:	469b      	mov	fp, r3
100004be:	f7ff ff7d 	bl	100003bc <motor_channel_init.constprop.0>
100004c2:	2205      	movs	r2, #5
100004c4:	2104      	movs	r1, #4
100004c6:	4890      	ldr	r0, [pc, #576]	; (10000708 <main+0x290>)
100004c8:	f7ff ff78 	bl	100003bc <motor_channel_init.constprop.0>
100004cc:	4b8f      	ldr	r3, [pc, #572]	; (1000070c <main+0x294>)
100004ce:	aa28      	add	r2, sp, #160	; 0xa0
100004d0:	cb43      	ldmia	r3!, {r0, r1, r6}
100004d2:	c243      	stmia	r2!, {r0, r1, r6}
100004d4:	681b      	ldr	r3, [r3, #0]
100004d6:	6013      	str	r3, [r2, #0]
100004d8:	ab28      	add	r3, sp, #160	; 0xa0
100004da:	4698      	mov	r8, r3
100004dc:	2301      	movs	r3, #1
100004de:	4699      	mov	r9, r3
100004e0:	23d0      	movs	r3, #208	; 0xd0
100004e2:	061b      	lsls	r3, r3, #24
100004e4:	9404      	str	r4, [sp, #16]
100004e6:	9505      	str	r5, [sp, #20]
100004e8:	469a      	mov	sl, r3
100004ea:	4645      	mov	r5, r8
100004ec:	cd80      	ldmia	r5!, {r7}
100004ee:	0038      	movs	r0, r7
100004f0:	f001 faaa 	bl	10001a48 <gpio_init>
100004f4:	464b      	mov	r3, r9
100004f6:	4652      	mov	r2, sl
100004f8:	40bb      	lsls	r3, r7
100004fa:	2101      	movs	r1, #1
100004fc:	6293      	str	r3, [r2, #40]	; 0x28
100004fe:	0038      	movs	r0, r7
10000500:	2200      	movs	r2, #0
10000502:	f001 f9e3 	bl	100018cc <gpio_set_pulls>
10000506:	ab2c      	add	r3, sp, #176	; 0xb0
10000508:	429d      	cmp	r5, r3
1000050a:	d1ef      	bne.n	100004ec <main+0x74>
1000050c:	9c04      	ldr	r4, [sp, #16]
1000050e:	9d05      	ldr	r5, [sp, #20]
10000510:	4653      	mov	r3, sl
10000512:	685a      	ldr	r2, [r3, #4]
10000514:	6859      	ldr	r1, [r3, #4]
10000516:	464b      	mov	r3, r9
10000518:	2001      	movs	r0, #1
1000051a:	0992      	lsrs	r2, r2, #6
1000051c:	401a      	ands	r2, r3
1000051e:	09c9      	lsrs	r1, r1, #7
10000520:	4b7b      	ldr	r3, [pc, #492]	; (10000710 <main+0x298>)
10000522:	4001      	ands	r1, r0
10000524:	0052      	lsls	r2, r2, #1
10000526:	430a      	orrs	r2, r1
10000528:	701a      	strb	r2, [r3, #0]
1000052a:	4653      	mov	r3, sl
1000052c:	4652      	mov	r2, sl
1000052e:	4649      	mov	r1, r9
10000530:	2700      	movs	r7, #0
10000532:	685b      	ldr	r3, [r3, #4]
10000534:	6852      	ldr	r2, [r2, #4]
10000536:	0a1b      	lsrs	r3, r3, #8
10000538:	400b      	ands	r3, r1
1000053a:	0a52      	lsrs	r2, r2, #9
1000053c:	4010      	ands	r0, r2
1000053e:	005b      	lsls	r3, r3, #1
10000540:	4a74      	ldr	r2, [pc, #464]	; (10000714 <main+0x29c>)
10000542:	4303      	orrs	r3, r0
10000544:	7013      	strb	r3, [r2, #0]
10000546:	210c      	movs	r1, #12
10000548:	4b73      	ldr	r3, [pc, #460]	; (10000718 <main+0x2a0>)
1000054a:	2201      	movs	r2, #1
1000054c:	2006      	movs	r0, #6
1000054e:	f001 f9fd 	bl	1000194c <gpio_set_irq_enabled_with_callback>
10000552:	2201      	movs	r2, #1
10000554:	210c      	movs	r1, #12
10000556:	2007      	movs	r0, #7
10000558:	f001 f9d2 	bl	10001900 <gpio_set_irq_enabled>
1000055c:	2201      	movs	r2, #1
1000055e:	210c      	movs	r1, #12
10000560:	2008      	movs	r0, #8
10000562:	f001 f9cd 	bl	10001900 <gpio_set_irq_enabled>
10000566:	2009      	movs	r0, #9
10000568:	2201      	movs	r2, #1
1000056a:	210c      	movs	r1, #12
1000056c:	f001 f9c8 	bl	10001900 <gpio_set_irq_enabled>
10000570:	4b6a      	ldr	r3, [pc, #424]	; (1000071c <main+0x2a4>)
10000572:	4e6b      	ldr	r6, [pc, #428]	; (10000720 <main+0x2a8>)
10000574:	601f      	str	r7, [r3, #0]
10000576:	4b6b      	ldr	r3, [pc, #428]	; (10000724 <main+0x2ac>)
10000578:	46b0      	mov	r8, r6
1000057a:	601f      	str	r7, [r3, #0]
1000057c:	465b      	mov	r3, fp
1000057e:	689b      	ldr	r3, [r3, #8]
10000580:	4969      	ldr	r1, [pc, #420]	; (10000728 <main+0x2b0>)
10000582:	009a      	lsls	r2, r3, #2
10000584:	18d2      	adds	r2, r2, r3
10000586:	465b      	mov	r3, fp
10000588:	68db      	ldr	r3, [r3, #12]
1000058a:	0092      	lsls	r2, r2, #2
1000058c:	4490      	add	r8, r2
1000058e:	1e58      	subs	r0, r3, #1
10000590:	4183      	sbcs	r3, r0
10000592:	468c      	mov	ip, r1
10000594:	4641      	mov	r1, r8
10000596:	4865      	ldr	r0, [pc, #404]	; (1000072c <main+0x2b4>)
10000598:	425b      	negs	r3, r3
1000059a:	6809      	ldr	r1, [r1, #0]
1000059c:	4003      	ands	r3, r0
1000059e:	4463      	add	r3, ip
100005a0:	400b      	ands	r3, r1
100005a2:	4963      	ldr	r1, [pc, #396]	; (10000730 <main+0x2b8>)
100005a4:	468c      	mov	ip, r1
100005a6:	4462      	add	r2, ip
100005a8:	6013      	str	r3, [r2, #0]
100005aa:	4b57      	ldr	r3, [pc, #348]	; (10000708 <main+0x290>)
100005ac:	689b      	ldr	r3, [r3, #8]
100005ae:	009a      	lsls	r2, r3, #2
100005b0:	18d2      	adds	r2, r2, r3
100005b2:	4b55      	ldr	r3, [pc, #340]	; (10000708 <main+0x290>)
100005b4:	0092      	lsls	r2, r2, #2
100005b6:	68db      	ldr	r3, [r3, #12]
100005b8:	1991      	adds	r1, r2, r6
100005ba:	1e5e      	subs	r6, r3, #1
100005bc:	41b3      	sbcs	r3, r6
100005be:	425b      	negs	r3, r3
100005c0:	4003      	ands	r3, r0
100005c2:	4859      	ldr	r0, [pc, #356]	; (10000728 <main+0x2b0>)
100005c4:	6809      	ldr	r1, [r1, #0]
100005c6:	4684      	mov	ip, r0
100005c8:	4463      	add	r3, ip
100005ca:	400b      	ands	r3, r1
100005cc:	4958      	ldr	r1, [pc, #352]	; (10000730 <main+0x2b8>)
100005ce:	2064      	movs	r0, #100	; 0x64
100005d0:	468c      	mov	ip, r1
100005d2:	4462      	add	r2, ip
100005d4:	6013      	str	r3, [r2, #0]
100005d6:	4b57      	ldr	r3, [pc, #348]	; (10000734 <main+0x2bc>)
100005d8:	260d      	movs	r6, #13
100005da:	701f      	strb	r7, [r3, #0]
100005dc:	f002 f846 	bl	1000266c <sleep_ms>
100005e0:	4b55      	ldr	r3, [pc, #340]	; (10000738 <main+0x2c0>)
100005e2:	9404      	str	r4, [sp, #16]
100005e4:	9505      	str	r5, [sp, #20]
100005e6:	701f      	strb	r7, [r3, #0]
100005e8:	4b54      	ldr	r3, [pc, #336]	; (1000073c <main+0x2c4>)
100005ea:	3752      	adds	r7, #82	; 0x52
100005ec:	2200      	movs	r2, #0
100005ee:	5e9b      	ldrsh	r3, [r3, r2]
100005f0:	003d      	movs	r5, r7
100005f2:	469c      	mov	ip, r3
100005f4:	2100      	movs	r1, #0
100005f6:	2220      	movs	r2, #32
100005f8:	46b0      	mov	r8, r6
100005fa:	4667      	mov	r7, ip
100005fc:	4850      	ldr	r0, [pc, #320]	; (10000740 <main+0x2c8>)
100005fe:	4b40      	ldr	r3, [pc, #256]	; (10000700 <main+0x288>)
10000600:	2900      	cmp	r1, #0
10000602:	d16f      	bne.n	100006e4 <main+0x26c>
10000604:	42af      	cmp	r7, r5
10000606:	d074      	beq.n	100006f2 <main+0x27a>
10000608:	6999      	ldr	r1, [r3, #24]
1000060a:	420a      	tst	r2, r1
1000060c:	d1fc      	bne.n	10000608 <main+0x190>
1000060e:	601d      	str	r5, [r3, #0]
10000610:	7801      	ldrb	r1, [r0, #0]
10000612:	3001      	adds	r0, #1
10000614:	390d      	subs	r1, #13
10000616:	424d      	negs	r5, r1
10000618:	4169      	adcs	r1, r5
1000061a:	7805      	ldrb	r5, [r0, #0]
1000061c:	b2c9      	uxtb	r1, r1
1000061e:	2d00      	cmp	r5, #0
10000620:	d1ee      	bne.n	10000600 <main+0x188>
10000622:	9c04      	ldr	r4, [sp, #16]
10000624:	9d05      	ldr	r5, [sp, #20]
10000626:	2220      	movs	r2, #32
10000628:	4935      	ldr	r1, [pc, #212]	; (10000700 <main+0x288>)
1000062a:	0017      	movs	r7, r2
1000062c:	698b      	ldr	r3, [r1, #24]
1000062e:	401f      	ands	r7, r3
10000630:	421a      	tst	r2, r3
10000632:	d1fa      	bne.n	1000062a <main+0x1b2>
10000634:	230a      	movs	r3, #10
10000636:	600b      	str	r3, [r1, #0]
10000638:	4b42      	ldr	r3, [pc, #264]	; (10000744 <main+0x2cc>)
1000063a:	4698      	mov	r8, r3
1000063c:	4b42      	ldr	r3, [pc, #264]	; (10000748 <main+0x2d0>)
1000063e:	469a      	mov	sl, r3
10000640:	492f      	ldr	r1, [pc, #188]	; (10000700 <main+0x288>)
10000642:	2210      	movs	r2, #16
10000644:	698b      	ldr	r3, [r1, #24]
10000646:	06db      	lsls	r3, r3, #27
10000648:	d417      	bmi.n	1000067a <main+0x202>
1000064a:	0010      	movs	r0, r2
1000064c:	698b      	ldr	r3, [r1, #24]
1000064e:	4018      	ands	r0, r3
10000650:	421a      	tst	r2, r3
10000652:	d1fa      	bne.n	1000064a <main+0x1d2>
10000654:	680b      	ldr	r3, [r1, #0]
10000656:	b2db      	uxtb	r3, r3
10000658:	2b0a      	cmp	r3, #10
1000065a:	d077      	beq.n	1000074c <main+0x2d4>
1000065c:	2b0d      	cmp	r3, #13
1000065e:	d075      	beq.n	1000074c <main+0x2d4>
10000660:	2f7e      	cmp	r7, #126	; 0x7e
10000662:	d900      	bls.n	10000666 <main+0x1ee>
10000664:	e1c0      	b.n	100009e8 <main+0x570>
10000666:	2118      	movs	r1, #24
10000668:	aa02      	add	r2, sp, #8
1000066a:	1852      	adds	r2, r2, r1
1000066c:	4924      	ldr	r1, [pc, #144]	; (10000700 <main+0x288>)
1000066e:	55d3      	strb	r3, [r2, r7]
10000670:	698b      	ldr	r3, [r1, #24]
10000672:	2210      	movs	r2, #16
10000674:	3701      	adds	r7, #1
10000676:	06db      	lsls	r3, r3, #27
10000678:	d5e7      	bpl.n	1000064a <main+0x1d2>
1000067a:	f002 f8b1 	bl	100027e0 <time_us_64>
1000067e:	2900      	cmp	r1, #0
10000680:	d100      	bne.n	10000684 <main+0x20c>
10000682:	e14f      	b.n	10000924 <main+0x4ac>
10000684:	22fa      	movs	r2, #250	; 0xfa
10000686:	2300      	movs	r3, #0
10000688:	0092      	lsls	r2, r2, #2
1000068a:	f002 fd0b 	bl	100030a4 <__wrap___aeabi_uldivmod>
1000068e:	4b29      	ldr	r3, [pc, #164]	; (10000734 <main+0x2bc>)
10000690:	0004      	movs	r4, r0
10000692:	781b      	ldrb	r3, [r3, #0]
10000694:	2500      	movs	r5, #0
10000696:	2b00      	cmp	r3, #0
10000698:	d00f      	beq.n	100006ba <main+0x242>
1000069a:	0002      	movs	r2, r0
1000069c:	4651      	mov	r1, sl
1000069e:	002b      	movs	r3, r5
100006a0:	6808      	ldr	r0, [r1, #0]
100006a2:	6849      	ldr	r1, [r1, #4]
100006a4:	1a12      	subs	r2, r2, r0
100006a6:	418b      	sbcs	r3, r1
100006a8:	0011      	movs	r1, r2
100006aa:	2b00      	cmp	r3, #0
100006ac:	d000      	beq.n	100006b0 <main+0x238>
100006ae:	e250      	b.n	10000b52 <main+0x6da>
100006b0:	23af      	movs	r3, #175	; 0xaf
100006b2:	005b      	lsls	r3, r3, #1
100006b4:	4299      	cmp	r1, r3
100006b6:	d900      	bls.n	100006ba <main+0x242>
100006b8:	e24b      	b.n	10000b52 <main+0x6da>
100006ba:	4b1f      	ldr	r3, [pc, #124]	; (10000738 <main+0x2c0>)
100006bc:	781b      	ldrb	r3, [r3, #0]
100006be:	2b00      	cmp	r3, #0
100006c0:	d00c      	beq.n	100006dc <main+0x264>
100006c2:	4641      	mov	r1, r8
100006c4:	0022      	movs	r2, r4
100006c6:	6808      	ldr	r0, [r1, #0]
100006c8:	6849      	ldr	r1, [r1, #4]
100006ca:	002b      	movs	r3, r5
100006cc:	1a12      	subs	r2, r2, r0
100006ce:	418b      	sbcs	r3, r1
100006d0:	2b00      	cmp	r3, #0
100006d2:	d000      	beq.n	100006d6 <main+0x25e>
100006d4:	e12b      	b.n	1000092e <main+0x4b6>
100006d6:	2a31      	cmp	r2, #49	; 0x31
100006d8:	d900      	bls.n	100006dc <main+0x264>
100006da:	e128      	b.n	1000092e <main+0x4b6>
100006dc:	2001      	movs	r0, #1
100006de:	f001 ffc5 	bl	1000266c <sleep_ms>
100006e2:	e7ad      	b.n	10000640 <main+0x1c8>
100006e4:	6999      	ldr	r1, [r3, #24]
100006e6:	420a      	tst	r2, r1
100006e8:	d091      	beq.n	1000060e <main+0x196>
100006ea:	6999      	ldr	r1, [r3, #24]
100006ec:	420a      	tst	r2, r1
100006ee:	d1f9      	bne.n	100006e4 <main+0x26c>
100006f0:	e78d      	b.n	1000060e <main+0x196>
100006f2:	6999      	ldr	r1, [r3, #24]
100006f4:	420a      	tst	r2, r1
100006f6:	d1fc      	bne.n	100006f2 <main+0x27a>
100006f8:	4641      	mov	r1, r8
100006fa:	6019      	str	r1, [r3, #0]
100006fc:	e784      	b.n	10000608 <main+0x190>
100006fe:	46c0      	nop			; (mov r8, r8)
10000700:	40034000 	.word	0x40034000
10000704:	20000f48 	.word	0x20000f48
10000708:	20000f78 	.word	0x20000f78
1000070c:	100084a8 	.word	0x100084a8
10000710:	2000109b 	.word	0x2000109b
10000714:	2000109c 	.word	0x2000109c
10000718:	10000345 	.word	0x10000345
1000071c:	20000f44 	.word	0x20000f44
10000720:	4005000c 	.word	0x4005000c
10000724:	20000f74 	.word	0x20000f74
10000728:	0000ffff 	.word	0x0000ffff
1000072c:	fffe0001 	.word	0xfffe0001
10000730:	4005100c 	.word	0x4005100c
10000734:	2000109a 	.word	0x2000109a
10000738:	20001098 	.word	0x20001098
1000073c:	20001094 	.word	0x20001094
10000740:	100082c0 	.word	0x100082c0
10000744:	20000db8 	.word	0x20000db8
10000748:	20000dc0 	.word	0x20000dc0
1000074c:	2f00      	cmp	r7, #0
1000074e:	d100      	bne.n	10000752 <main+0x2da>
10000750:	e776      	b.n	10000640 <main+0x1c8>
10000752:	2300      	movs	r3, #0
10000754:	2218      	movs	r2, #24
10000756:	4699      	mov	r9, r3
10000758:	ab02      	add	r3, sp, #8
1000075a:	189b      	adds	r3, r3, r2
1000075c:	464a      	mov	r2, r9
1000075e:	49da      	ldr	r1, [pc, #872]	; (10000ac8 <main+0x650>)
10000760:	55da      	strb	r2, [r3, r7]
10000762:	9207      	str	r2, [sp, #28]
10000764:	a808      	add	r0, sp, #32
10000766:	aa07      	add	r2, sp, #28
10000768:	f006 f9f2 	bl	10006b50 <strtok_r>
1000076c:	1e07      	subs	r7, r0, #0
1000076e:	d100      	bne.n	10000772 <main+0x2fa>
10000770:	e0d6      	b.n	10000920 <main+0x4a8>
10000772:	49d6      	ldr	r1, [pc, #856]	; (10000acc <main+0x654>)
10000774:	f005 f8b0 	bl	100058d8 <strcmp>
10000778:	2800      	cmp	r0, #0
1000077a:	d100      	bne.n	1000077e <main+0x306>
1000077c:	e0a6      	b.n	100008cc <main+0x454>
1000077e:	0038      	movs	r0, r7
10000780:	49d3      	ldr	r1, [pc, #844]	; (10000ad0 <main+0x658>)
10000782:	f005 f8a9 	bl	100058d8 <strcmp>
10000786:	2800      	cmp	r0, #0
10000788:	d100      	bne.n	1000078c <main+0x314>
1000078a:	e24c      	b.n	10000c26 <main+0x7ae>
1000078c:	0038      	movs	r0, r7
1000078e:	49d1      	ldr	r1, [pc, #836]	; (10000ad4 <main+0x65c>)
10000790:	f005 f8a2 	bl	100058d8 <strcmp>
10000794:	2800      	cmp	r0, #0
10000796:	d100      	bne.n	1000079a <main+0x322>
10000798:	e380      	b.n	10000e9c <main+0xa24>
1000079a:	0038      	movs	r0, r7
1000079c:	49ce      	ldr	r1, [pc, #824]	; (10000ad8 <main+0x660>)
1000079e:	f005 f89b 	bl	100058d8 <strcmp>
100007a2:	2800      	cmp	r0, #0
100007a4:	d100      	bne.n	100007a8 <main+0x330>
100007a6:	e3cf      	b.n	10000f48 <main+0xad0>
100007a8:	0038      	movs	r0, r7
100007aa:	49cc      	ldr	r1, [pc, #816]	; (10000adc <main+0x664>)
100007ac:	f005 f894 	bl	100058d8 <strcmp>
100007b0:	2800      	cmp	r0, #0
100007b2:	d100      	bne.n	100007b6 <main+0x33e>
100007b4:	e304      	b.n	10000dc0 <main+0x948>
100007b6:	0038      	movs	r0, r7
100007b8:	49c9      	ldr	r1, [pc, #804]	; (10000ae0 <main+0x668>)
100007ba:	f005 f88d 	bl	100058d8 <strcmp>
100007be:	2800      	cmp	r0, #0
100007c0:	d000      	beq.n	100007c4 <main+0x34c>
100007c2:	e296      	b.n	10000cf2 <main+0x87a>
100007c4:	49c0      	ldr	r1, [pc, #768]	; (10000ac8 <main+0x650>)
100007c6:	aa07      	add	r2, sp, #28
100007c8:	f006 f9c2 	bl	10006b50 <strtok_r>
100007cc:	49be      	ldr	r1, [pc, #760]	; (10000ac8 <main+0x650>)
100007ce:	0007      	movs	r7, r0
100007d0:	aa07      	add	r2, sp, #28
100007d2:	2000      	movs	r0, #0
100007d4:	f006 f9bc 	bl	10006b50 <strtok_r>
100007d8:	2f00      	cmp	r7, #0
100007da:	d101      	bne.n	100007e0 <main+0x368>
100007dc:	f000 fc4f 	bl	1000107e <main+0xc06>
100007e0:	2800      	cmp	r0, #0
100007e2:	d101      	bne.n	100007e8 <main+0x370>
100007e4:	f000 fc4b 	bl	1000107e <main+0xc06>
100007e8:	2300      	movs	r3, #0
100007ea:	a928      	add	r1, sp, #160	; 0xa0
100007ec:	9328      	str	r3, [sp, #160]	; 0xa0
100007ee:	0006      	movs	r6, r0
100007f0:	f006 f91e 	bl	10006a30 <strtof>
100007f4:	9b28      	ldr	r3, [sp, #160]	; 0xa0
100007f6:	4681      	mov	r9, r0
100007f8:	429e      	cmp	r6, r3
100007fa:	d101      	bne.n	10000800 <main+0x388>
100007fc:	f000 fcce 	bl	1000119c <main+0xd24>
10000800:	781b      	ldrb	r3, [r3, #0]
10000802:	2b00      	cmp	r3, #0
10000804:	d001      	beq.n	1000080a <main+0x392>
10000806:	f000 fcc9 	bl	1000119c <main+0xd24>
1000080a:	2100      	movs	r1, #0
1000080c:	f003 f82a 	bl	10003864 <__wrap___aeabi_fcmplt>
10000810:	2800      	cmp	r0, #0
10000812:	d001      	beq.n	10000818 <main+0x3a0>
10000814:	f000 fd56 	bl	100012c4 <main+0xe4c>
10000818:	21fe      	movs	r1, #254	; 0xfe
1000081a:	4648      	mov	r0, r9
1000081c:	0589      	lsls	r1, r1, #22
1000081e:	f003 f837 	bl	10003890 <__wrap___aeabi_fcmpgt>
10000822:	2800      	cmp	r0, #0
10000824:	d001      	beq.n	1000082a <main+0x3b2>
10000826:	f000 fe0d 	bl	10001444 <main+0xfcc>
1000082a:	2100      	movs	r1, #0
1000082c:	4648      	mov	r0, r9
1000082e:	f003 f81f 	bl	10003870 <__wrap___aeabi_fcmple>
10000832:	2800      	cmp	r0, #0
10000834:	d001      	beq.n	1000083a <main+0x3c2>
10000836:	f000 fd45 	bl	100012c4 <main+0xe4c>
1000083a:	0038      	movs	r0, r7
1000083c:	49a9      	ldr	r1, [pc, #676]	; (10000ae4 <main+0x66c>)
1000083e:	f005 f84b 	bl	100058d8 <strcmp>
10000842:	2800      	cmp	r0, #0
10000844:	d101      	bne.n	1000084a <main+0x3d2>
10000846:	f000 fd9e 	bl	10001386 <main+0xf0e>
1000084a:	0038      	movs	r0, r7
1000084c:	49a6      	ldr	r1, [pc, #664]	; (10000ae8 <main+0x670>)
1000084e:	f005 f843 	bl	100058d8 <strcmp>
10000852:	2800      	cmp	r0, #0
10000854:	d101      	bne.n	1000085a <main+0x3e2>
10000856:	f000 fe1a 	bl	1000148e <main+0x1016>
1000085a:	0038      	movs	r0, r7
1000085c:	49a3      	ldr	r1, [pc, #652]	; (10000aec <main+0x674>)
1000085e:	f005 f83b 	bl	100058d8 <strcmp>
10000862:	2800      	cmp	r0, #0
10000864:	d101      	bne.n	1000086a <main+0x3f2>
10000866:	f000 fe1b 	bl	100014a0 <main+0x1028>
1000086a:	0038      	movs	r0, r7
1000086c:	49a0      	ldr	r1, [pc, #640]	; (10000af0 <main+0x678>)
1000086e:	f005 f833 	bl	100058d8 <strcmp>
10000872:	2800      	cmp	r0, #0
10000874:	d101      	bne.n	1000087a <main+0x402>
10000876:	f000 fe19 	bl	100014ac <main+0x1034>
1000087a:	499e      	ldr	r1, [pc, #632]	; (10000af4 <main+0x67c>)
1000087c:	4648      	mov	r0, r9
1000087e:	f002 ffc2 	bl	10003806 <__wrap___aeabi_fmul>
10000882:	499d      	ldr	r1, [pc, #628]	; (10000af8 <main+0x680>)
10000884:	1c06      	adds	r6, r0, #0
10000886:	0038      	movs	r0, r7
10000888:	f005 f826 	bl	100058d8 <strcmp>
1000088c:	2800      	cmp	r0, #0
1000088e:	d101      	bne.n	10000894 <main+0x41c>
10000890:	f000 fe36 	bl	10001500 <main+0x1088>
10000894:	0038      	movs	r0, r7
10000896:	4999      	ldr	r1, [pc, #612]	; (10000afc <main+0x684>)
10000898:	f005 f81e 	bl	100058d8 <strcmp>
1000089c:	2800      	cmp	r0, #0
1000089e:	d101      	bne.n	100008a4 <main+0x42c>
100008a0:	f000 fd72 	bl	10001388 <main+0xf10>
100008a4:	0038      	movs	r0, r7
100008a6:	4996      	ldr	r1, [pc, #600]	; (10000b00 <main+0x688>)
100008a8:	f005 f816 	bl	100058d8 <strcmp>
100008ac:	2800      	cmp	r0, #0
100008ae:	d001      	beq.n	100008b4 <main+0x43c>
100008b0:	f000 fe16 	bl	100014e0 <main+0x1068>
100008b4:	2380      	movs	r3, #128	; 0x80
100008b6:	2280      	movs	r2, #128	; 0x80
100008b8:	061b      	lsls	r3, r3, #24
100008ba:	444b      	add	r3, r9
100008bc:	0612      	lsls	r2, r2, #24
100008be:	4699      	mov	r9, r3
100008c0:	4694      	mov	ip, r2
100008c2:	0033      	movs	r3, r6
100008c4:	4463      	add	r3, ip
100008c6:	1c1e      	adds	r6, r3, #0
100008c8:	f000 fd5e 	bl	10001388 <main+0xf10>
100008cc:	4b8d      	ldr	r3, [pc, #564]	; (10000b04 <main+0x68c>)
100008ce:	260d      	movs	r6, #13
100008d0:	2200      	movs	r2, #0
100008d2:	5e9b      	ldrsh	r3, [r3, r2]
100008d4:	9404      	str	r4, [sp, #16]
100008d6:	9505      	str	r5, [sp, #20]
100008d8:	469c      	mov	ip, r3
100008da:	274f      	movs	r7, #79	; 0x4f
100008dc:	2100      	movs	r1, #0
100008de:	2220      	movs	r2, #32
100008e0:	46b1      	mov	r9, r6
100008e2:	4665      	mov	r5, ip
100008e4:	4888      	ldr	r0, [pc, #544]	; (10000b08 <main+0x690>)
100008e6:	4b89      	ldr	r3, [pc, #548]	; (10000b0c <main+0x694>)
100008e8:	2900      	cmp	r1, #0
100008ea:	d000      	beq.n	100008ee <main+0x476>
100008ec:	e0e3      	b.n	10000ab6 <main+0x63e>
100008ee:	42bd      	cmp	r5, r7
100008f0:	d100      	bne.n	100008f4 <main+0x47c>
100008f2:	e123      	b.n	10000b3c <main+0x6c4>
100008f4:	6999      	ldr	r1, [r3, #24]
100008f6:	420a      	tst	r2, r1
100008f8:	d1fc      	bne.n	100008f4 <main+0x47c>
100008fa:	601f      	str	r7, [r3, #0]
100008fc:	7801      	ldrb	r1, [r0, #0]
100008fe:	3001      	adds	r0, #1
10000900:	390d      	subs	r1, #13
10000902:	424f      	negs	r7, r1
10000904:	4179      	adcs	r1, r7
10000906:	7807      	ldrb	r7, [r0, #0]
10000908:	b2c9      	uxtb	r1, r1
1000090a:	2f00      	cmp	r7, #0
1000090c:	d1ec      	bne.n	100008e8 <main+0x470>
1000090e:	9c04      	ldr	r4, [sp, #16]
10000910:	9d05      	ldr	r5, [sp, #20]
10000912:	2120      	movs	r1, #32
10000914:	4a7d      	ldr	r2, [pc, #500]	; (10000b0c <main+0x694>)
10000916:	6993      	ldr	r3, [r2, #24]
10000918:	4219      	tst	r1, r3
1000091a:	d1fc      	bne.n	10000916 <main+0x49e>
1000091c:	230a      	movs	r3, #10
1000091e:	6013      	str	r3, [r2, #0]
10000920:	2700      	movs	r7, #0
10000922:	e68d      	b.n	10000640 <main+0x1c8>
10000924:	21fa      	movs	r1, #250	; 0xfa
10000926:	0089      	lsls	r1, r1, #2
10000928:	f002 fb7e 	bl	10003028 <__wrap___aeabi_uidiv>
1000092c:	e6af      	b.n	1000068e <main+0x216>
1000092e:	4643      	mov	r3, r8
10000930:	601c      	str	r4, [r3, #0]
10000932:	605d      	str	r5, [r3, #4]
10000934:	4b76      	ldr	r3, [pc, #472]	; (10000b10 <main+0x698>)
10000936:	681b      	ldr	r3, [r3, #0]
10000938:	4699      	mov	r9, r3
1000093a:	4b76      	ldr	r3, [pc, #472]	; (10000b14 <main+0x69c>)
1000093c:	681b      	ldr	r3, [r3, #0]
1000093e:	001e      	movs	r6, r3
10000940:	f001 ff4e 	bl	100027e0 <time_us_64>
10000944:	2900      	cmp	r1, #0
10000946:	d100      	bne.n	1000094a <main+0x4d2>
10000948:	e0fe      	b.n	10000b48 <main+0x6d0>
1000094a:	22fa      	movs	r2, #250	; 0xfa
1000094c:	2300      	movs	r3, #0
1000094e:	0092      	lsls	r2, r2, #2
10000950:	f002 fba8 	bl	100030a4 <__wrap___aeabi_uldivmod>
10000954:	2300      	movs	r3, #0
10000956:	9303      	str	r3, [sp, #12]
10000958:	464b      	mov	r3, r9
1000095a:	4a6f      	ldr	r2, [pc, #444]	; (10000b18 <main+0x6a0>)
1000095c:	9002      	str	r0, [sp, #8]
1000095e:	9300      	str	r3, [sp, #0]
10000960:	2180      	movs	r1, #128	; 0x80
10000962:	4b6e      	ldr	r3, [pc, #440]	; (10000b1c <main+0x6a4>)
10000964:	9601      	str	r6, [sp, #4]
10000966:	a828      	add	r0, sp, #160	; 0xa0
10000968:	f004 face 	bl	10004f08 <__wrap_snprintf>
1000096c:	2298      	movs	r2, #152	; 0x98
1000096e:	ab02      	add	r3, sp, #8
10000970:	189b      	adds	r3, r3, r2
10000972:	781b      	ldrb	r3, [r3, #0]
10000974:	469c      	mov	ip, r3
10000976:	2b00      	cmp	r3, #0
10000978:	d021      	beq.n	100009be <main+0x546>
1000097a:	4b62      	ldr	r3, [pc, #392]	; (10000b04 <main+0x68c>)
1000097c:	9404      	str	r4, [sp, #16]
1000097e:	9505      	str	r5, [sp, #20]
10000980:	2200      	movs	r2, #0
10000982:	5e9b      	ldrsh	r3, [r3, r2]
10000984:	4664      	mov	r4, ip
10000986:	4699      	mov	r9, r3
10000988:	46bc      	mov	ip, r7
1000098a:	2100      	movs	r1, #0
1000098c:	2220      	movs	r2, #32
1000098e:	464d      	mov	r5, r9
10000990:	0027      	movs	r7, r4
10000992:	4b5e      	ldr	r3, [pc, #376]	; (10000b0c <main+0x694>)
10000994:	a828      	add	r0, sp, #160	; 0xa0
10000996:	2900      	cmp	r1, #0
10000998:	d119      	bne.n	100009ce <main+0x556>
1000099a:	42bd      	cmp	r5, r7
1000099c:	d01e      	beq.n	100009dc <main+0x564>
1000099e:	6999      	ldr	r1, [r3, #24]
100009a0:	420a      	tst	r2, r1
100009a2:	d1fc      	bne.n	1000099e <main+0x526>
100009a4:	601f      	str	r7, [r3, #0]
100009a6:	7801      	ldrb	r1, [r0, #0]
100009a8:	3001      	adds	r0, #1
100009aa:	390d      	subs	r1, #13
100009ac:	424f      	negs	r7, r1
100009ae:	4179      	adcs	r1, r7
100009b0:	7807      	ldrb	r7, [r0, #0]
100009b2:	b2c9      	uxtb	r1, r1
100009b4:	2f00      	cmp	r7, #0
100009b6:	d1ee      	bne.n	10000996 <main+0x51e>
100009b8:	9c04      	ldr	r4, [sp, #16]
100009ba:	9d05      	ldr	r5, [sp, #20]
100009bc:	4667      	mov	r7, ip
100009be:	2120      	movs	r1, #32
100009c0:	4a52      	ldr	r2, [pc, #328]	; (10000b0c <main+0x694>)
100009c2:	6993      	ldr	r3, [r2, #24]
100009c4:	4219      	tst	r1, r3
100009c6:	d1fc      	bne.n	100009c2 <main+0x54a>
100009c8:	230a      	movs	r3, #10
100009ca:	6013      	str	r3, [r2, #0]
100009cc:	e686      	b.n	100006dc <main+0x264>
100009ce:	6999      	ldr	r1, [r3, #24]
100009d0:	420a      	tst	r2, r1
100009d2:	d0e7      	beq.n	100009a4 <main+0x52c>
100009d4:	6999      	ldr	r1, [r3, #24]
100009d6:	420a      	tst	r2, r1
100009d8:	d1f9      	bne.n	100009ce <main+0x556>
100009da:	e7e3      	b.n	100009a4 <main+0x52c>
100009dc:	6999      	ldr	r1, [r3, #24]
100009de:	420a      	tst	r2, r1
100009e0:	d1fc      	bne.n	100009dc <main+0x564>
100009e2:	210d      	movs	r1, #13
100009e4:	6019      	str	r1, [r3, #0]
100009e6:	e7da      	b.n	1000099e <main+0x526>
100009e8:	465b      	mov	r3, fp
100009ea:	4659      	mov	r1, fp
100009ec:	689a      	ldr	r2, [r3, #8]
100009ee:	4e4c      	ldr	r6, [pc, #304]	; (10000b20 <main+0x6a8>)
100009f0:	0093      	lsls	r3, r2, #2
100009f2:	189b      	adds	r3, r3, r2
100009f4:	4a4b      	ldr	r2, [pc, #300]	; (10000b24 <main+0x6ac>)
100009f6:	009b      	lsls	r3, r3, #2
100009f8:	189f      	adds	r7, r3, r2
100009fa:	68ca      	ldr	r2, [r1, #12]
100009fc:	46b4      	mov	ip, r6
100009fe:	1e51      	subs	r1, r2, #1
10000a00:	418a      	sbcs	r2, r1
10000a02:	4949      	ldr	r1, [pc, #292]	; (10000b28 <main+0x6b0>)
10000a04:	4e49      	ldr	r6, [pc, #292]	; (10000b2c <main+0x6b4>)
10000a06:	4252      	negs	r2, r2
10000a08:	400a      	ands	r2, r1
10000a0a:	4462      	add	r2, ip
10000a0c:	46b4      	mov	ip, r6
10000a0e:	683f      	ldr	r7, [r7, #0]
10000a10:	4463      	add	r3, ip
10000a12:	403a      	ands	r2, r7
10000a14:	601a      	str	r2, [r3, #0]
10000a16:	4b46      	ldr	r3, [pc, #280]	; (10000b30 <main+0x6b8>)
10000a18:	9404      	str	r4, [sp, #16]
10000a1a:	9505      	str	r5, [sp, #20]
10000a1c:	689b      	ldr	r3, [r3, #8]
10000a1e:	009a      	lsls	r2, r3, #2
10000a20:	18d2      	adds	r2, r2, r3
10000a22:	4b40      	ldr	r3, [pc, #256]	; (10000b24 <main+0x6ac>)
10000a24:	0092      	lsls	r2, r2, #2
10000a26:	18d7      	adds	r7, r2, r3
10000a28:	4b41      	ldr	r3, [pc, #260]	; (10000b30 <main+0x6b8>)
10000a2a:	68db      	ldr	r3, [r3, #12]
10000a2c:	1e5e      	subs	r6, r3, #1
10000a2e:	41b3      	sbcs	r3, r6
10000a30:	425b      	negs	r3, r3
10000a32:	400b      	ands	r3, r1
10000a34:	493a      	ldr	r1, [pc, #232]	; (10000b20 <main+0x6a8>)
10000a36:	260d      	movs	r6, #13
10000a38:	468c      	mov	ip, r1
10000a3a:	6839      	ldr	r1, [r7, #0]
10000a3c:	4463      	add	r3, ip
10000a3e:	400b      	ands	r3, r1
10000a40:	493a      	ldr	r1, [pc, #232]	; (10000b2c <main+0x6b4>)
10000a42:	2745      	movs	r7, #69	; 0x45
10000a44:	468c      	mov	ip, r1
10000a46:	4462      	add	r2, ip
10000a48:	6013      	str	r3, [r2, #0]
10000a4a:	4b3a      	ldr	r3, [pc, #232]	; (10000b34 <main+0x6bc>)
10000a4c:	2100      	movs	r1, #0
10000a4e:	7018      	strb	r0, [r3, #0]
10000a50:	4b2c      	ldr	r3, [pc, #176]	; (10000b04 <main+0x68c>)
10000a52:	46b1      	mov	r9, r6
10000a54:	2200      	movs	r2, #0
10000a56:	5e9b      	ldrsh	r3, [r3, r2]
10000a58:	2220      	movs	r2, #32
10000a5a:	469c      	mov	ip, r3
10000a5c:	4665      	mov	r5, ip
10000a5e:	4836      	ldr	r0, [pc, #216]	; (10000b38 <main+0x6c0>)
10000a60:	4b2a      	ldr	r3, [pc, #168]	; (10000b0c <main+0x694>)
10000a62:	2900      	cmp	r1, #0
10000a64:	d11a      	bne.n	10000a9c <main+0x624>
10000a66:	42bd      	cmp	r5, r7
10000a68:	d01f      	beq.n	10000aaa <main+0x632>
10000a6a:	6999      	ldr	r1, [r3, #24]
10000a6c:	420a      	tst	r2, r1
10000a6e:	d1fc      	bne.n	10000a6a <main+0x5f2>
10000a70:	601f      	str	r7, [r3, #0]
10000a72:	7801      	ldrb	r1, [r0, #0]
10000a74:	3001      	adds	r0, #1
10000a76:	390d      	subs	r1, #13
10000a78:	424f      	negs	r7, r1
10000a7a:	4179      	adcs	r1, r7
10000a7c:	7807      	ldrb	r7, [r0, #0]
10000a7e:	b2c9      	uxtb	r1, r1
10000a80:	2f00      	cmp	r7, #0
10000a82:	d1ee      	bne.n	10000a62 <main+0x5ea>
10000a84:	9c04      	ldr	r4, [sp, #16]
10000a86:	9d05      	ldr	r5, [sp, #20]
10000a88:	2220      	movs	r2, #32
10000a8a:	4920      	ldr	r1, [pc, #128]	; (10000b0c <main+0x694>)
10000a8c:	0017      	movs	r7, r2
10000a8e:	698b      	ldr	r3, [r1, #24]
10000a90:	401f      	ands	r7, r3
10000a92:	421a      	tst	r2, r3
10000a94:	d1fa      	bne.n	10000a8c <main+0x614>
10000a96:	230a      	movs	r3, #10
10000a98:	600b      	str	r3, [r1, #0]
10000a9a:	e5d1      	b.n	10000640 <main+0x1c8>
10000a9c:	6999      	ldr	r1, [r3, #24]
10000a9e:	420a      	tst	r2, r1
10000aa0:	d0e6      	beq.n	10000a70 <main+0x5f8>
10000aa2:	6999      	ldr	r1, [r3, #24]
10000aa4:	420a      	tst	r2, r1
10000aa6:	d1f9      	bne.n	10000a9c <main+0x624>
10000aa8:	e7e2      	b.n	10000a70 <main+0x5f8>
10000aaa:	6999      	ldr	r1, [r3, #24]
10000aac:	420a      	tst	r2, r1
10000aae:	d1fc      	bne.n	10000aaa <main+0x632>
10000ab0:	4649      	mov	r1, r9
10000ab2:	6019      	str	r1, [r3, #0]
10000ab4:	e7d9      	b.n	10000a6a <main+0x5f2>
10000ab6:	6999      	ldr	r1, [r3, #24]
10000ab8:	420a      	tst	r2, r1
10000aba:	d100      	bne.n	10000abe <main+0x646>
10000abc:	e71d      	b.n	100008fa <main+0x482>
10000abe:	6999      	ldr	r1, [r3, #24]
10000ac0:	420a      	tst	r2, r1
10000ac2:	d1f8      	bne.n	10000ab6 <main+0x63e>
10000ac4:	e719      	b.n	100008fa <main+0x482>
10000ac6:	46c0      	nop			; (mov r8, r8)
10000ac8:	100082dc 	.word	0x100082dc
10000acc:	100082e0 	.word	0x100082e0
10000ad0:	100082f0 	.word	0x100082f0
10000ad4:	10008300 	.word	0x10008300
10000ad8:	10008320 	.word	0x10008320
10000adc:	1000833c 	.word	0x1000833c
10000ae0:	10008380 	.word	0x10008380
10000ae4:	100083c4 	.word	0x100083c4
10000ae8:	100083cc 	.word	0x100083cc
10000aec:	100083e0 	.word	0x100083e0
10000af0:	100083f0 	.word	0x100083f0
10000af4:	3eb33333 	.word	0x3eb33333
10000af8:	100083d8 	.word	0x100083d8
10000afc:	100083e8 	.word	0x100083e8
10000b00:	100083f8 	.word	0x100083f8
10000b04:	20001094 	.word	0x20001094
10000b08:	100082e8 	.word	0x100082e8
10000b0c:	40034000 	.word	0x40034000
10000b10:	20000f44 	.word	0x20000f44
10000b14:	20000f74 	.word	0x20000f74
10000b18:	10008310 	.word	0x10008310
10000b1c:	1000849c 	.word	0x1000849c
10000b20:	0000ffff 	.word	0x0000ffff
10000b24:	4005000c 	.word	0x4005000c
10000b28:	fffe0001 	.word	0xfffe0001
10000b2c:	4005100c 	.word	0x4005100c
10000b30:	20000f78 	.word	0x20000f78
10000b34:	2000109a 	.word	0x2000109a
10000b38:	1000846c 	.word	0x1000846c
10000b3c:	6999      	ldr	r1, [r3, #24]
10000b3e:	420a      	tst	r2, r1
10000b40:	d1fc      	bne.n	10000b3c <main+0x6c4>
10000b42:	4649      	mov	r1, r9
10000b44:	6019      	str	r1, [r3, #0]
10000b46:	e6d5      	b.n	100008f4 <main+0x47c>
10000b48:	21fa      	movs	r1, #250	; 0xfa
10000b4a:	0089      	lsls	r1, r1, #2
10000b4c:	f002 fa6c 	bl	10003028 <__wrap___aeabi_uidiv>
10000b50:	e700      	b.n	10000954 <main+0x4dc>
10000b52:	465b      	mov	r3, fp
10000b54:	689a      	ldr	r2, [r3, #8]
10000b56:	4ec2      	ldr	r6, [pc, #776]	; (10000e60 <main+0x9e8>)
10000b58:	0093      	lsls	r3, r2, #2
10000b5a:	189b      	adds	r3, r3, r2
10000b5c:	465a      	mov	r2, fp
10000b5e:	68d2      	ldr	r2, [r2, #12]
10000b60:	009b      	lsls	r3, r3, #2
10000b62:	1e51      	subs	r1, r2, #1
10000b64:	418a      	sbcs	r2, r1
10000b66:	49bf      	ldr	r1, [pc, #764]	; (10000e64 <main+0x9ec>)
10000b68:	4252      	negs	r2, r2
10000b6a:	4689      	mov	r9, r1
10000b6c:	400a      	ands	r2, r1
10000b6e:	49be      	ldr	r1, [pc, #760]	; (10000e68 <main+0x9f0>)
10000b70:	1998      	adds	r0, r3, r6
10000b72:	468c      	mov	ip, r1
10000b74:	49bd      	ldr	r1, [pc, #756]	; (10000e6c <main+0x9f4>)
10000b76:	4462      	add	r2, ip
10000b78:	468c      	mov	ip, r1
10000b7a:	6800      	ldr	r0, [r0, #0]
10000b7c:	4463      	add	r3, ip
10000b7e:	4002      	ands	r2, r0
10000b80:	601a      	str	r2, [r3, #0]
10000b82:	4bbb      	ldr	r3, [pc, #748]	; (10000e70 <main+0x9f8>)
10000b84:	9404      	str	r4, [sp, #16]
10000b86:	9505      	str	r5, [sp, #20]
10000b88:	689b      	ldr	r3, [r3, #8]
10000b8a:	009a      	lsls	r2, r3, #2
10000b8c:	18d2      	adds	r2, r2, r3
10000b8e:	4bb8      	ldr	r3, [pc, #736]	; (10000e70 <main+0x9f8>)
10000b90:	0092      	lsls	r2, r2, #2
10000b92:	68db      	ldr	r3, [r3, #12]
10000b94:	1990      	adds	r0, r2, r6
10000b96:	1e59      	subs	r1, r3, #1
10000b98:	418b      	sbcs	r3, r1
10000b9a:	4649      	mov	r1, r9
10000b9c:	425b      	negs	r3, r3
10000b9e:	400b      	ands	r3, r1
10000ba0:	49b1      	ldr	r1, [pc, #708]	; (10000e68 <main+0x9f0>)
10000ba2:	468c      	mov	ip, r1
10000ba4:	6801      	ldr	r1, [r0, #0]
10000ba6:	4463      	add	r3, ip
10000ba8:	400b      	ands	r3, r1
10000baa:	49b0      	ldr	r1, [pc, #704]	; (10000e6c <main+0x9f4>)
10000bac:	48b1      	ldr	r0, [pc, #708]	; (10000e74 <main+0x9fc>)
10000bae:	468c      	mov	ip, r1
10000bb0:	4462      	add	r2, ip
10000bb2:	6013      	str	r3, [r2, #0]
10000bb4:	2300      	movs	r3, #0
10000bb6:	4ab0      	ldr	r2, [pc, #704]	; (10000e78 <main+0xa00>)
10000bb8:	2100      	movs	r1, #0
10000bba:	7013      	strb	r3, [r2, #0]
10000bbc:	4baf      	ldr	r3, [pc, #700]	; (10000e7c <main+0xa04>)
10000bbe:	2200      	movs	r2, #0
10000bc0:	5e9b      	ldrsh	r3, [r3, r2]
10000bc2:	2220      	movs	r2, #32
10000bc4:	4699      	mov	r9, r3
10000bc6:	2345      	movs	r3, #69	; 0x45
10000bc8:	469c      	mov	ip, r3
10000bca:	4664      	mov	r4, ip
10000bcc:	464d      	mov	r5, r9
10000bce:	46bc      	mov	ip, r7
10000bd0:	0027      	movs	r7, r4
10000bd2:	4bab      	ldr	r3, [pc, #684]	; (10000e80 <main+0xa08>)
10000bd4:	2900      	cmp	r1, #0
10000bd6:	d119      	bne.n	10000c0c <main+0x794>
10000bd8:	42bd      	cmp	r5, r7
10000bda:	d01e      	beq.n	10000c1a <main+0x7a2>
10000bdc:	6999      	ldr	r1, [r3, #24]
10000bde:	420a      	tst	r2, r1
10000be0:	d1fc      	bne.n	10000bdc <main+0x764>
10000be2:	601f      	str	r7, [r3, #0]
10000be4:	7801      	ldrb	r1, [r0, #0]
10000be6:	3001      	adds	r0, #1
10000be8:	390d      	subs	r1, #13
10000bea:	424f      	negs	r7, r1
10000bec:	4179      	adcs	r1, r7
10000bee:	7807      	ldrb	r7, [r0, #0]
10000bf0:	b2c9      	uxtb	r1, r1
10000bf2:	2f00      	cmp	r7, #0
10000bf4:	d1ee      	bne.n	10000bd4 <main+0x75c>
10000bf6:	9c04      	ldr	r4, [sp, #16]
10000bf8:	9d05      	ldr	r5, [sp, #20]
10000bfa:	4667      	mov	r7, ip
10000bfc:	2120      	movs	r1, #32
10000bfe:	4aa0      	ldr	r2, [pc, #640]	; (10000e80 <main+0xa08>)
10000c00:	6993      	ldr	r3, [r2, #24]
10000c02:	4219      	tst	r1, r3
10000c04:	d1fc      	bne.n	10000c00 <main+0x788>
10000c06:	230a      	movs	r3, #10
10000c08:	6013      	str	r3, [r2, #0]
10000c0a:	e556      	b.n	100006ba <main+0x242>
10000c0c:	6999      	ldr	r1, [r3, #24]
10000c0e:	420a      	tst	r2, r1
10000c10:	d0e7      	beq.n	10000be2 <main+0x76a>
10000c12:	6999      	ldr	r1, [r3, #24]
10000c14:	420a      	tst	r2, r1
10000c16:	d1f9      	bne.n	10000c0c <main+0x794>
10000c18:	e7e3      	b.n	10000be2 <main+0x76a>
10000c1a:	6999      	ldr	r1, [r3, #24]
10000c1c:	420a      	tst	r2, r1
10000c1e:	d1fc      	bne.n	10000c1a <main+0x7a2>
10000c20:	210d      	movs	r1, #13
10000c22:	6019      	str	r1, [r3, #0]
10000c24:	e7da      	b.n	10000bdc <main+0x764>
10000c26:	465b      	mov	r3, fp
10000c28:	689a      	ldr	r2, [r3, #8]
10000c2a:	4e8d      	ldr	r6, [pc, #564]	; (10000e60 <main+0x9e8>)
10000c2c:	0093      	lsls	r3, r2, #2
10000c2e:	189b      	adds	r3, r3, r2
10000c30:	465a      	mov	r2, fp
10000c32:	68d2      	ldr	r2, [r2, #12]
10000c34:	009b      	lsls	r3, r3, #2
10000c36:	1e51      	subs	r1, r2, #1
10000c38:	418a      	sbcs	r2, r1
10000c3a:	498a      	ldr	r1, [pc, #552]	; (10000e64 <main+0x9ec>)
10000c3c:	4252      	negs	r2, r2
10000c3e:	4689      	mov	r9, r1
10000c40:	400a      	ands	r2, r1
10000c42:	4989      	ldr	r1, [pc, #548]	; (10000e68 <main+0x9f0>)
10000c44:	199f      	adds	r7, r3, r6
10000c46:	468c      	mov	ip, r1
10000c48:	4988      	ldr	r1, [pc, #544]	; (10000e6c <main+0x9f4>)
10000c4a:	4462      	add	r2, ip
10000c4c:	468c      	mov	ip, r1
10000c4e:	683f      	ldr	r7, [r7, #0]
10000c50:	4463      	add	r3, ip
10000c52:	403a      	ands	r2, r7
10000c54:	601a      	str	r2, [r3, #0]
10000c56:	4b86      	ldr	r3, [pc, #536]	; (10000e70 <main+0x9f8>)
10000c58:	9404      	str	r4, [sp, #16]
10000c5a:	9505      	str	r5, [sp, #20]
10000c5c:	689b      	ldr	r3, [r3, #8]
10000c5e:	009a      	lsls	r2, r3, #2
10000c60:	18d2      	adds	r2, r2, r3
10000c62:	4b83      	ldr	r3, [pc, #524]	; (10000e70 <main+0x9f8>)
10000c64:	0092      	lsls	r2, r2, #2
10000c66:	68db      	ldr	r3, [r3, #12]
10000c68:	1997      	adds	r7, r2, r6
10000c6a:	1e59      	subs	r1, r3, #1
10000c6c:	418b      	sbcs	r3, r1
10000c6e:	4649      	mov	r1, r9
10000c70:	425b      	negs	r3, r3
10000c72:	400b      	ands	r3, r1
10000c74:	497c      	ldr	r1, [pc, #496]	; (10000e68 <main+0x9f0>)
10000c76:	260d      	movs	r6, #13
10000c78:	468c      	mov	ip, r1
10000c7a:	6839      	ldr	r1, [r7, #0]
10000c7c:	4463      	add	r3, ip
10000c7e:	400b      	ands	r3, r1
10000c80:	497a      	ldr	r1, [pc, #488]	; (10000e6c <main+0x9f4>)
10000c82:	274f      	movs	r7, #79	; 0x4f
10000c84:	468c      	mov	ip, r1
10000c86:	4462      	add	r2, ip
10000c88:	6013      	str	r3, [r2, #0]
10000c8a:	4b7b      	ldr	r3, [pc, #492]	; (10000e78 <main+0xa00>)
10000c8c:	2100      	movs	r1, #0
10000c8e:	7018      	strb	r0, [r3, #0]
10000c90:	4b7a      	ldr	r3, [pc, #488]	; (10000e7c <main+0xa04>)
10000c92:	46b1      	mov	r9, r6
10000c94:	2200      	movs	r2, #0
10000c96:	5e9b      	ldrsh	r3, [r3, r2]
10000c98:	2220      	movs	r2, #32
10000c9a:	469c      	mov	ip, r3
10000c9c:	4665      	mov	r5, ip
10000c9e:	4879      	ldr	r0, [pc, #484]	; (10000e84 <main+0xa0c>)
10000ca0:	4b77      	ldr	r3, [pc, #476]	; (10000e80 <main+0xa08>)
10000ca2:	2900      	cmp	r1, #0
10000ca4:	d118      	bne.n	10000cd8 <main+0x860>
10000ca6:	42bd      	cmp	r5, r7
10000ca8:	d01d      	beq.n	10000ce6 <main+0x86e>
10000caa:	6999      	ldr	r1, [r3, #24]
10000cac:	420a      	tst	r2, r1
10000cae:	d1fc      	bne.n	10000caa <main+0x832>
10000cb0:	601f      	str	r7, [r3, #0]
10000cb2:	7801      	ldrb	r1, [r0, #0]
10000cb4:	3001      	adds	r0, #1
10000cb6:	390d      	subs	r1, #13
10000cb8:	424f      	negs	r7, r1
10000cba:	4179      	adcs	r1, r7
10000cbc:	7807      	ldrb	r7, [r0, #0]
10000cbe:	b2c9      	uxtb	r1, r1
10000cc0:	2f00      	cmp	r7, #0
10000cc2:	d1ee      	bne.n	10000ca2 <main+0x82a>
10000cc4:	9c04      	ldr	r4, [sp, #16]
10000cc6:	9d05      	ldr	r5, [sp, #20]
10000cc8:	2120      	movs	r1, #32
10000cca:	4a6d      	ldr	r2, [pc, #436]	; (10000e80 <main+0xa08>)
10000ccc:	6993      	ldr	r3, [r2, #24]
10000cce:	4219      	tst	r1, r3
10000cd0:	d1fc      	bne.n	10000ccc <main+0x854>
10000cd2:	230a      	movs	r3, #10
10000cd4:	6013      	str	r3, [r2, #0]
10000cd6:	e623      	b.n	10000920 <main+0x4a8>
10000cd8:	6999      	ldr	r1, [r3, #24]
10000cda:	420a      	tst	r2, r1
10000cdc:	d0e8      	beq.n	10000cb0 <main+0x838>
10000cde:	6999      	ldr	r1, [r3, #24]
10000ce0:	420a      	tst	r2, r1
10000ce2:	d1f9      	bne.n	10000cd8 <main+0x860>
10000ce4:	e7e4      	b.n	10000cb0 <main+0x838>
10000ce6:	6999      	ldr	r1, [r3, #24]
10000ce8:	420a      	tst	r2, r1
10000cea:	d1fc      	bne.n	10000ce6 <main+0x86e>
10000cec:	4649      	mov	r1, r9
10000cee:	6019      	str	r1, [r3, #0]
10000cf0:	e7db      	b.n	10000caa <main+0x832>
10000cf2:	465b      	mov	r3, fp
10000cf4:	689a      	ldr	r2, [r3, #8]
10000cf6:	4f5c      	ldr	r7, [pc, #368]	; (10000e68 <main+0x9f0>)
10000cf8:	0093      	lsls	r3, r2, #2
10000cfa:	189b      	adds	r3, r3, r2
10000cfc:	465a      	mov	r2, fp
10000cfe:	68d2      	ldr	r2, [r2, #12]
10000d00:	46bc      	mov	ip, r7
10000d02:	1e51      	subs	r1, r2, #1
10000d04:	418a      	sbcs	r2, r1
10000d06:	4e56      	ldr	r6, [pc, #344]	; (10000e60 <main+0x9e8>)
10000d08:	4956      	ldr	r1, [pc, #344]	; (10000e64 <main+0x9ec>)
10000d0a:	009b      	lsls	r3, r3, #2
10000d0c:	1998      	adds	r0, r3, r6
10000d0e:	4252      	negs	r2, r2
10000d10:	6800      	ldr	r0, [r0, #0]
10000d12:	400a      	ands	r2, r1
10000d14:	4462      	add	r2, ip
10000d16:	4002      	ands	r2, r0
10000d18:	4854      	ldr	r0, [pc, #336]	; (10000e6c <main+0x9f4>)
10000d1a:	9404      	str	r4, [sp, #16]
10000d1c:	9505      	str	r5, [sp, #20]
10000d1e:	4684      	mov	ip, r0
10000d20:	4463      	add	r3, ip
10000d22:	601a      	str	r2, [r3, #0]
10000d24:	4b52      	ldr	r3, [pc, #328]	; (10000e70 <main+0x9f8>)
10000d26:	689b      	ldr	r3, [r3, #8]
10000d28:	009a      	lsls	r2, r3, #2
10000d2a:	18d2      	adds	r2, r2, r3
10000d2c:	4b50      	ldr	r3, [pc, #320]	; (10000e70 <main+0x9f8>)
10000d2e:	0092      	lsls	r2, r2, #2
10000d30:	68db      	ldr	r3, [r3, #12]
10000d32:	1990      	adds	r0, r2, r6
10000d34:	1e5f      	subs	r7, r3, #1
10000d36:	41bb      	sbcs	r3, r7
10000d38:	425b      	negs	r3, r3
10000d3a:	400b      	ands	r3, r1
10000d3c:	494a      	ldr	r1, [pc, #296]	; (10000e68 <main+0x9f0>)
10000d3e:	260d      	movs	r6, #13
10000d40:	468c      	mov	ip, r1
10000d42:	6801      	ldr	r1, [r0, #0]
10000d44:	4463      	add	r3, ip
10000d46:	400b      	ands	r3, r1
10000d48:	4948      	ldr	r1, [pc, #288]	; (10000e6c <main+0x9f4>)
10000d4a:	2745      	movs	r7, #69	; 0x45
10000d4c:	468c      	mov	ip, r1
10000d4e:	4462      	add	r2, ip
10000d50:	6013      	str	r3, [r2, #0]
10000d52:	464a      	mov	r2, r9
10000d54:	4b48      	ldr	r3, [pc, #288]	; (10000e78 <main+0xa00>)
10000d56:	2100      	movs	r1, #0
10000d58:	701a      	strb	r2, [r3, #0]
10000d5a:	4b48      	ldr	r3, [pc, #288]	; (10000e7c <main+0xa04>)
10000d5c:	46b1      	mov	r9, r6
10000d5e:	2200      	movs	r2, #0
10000d60:	5e9b      	ldrsh	r3, [r3, r2]
10000d62:	2220      	movs	r2, #32
10000d64:	469c      	mov	ip, r3
10000d66:	4665      	mov	r5, ip
10000d68:	4847      	ldr	r0, [pc, #284]	; (10000e88 <main+0xa10>)
10000d6a:	4b45      	ldr	r3, [pc, #276]	; (10000e80 <main+0xa08>)
10000d6c:	2900      	cmp	r1, #0
10000d6e:	d11a      	bne.n	10000da6 <main+0x92e>
10000d70:	42bd      	cmp	r5, r7
10000d72:	d01f      	beq.n	10000db4 <main+0x93c>
10000d74:	6999      	ldr	r1, [r3, #24]
10000d76:	420a      	tst	r2, r1
10000d78:	d1fc      	bne.n	10000d74 <main+0x8fc>
10000d7a:	601f      	str	r7, [r3, #0]
10000d7c:	7801      	ldrb	r1, [r0, #0]
10000d7e:	3001      	adds	r0, #1
10000d80:	390d      	subs	r1, #13
10000d82:	424f      	negs	r7, r1
10000d84:	4179      	adcs	r1, r7
10000d86:	7807      	ldrb	r7, [r0, #0]
10000d88:	b2c9      	uxtb	r1, r1
10000d8a:	2f00      	cmp	r7, #0
10000d8c:	d1ee      	bne.n	10000d6c <main+0x8f4>
10000d8e:	9c04      	ldr	r4, [sp, #16]
10000d90:	9d05      	ldr	r5, [sp, #20]
10000d92:	2220      	movs	r2, #32
10000d94:	493a      	ldr	r1, [pc, #232]	; (10000e80 <main+0xa08>)
10000d96:	0017      	movs	r7, r2
10000d98:	698b      	ldr	r3, [r1, #24]
10000d9a:	401f      	ands	r7, r3
10000d9c:	421a      	tst	r2, r3
10000d9e:	d1fa      	bne.n	10000d96 <main+0x91e>
10000da0:	230a      	movs	r3, #10
10000da2:	600b      	str	r3, [r1, #0]
10000da4:	e44c      	b.n	10000640 <main+0x1c8>
10000da6:	6999      	ldr	r1, [r3, #24]
10000da8:	420a      	tst	r2, r1
10000daa:	d0e6      	beq.n	10000d7a <main+0x902>
10000dac:	6999      	ldr	r1, [r3, #24]
10000dae:	420a      	tst	r2, r1
10000db0:	d1f9      	bne.n	10000da6 <main+0x92e>
10000db2:	e7e2      	b.n	10000d7a <main+0x902>
10000db4:	6999      	ldr	r1, [r3, #24]
10000db6:	420a      	tst	r2, r1
10000db8:	d1fc      	bne.n	10000db4 <main+0x93c>
10000dba:	4649      	mov	r1, r9
10000dbc:	6019      	str	r1, [r3, #0]
10000dbe:	e7d9      	b.n	10000d74 <main+0x8fc>
10000dc0:	4932      	ldr	r1, [pc, #200]	; (10000e8c <main+0xa14>)
10000dc2:	aa07      	add	r2, sp, #28
10000dc4:	f005 fec4 	bl	10006b50 <strtok_r>
10000dc8:	1e07      	subs	r7, r0, #0
10000dca:	d100      	bne.n	10000dce <main+0x956>
10000dcc:	e126      	b.n	1000101c <main+0xba4>
10000dce:	7803      	ldrb	r3, [r0, #0]
10000dd0:	2b31      	cmp	r3, #49	; 0x31
10000dd2:	d000      	beq.n	10000dd6 <main+0x95e>
10000dd4:	e0f2      	b.n	10000fbc <main+0xb44>
10000dd6:	2201      	movs	r2, #1
10000dd8:	7843      	ldrb	r3, [r0, #1]
10000dda:	4691      	mov	r9, r2
10000ddc:	2b00      	cmp	r3, #0
10000dde:	d000      	beq.n	10000de2 <main+0x96a>
10000de0:	e0ec      	b.n	10000fbc <main+0xb44>
10000de2:	464a      	mov	r2, r9
10000de4:	4b2a      	ldr	r3, [pc, #168]	; (10000e90 <main+0xa18>)
10000de6:	701a      	strb	r2, [r3, #0]
10000de8:	f001 fcfa 	bl	100027e0 <time_us_64>
10000dec:	2900      	cmp	r1, #0
10000dee:	d100      	bne.n	10000df2 <main+0x97a>
10000df0:	e24e      	b.n	10001290 <main+0xe18>
10000df2:	22fa      	movs	r2, #250	; 0xfa
10000df4:	2300      	movs	r3, #0
10000df6:	0092      	lsls	r2, r2, #2
10000df8:	f002 f954 	bl	100030a4 <__wrap___aeabi_uldivmod>
10000dfc:	4643      	mov	r3, r8
10000dfe:	4642      	mov	r2, r8
10000e00:	6018      	str	r0, [r3, #0]
10000e02:	2300      	movs	r3, #0
10000e04:	6053      	str	r3, [r2, #4]
10000e06:	464b      	mov	r3, r9
10000e08:	4822      	ldr	r0, [pc, #136]	; (10000e94 <main+0xa1c>)
10000e0a:	2b00      	cmp	r3, #0
10000e0c:	d100      	bne.n	10000e10 <main+0x998>
10000e0e:	4822      	ldr	r0, [pc, #136]	; (10000e98 <main+0xa20>)
10000e10:	4b1a      	ldr	r3, [pc, #104]	; (10000e7c <main+0xa04>)
10000e12:	260d      	movs	r6, #13
10000e14:	2200      	movs	r2, #0
10000e16:	5e9b      	ldrsh	r3, [r3, r2]
10000e18:	9404      	str	r4, [sp, #16]
10000e1a:	9505      	str	r5, [sp, #20]
10000e1c:	469c      	mov	ip, r3
10000e1e:	274f      	movs	r7, #79	; 0x4f
10000e20:	2300      	movs	r3, #0
10000e22:	2120      	movs	r1, #32
10000e24:	46b1      	mov	r9, r6
10000e26:	4665      	mov	r5, ip
10000e28:	4a15      	ldr	r2, [pc, #84]	; (10000e80 <main+0xa08>)
10000e2a:	2b00      	cmp	r3, #0
10000e2c:	d000      	beq.n	10000e30 <main+0x9b8>
10000e2e:	e221      	b.n	10001274 <main+0xdfc>
10000e30:	42bd      	cmp	r5, r7
10000e32:	d100      	bne.n	10000e36 <main+0x9be>
10000e34:	e226      	b.n	10001284 <main+0xe0c>
10000e36:	6993      	ldr	r3, [r2, #24]
10000e38:	4219      	tst	r1, r3
10000e3a:	d1fc      	bne.n	10000e36 <main+0x9be>
10000e3c:	6017      	str	r7, [r2, #0]
10000e3e:	7803      	ldrb	r3, [r0, #0]
10000e40:	3001      	adds	r0, #1
10000e42:	3b0d      	subs	r3, #13
10000e44:	425f      	negs	r7, r3
10000e46:	417b      	adcs	r3, r7
10000e48:	7807      	ldrb	r7, [r0, #0]
10000e4a:	b2db      	uxtb	r3, r3
10000e4c:	2f00      	cmp	r7, #0
10000e4e:	d1ec      	bne.n	10000e2a <main+0x9b2>
10000e50:	9c04      	ldr	r4, [sp, #16]
10000e52:	9d05      	ldr	r5, [sp, #20]
10000e54:	2120      	movs	r1, #32
10000e56:	4a0a      	ldr	r2, [pc, #40]	; (10000e80 <main+0xa08>)
10000e58:	6993      	ldr	r3, [r2, #24]
10000e5a:	4219      	tst	r1, r3
10000e5c:	d1fc      	bne.n	10000e58 <main+0x9e0>
10000e5e:	e55d      	b.n	1000091c <main+0x4a4>
10000e60:	4005000c 	.word	0x4005000c
10000e64:	fffe0001 	.word	0xfffe0001
10000e68:	0000ffff 	.word	0x0000ffff
10000e6c:	4005100c 	.word	0x4005100c
10000e70:	20000f78 	.word	0x20000f78
10000e74:	10008488 	.word	0x10008488
10000e78:	2000109a 	.word	0x2000109a
10000e7c:	20001094 	.word	0x20001094
10000e80:	40034000 	.word	0x40034000
10000e84:	100082f8 	.word	0x100082f8
10000e88:	10008458 	.word	0x10008458
10000e8c:	100082dc 	.word	0x100082dc
10000e90:	20001098 	.word	0x20001098
10000e94:	100082a0 	.word	0x100082a0
10000e98:	100082b0 	.word	0x100082b0
10000e9c:	4bab      	ldr	r3, [pc, #684]	; (1000114c <main+0xcd4>)
10000e9e:	681f      	ldr	r7, [r3, #0]
10000ea0:	4bab      	ldr	r3, [pc, #684]	; (10001150 <main+0xcd8>)
10000ea2:	681b      	ldr	r3, [r3, #0]
10000ea4:	4699      	mov	r9, r3
10000ea6:	f001 fc9b 	bl	100027e0 <time_us_64>
10000eaa:	2900      	cmp	r1, #0
10000eac:	d100      	bne.n	10000eb0 <main+0xa38>
10000eae:	e0e1      	b.n	10001074 <main+0xbfc>
10000eb0:	22fa      	movs	r2, #250	; 0xfa
10000eb2:	2300      	movs	r3, #0
10000eb4:	0092      	lsls	r2, r2, #2
10000eb6:	f002 f8f5 	bl	100030a4 <__wrap___aeabi_uldivmod>
10000eba:	2300      	movs	r3, #0
10000ebc:	9303      	str	r3, [sp, #12]
10000ebe:	464b      	mov	r3, r9
10000ec0:	4aa4      	ldr	r2, [pc, #656]	; (10001154 <main+0xcdc>)
10000ec2:	9002      	str	r0, [sp, #8]
10000ec4:	9301      	str	r3, [sp, #4]
10000ec6:	9700      	str	r7, [sp, #0]
10000ec8:	4ba3      	ldr	r3, [pc, #652]	; (10001158 <main+0xce0>)
10000eca:	2180      	movs	r1, #128	; 0x80
10000ecc:	a828      	add	r0, sp, #160	; 0xa0
10000ece:	f004 f81b 	bl	10004f08 <__wrap_snprintf>
10000ed2:	2298      	movs	r2, #152	; 0x98
10000ed4:	ab02      	add	r3, sp, #8
10000ed6:	189b      	adds	r3, r3, r2
10000ed8:	781f      	ldrb	r7, [r3, #0]
10000eda:	2f00      	cmp	r7, #0
10000edc:	d01f      	beq.n	10000f1e <main+0xaa6>
10000ede:	4b9f      	ldr	r3, [pc, #636]	; (1000115c <main+0xce4>)
10000ee0:	260d      	movs	r6, #13
10000ee2:	2200      	movs	r2, #0
10000ee4:	5e9b      	ldrsh	r3, [r3, r2]
10000ee6:	9404      	str	r4, [sp, #16]
10000ee8:	9505      	str	r5, [sp, #20]
10000eea:	469c      	mov	ip, r3
10000eec:	2100      	movs	r1, #0
10000eee:	2220      	movs	r2, #32
10000ef0:	46b1      	mov	r9, r6
10000ef2:	4665      	mov	r5, ip
10000ef4:	4b9a      	ldr	r3, [pc, #616]	; (10001160 <main+0xce8>)
10000ef6:	a828      	add	r0, sp, #160	; 0xa0
10000ef8:	2900      	cmp	r1, #0
10000efa:	d118      	bne.n	10000f2e <main+0xab6>
10000efc:	42bd      	cmp	r5, r7
10000efe:	d01d      	beq.n	10000f3c <main+0xac4>
10000f00:	6999      	ldr	r1, [r3, #24]
10000f02:	420a      	tst	r2, r1
10000f04:	d1fc      	bne.n	10000f00 <main+0xa88>
10000f06:	601f      	str	r7, [r3, #0]
10000f08:	7801      	ldrb	r1, [r0, #0]
10000f0a:	3001      	adds	r0, #1
10000f0c:	390d      	subs	r1, #13
10000f0e:	424f      	negs	r7, r1
10000f10:	4179      	adcs	r1, r7
10000f12:	7807      	ldrb	r7, [r0, #0]
10000f14:	b2c9      	uxtb	r1, r1
10000f16:	2f00      	cmp	r7, #0
10000f18:	d1ee      	bne.n	10000ef8 <main+0xa80>
10000f1a:	9c04      	ldr	r4, [sp, #16]
10000f1c:	9d05      	ldr	r5, [sp, #20]
10000f1e:	2120      	movs	r1, #32
10000f20:	4a8f      	ldr	r2, [pc, #572]	; (10001160 <main+0xce8>)
10000f22:	6993      	ldr	r3, [r2, #24]
10000f24:	4219      	tst	r1, r3
10000f26:	d1fc      	bne.n	10000f22 <main+0xaaa>
10000f28:	230a      	movs	r3, #10
10000f2a:	6013      	str	r3, [r2, #0]
10000f2c:	e4f8      	b.n	10000920 <main+0x4a8>
10000f2e:	6999      	ldr	r1, [r3, #24]
10000f30:	420a      	tst	r2, r1
10000f32:	d0e8      	beq.n	10000f06 <main+0xa8e>
10000f34:	6999      	ldr	r1, [r3, #24]
10000f36:	420a      	tst	r2, r1
10000f38:	d1f9      	bne.n	10000f2e <main+0xab6>
10000f3a:	e7e4      	b.n	10000f06 <main+0xa8e>
10000f3c:	6999      	ldr	r1, [r3, #24]
10000f3e:	420a      	tst	r2, r1
10000f40:	d1fc      	bne.n	10000f3c <main+0xac4>
10000f42:	4649      	mov	r1, r9
10000f44:	6019      	str	r1, [r3, #0]
10000f46:	e7db      	b.n	10000f00 <main+0xa88>
10000f48:	4b80      	ldr	r3, [pc, #512]	; (1000114c <main+0xcd4>)
10000f4a:	260d      	movs	r6, #13
10000f4c:	6018      	str	r0, [r3, #0]
10000f4e:	4b80      	ldr	r3, [pc, #512]	; (10001150 <main+0xcd8>)
10000f50:	9404      	str	r4, [sp, #16]
10000f52:	9505      	str	r5, [sp, #20]
10000f54:	6018      	str	r0, [r3, #0]
10000f56:	4b81      	ldr	r3, [pc, #516]	; (1000115c <main+0xce4>)
10000f58:	274f      	movs	r7, #79	; 0x4f
10000f5a:	2200      	movs	r2, #0
10000f5c:	5e9b      	ldrsh	r3, [r3, r2]
10000f5e:	2100      	movs	r1, #0
10000f60:	469c      	mov	ip, r3
10000f62:	2220      	movs	r2, #32
10000f64:	46b1      	mov	r9, r6
10000f66:	4665      	mov	r5, ip
10000f68:	487e      	ldr	r0, [pc, #504]	; (10001164 <main+0xcec>)
10000f6a:	4b7d      	ldr	r3, [pc, #500]	; (10001160 <main+0xce8>)
10000f6c:	2900      	cmp	r1, #0
10000f6e:	d118      	bne.n	10000fa2 <main+0xb2a>
10000f70:	42bd      	cmp	r5, r7
10000f72:	d01d      	beq.n	10000fb0 <main+0xb38>
10000f74:	6999      	ldr	r1, [r3, #24]
10000f76:	420a      	tst	r2, r1
10000f78:	d1fc      	bne.n	10000f74 <main+0xafc>
10000f7a:	601f      	str	r7, [r3, #0]
10000f7c:	7801      	ldrb	r1, [r0, #0]
10000f7e:	3001      	adds	r0, #1
10000f80:	390d      	subs	r1, #13
10000f82:	424f      	negs	r7, r1
10000f84:	4179      	adcs	r1, r7
10000f86:	7807      	ldrb	r7, [r0, #0]
10000f88:	b2c9      	uxtb	r1, r1
10000f8a:	2f00      	cmp	r7, #0
10000f8c:	d1ee      	bne.n	10000f6c <main+0xaf4>
10000f8e:	9c04      	ldr	r4, [sp, #16]
10000f90:	9d05      	ldr	r5, [sp, #20]
10000f92:	2120      	movs	r1, #32
10000f94:	4a72      	ldr	r2, [pc, #456]	; (10001160 <main+0xce8>)
10000f96:	6993      	ldr	r3, [r2, #24]
10000f98:	4219      	tst	r1, r3
10000f9a:	d1fc      	bne.n	10000f96 <main+0xb1e>
10000f9c:	230a      	movs	r3, #10
10000f9e:	6013      	str	r3, [r2, #0]
10000fa0:	e4be      	b.n	10000920 <main+0x4a8>
10000fa2:	6999      	ldr	r1, [r3, #24]
10000fa4:	420a      	tst	r2, r1
10000fa6:	d0e8      	beq.n	10000f7a <main+0xb02>
10000fa8:	6999      	ldr	r1, [r3, #24]
10000faa:	420a      	tst	r2, r1
10000fac:	d1f9      	bne.n	10000fa2 <main+0xb2a>
10000fae:	e7e4      	b.n	10000f7a <main+0xb02>
10000fb0:	6999      	ldr	r1, [r3, #24]
10000fb2:	420a      	tst	r2, r1
10000fb4:	d1fc      	bne.n	10000fb0 <main+0xb38>
10000fb6:	4649      	mov	r1, r9
10000fb8:	6019      	str	r1, [r3, #0]
10000fba:	e7db      	b.n	10000f74 <main+0xafc>
10000fbc:	783b      	ldrb	r3, [r7, #0]
10000fbe:	2b6f      	cmp	r3, #111	; 0x6f
10000fc0:	d103      	bne.n	10000fca <main+0xb52>
10000fc2:	787a      	ldrb	r2, [r7, #1]
10000fc4:	2a6e      	cmp	r2, #110	; 0x6e
10000fc6:	d100      	bne.n	10000fca <main+0xb52>
10000fc8:	e167      	b.n	1000129a <main+0xe22>
10000fca:	2b4f      	cmp	r3, #79	; 0x4f
10000fcc:	d100      	bne.n	10000fd0 <main+0xb58>
10000fce:	e146      	b.n	1000125e <main+0xde6>
10000fd0:	0038      	movs	r0, r7
10000fd2:	4965      	ldr	r1, [pc, #404]	; (10001168 <main+0xcf0>)
10000fd4:	f004 fc80 	bl	100058d8 <strcmp>
10000fd8:	2800      	cmp	r0, #0
10000fda:	d100      	bne.n	10000fde <main+0xb66>
10000fdc:	e25d      	b.n	1000149a <main+0x1022>
10000fde:	0038      	movs	r0, r7
10000fe0:	4962      	ldr	r1, [pc, #392]	; (1000116c <main+0xcf4>)
10000fe2:	f004 fc79 	bl	100058d8 <strcmp>
10000fe6:	4681      	mov	r9, r0
10000fe8:	2800      	cmp	r0, #0
10000fea:	d100      	bne.n	10000fee <main+0xb76>
10000fec:	e6f9      	b.n	10000de2 <main+0x96a>
10000fee:	0038      	movs	r0, r7
10000ff0:	495f      	ldr	r1, [pc, #380]	; (10001170 <main+0xcf8>)
10000ff2:	f004 fc71 	bl	100058d8 <strcmp>
10000ff6:	4681      	mov	r9, r0
10000ff8:	2800      	cmp	r0, #0
10000ffa:	d100      	bne.n	10000ffe <main+0xb86>
10000ffc:	e6f1      	b.n	10000de2 <main+0x96a>
10000ffe:	0038      	movs	r0, r7
10001000:	495c      	ldr	r1, [pc, #368]	; (10001174 <main+0xcfc>)
10001002:	f004 fc69 	bl	100058d8 <strcmp>
10001006:	4681      	mov	r9, r0
10001008:	2800      	cmp	r0, #0
1000100a:	d100      	bne.n	1000100e <main+0xb96>
1000100c:	e6e9      	b.n	10000de2 <main+0x96a>
1000100e:	0038      	movs	r0, r7
10001010:	4959      	ldr	r1, [pc, #356]	; (10001178 <main+0xd00>)
10001012:	f004 fc61 	bl	100058d8 <strcmp>
10001016:	2800      	cmp	r0, #0
10001018:	d100      	bne.n	1000101c <main+0xba4>
1000101a:	e245      	b.n	100014a8 <main+0x1030>
1000101c:	4b4f      	ldr	r3, [pc, #316]	; (1000115c <main+0xce4>)
1000101e:	2745      	movs	r7, #69	; 0x45
10001020:	2200      	movs	r2, #0
10001022:	5e9b      	ldrsh	r3, [r3, r2]
10001024:	260d      	movs	r6, #13
10001026:	469c      	mov	ip, r3
10001028:	9404      	str	r4, [sp, #16]
1000102a:	9505      	str	r5, [sp, #20]
1000102c:	2100      	movs	r1, #0
1000102e:	003d      	movs	r5, r7
10001030:	2220      	movs	r2, #32
10001032:	46b1      	mov	r9, r6
10001034:	4667      	mov	r7, ip
10001036:	4851      	ldr	r0, [pc, #324]	; (1000117c <main+0xd04>)
10001038:	4b49      	ldr	r3, [pc, #292]	; (10001160 <main+0xce8>)
1000103a:	2900      	cmp	r1, #0
1000103c:	d000      	beq.n	10001040 <main+0xbc8>
1000103e:	e133      	b.n	100012a8 <main+0xe30>
10001040:	42af      	cmp	r7, r5
10001042:	d100      	bne.n	10001046 <main+0xbce>
10001044:	e138      	b.n	100012b8 <main+0xe40>
10001046:	6999      	ldr	r1, [r3, #24]
10001048:	420a      	tst	r2, r1
1000104a:	d1fc      	bne.n	10001046 <main+0xbce>
1000104c:	601d      	str	r5, [r3, #0]
1000104e:	7801      	ldrb	r1, [r0, #0]
10001050:	3001      	adds	r0, #1
10001052:	390d      	subs	r1, #13
10001054:	424d      	negs	r5, r1
10001056:	4169      	adcs	r1, r5
10001058:	7805      	ldrb	r5, [r0, #0]
1000105a:	b2c9      	uxtb	r1, r1
1000105c:	2d00      	cmp	r5, #0
1000105e:	d1ec      	bne.n	1000103a <main+0xbc2>
10001060:	9c04      	ldr	r4, [sp, #16]
10001062:	9d05      	ldr	r5, [sp, #20]
10001064:	2120      	movs	r1, #32
10001066:	4a3e      	ldr	r2, [pc, #248]	; (10001160 <main+0xce8>)
10001068:	6993      	ldr	r3, [r2, #24]
1000106a:	4219      	tst	r1, r3
1000106c:	d1fc      	bne.n	10001068 <main+0xbf0>
1000106e:	230a      	movs	r3, #10
10001070:	6013      	str	r3, [r2, #0]
10001072:	e455      	b.n	10000920 <main+0x4a8>
10001074:	21fa      	movs	r1, #250	; 0xfa
10001076:	0089      	lsls	r1, r1, #2
10001078:	f001 ffd6 	bl	10003028 <__wrap___aeabi_uidiv>
1000107c:	e71d      	b.n	10000eba <main+0xa42>
1000107e:	465a      	mov	r2, fp
10001080:	465b      	mov	r3, fp
10001082:	68d2      	ldr	r2, [r2, #12]
10001084:	4f3e      	ldr	r7, [pc, #248]	; (10001180 <main+0xd08>)
10001086:	1e50      	subs	r0, r2, #1
10001088:	4182      	sbcs	r2, r0
1000108a:	46bc      	mov	ip, r7
1000108c:	689b      	ldr	r3, [r3, #8]
1000108e:	4e3d      	ldr	r6, [pc, #244]	; (10001184 <main+0xd0c>)
10001090:	0099      	lsls	r1, r3, #2
10001092:	18c9      	adds	r1, r1, r3
10001094:	483c      	ldr	r0, [pc, #240]	; (10001188 <main+0xd10>)
10001096:	0089      	lsls	r1, r1, #2
10001098:	198b      	adds	r3, r1, r6
1000109a:	4252      	negs	r2, r2
1000109c:	681b      	ldr	r3, [r3, #0]
1000109e:	4002      	ands	r2, r0
100010a0:	4462      	add	r2, ip
100010a2:	401a      	ands	r2, r3
100010a4:	4b39      	ldr	r3, [pc, #228]	; (1000118c <main+0xd14>)
100010a6:	9404      	str	r4, [sp, #16]
100010a8:	9505      	str	r5, [sp, #20]
100010aa:	469c      	mov	ip, r3
100010ac:	4b38      	ldr	r3, [pc, #224]	; (10001190 <main+0xd18>)
100010ae:	4461      	add	r1, ip
100010b0:	689b      	ldr	r3, [r3, #8]
100010b2:	600a      	str	r2, [r1, #0]
100010b4:	009a      	lsls	r2, r3, #2
100010b6:	18d2      	adds	r2, r2, r3
100010b8:	4b35      	ldr	r3, [pc, #212]	; (10001190 <main+0xd18>)
100010ba:	0092      	lsls	r2, r2, #2
100010bc:	68db      	ldr	r3, [r3, #12]
100010be:	1991      	adds	r1, r2, r6
100010c0:	1e5f      	subs	r7, r3, #1
100010c2:	41bb      	sbcs	r3, r7
100010c4:	425b      	negs	r3, r3
100010c6:	4003      	ands	r3, r0
100010c8:	482d      	ldr	r0, [pc, #180]	; (10001180 <main+0xd08>)
100010ca:	6809      	ldr	r1, [r1, #0]
100010cc:	4684      	mov	ip, r0
100010ce:	4463      	add	r3, ip
100010d0:	400b      	ands	r3, r1
100010d2:	492e      	ldr	r1, [pc, #184]	; (1000118c <main+0xd14>)
100010d4:	260d      	movs	r6, #13
100010d6:	468c      	mov	ip, r1
100010d8:	4462      	add	r2, ip
100010da:	6013      	str	r3, [r2, #0]
100010dc:	2300      	movs	r3, #0
100010de:	4a2d      	ldr	r2, [pc, #180]	; (10001194 <main+0xd1c>)
100010e0:	2745      	movs	r7, #69	; 0x45
100010e2:	7013      	strb	r3, [r2, #0]
100010e4:	4b1d      	ldr	r3, [pc, #116]	; (1000115c <main+0xce4>)
100010e6:	2100      	movs	r1, #0
100010e8:	2200      	movs	r2, #0
100010ea:	5e9b      	ldrsh	r3, [r3, r2]
100010ec:	46b1      	mov	r9, r6
100010ee:	469c      	mov	ip, r3
100010f0:	2220      	movs	r2, #32
100010f2:	4665      	mov	r5, ip
100010f4:	4828      	ldr	r0, [pc, #160]	; (10001198 <main+0xd20>)
100010f6:	4b1a      	ldr	r3, [pc, #104]	; (10001160 <main+0xce8>)
100010f8:	2900      	cmp	r1, #0
100010fa:	d119      	bne.n	10001130 <main+0xcb8>
100010fc:	42bd      	cmp	r5, r7
100010fe:	d01e      	beq.n	1000113e <main+0xcc6>
10001100:	6999      	ldr	r1, [r3, #24]
10001102:	420a      	tst	r2, r1
10001104:	d1fc      	bne.n	10001100 <main+0xc88>
10001106:	601f      	str	r7, [r3, #0]
10001108:	7801      	ldrb	r1, [r0, #0]
1000110a:	3001      	adds	r0, #1
1000110c:	390d      	subs	r1, #13
1000110e:	424f      	negs	r7, r1
10001110:	4179      	adcs	r1, r7
10001112:	7807      	ldrb	r7, [r0, #0]
10001114:	b2c9      	uxtb	r1, r1
10001116:	2f00      	cmp	r7, #0
10001118:	d1ee      	bne.n	100010f8 <main+0xc80>
1000111a:	9c04      	ldr	r4, [sp, #16]
1000111c:	9d05      	ldr	r5, [sp, #20]
1000111e:	2120      	movs	r1, #32
10001120:	4a0f      	ldr	r2, [pc, #60]	; (10001160 <main+0xce8>)
10001122:	6993      	ldr	r3, [r2, #24]
10001124:	4219      	tst	r1, r3
10001126:	d1fc      	bne.n	10001122 <main+0xcaa>
10001128:	230a      	movs	r3, #10
1000112a:	6013      	str	r3, [r2, #0]
1000112c:	f7ff fbf8 	bl	10000920 <main+0x4a8>
10001130:	6999      	ldr	r1, [r3, #24]
10001132:	420a      	tst	r2, r1
10001134:	d0e7      	beq.n	10001106 <main+0xc8e>
10001136:	6999      	ldr	r1, [r3, #24]
10001138:	420a      	tst	r2, r1
1000113a:	d1f9      	bne.n	10001130 <main+0xcb8>
1000113c:	e7e3      	b.n	10001106 <main+0xc8e>
1000113e:	6999      	ldr	r1, [r3, #24]
10001140:	420a      	tst	r2, r1
10001142:	d1fc      	bne.n	1000113e <main+0xcc6>
10001144:	4649      	mov	r1, r9
10001146:	6019      	str	r1, [r3, #0]
10001148:	e7da      	b.n	10001100 <main+0xc88>
1000114a:	46c0      	nop			; (mov r8, r8)
1000114c:	20000f44 	.word	0x20000f44
10001150:	20000f74 	.word	0x20000f74
10001154:	10008310 	.word	0x10008310
10001158:	10008308 	.word	0x10008308
1000115c:	20001094 	.word	0x20001094
10001160:	40034000 	.word	0x40034000
10001164:	1000832c 	.word	0x1000832c
10001168:	10008348 	.word	0x10008348
1000116c:	1000853c 	.word	0x1000853c
10001170:	10008350 	.word	0x10008350
10001174:	10008354 	.word	0x10008354
10001178:	10008358 	.word	0x10008358
1000117c:	10008360 	.word	0x10008360
10001180:	0000ffff 	.word	0x0000ffff
10001184:	4005000c 	.word	0x4005000c
10001188:	fffe0001 	.word	0xfffe0001
1000118c:	4005100c 	.word	0x4005100c
10001190:	20000f78 	.word	0x20000f78
10001194:	2000109a 	.word	0x2000109a
10001198:	10008388 	.word	0x10008388
1000119c:	465a      	mov	r2, fp
1000119e:	2314      	movs	r3, #20
100011a0:	6891      	ldr	r1, [r2, #8]
100011a2:	68d2      	ldr	r2, [r2, #12]
100011a4:	4699      	mov	r9, r3
100011a6:	4359      	muls	r1, r3
100011a8:	1e50      	subs	r0, r2, #1
100011aa:	4182      	sbcs	r2, r0
100011ac:	4bc1      	ldr	r3, [pc, #772]	; (100014b4 <main+0x103c>)
100011ae:	48c2      	ldr	r0, [pc, #776]	; (100014b8 <main+0x1040>)
100011b0:	469c      	mov	ip, r3
100011b2:	4252      	negs	r2, r2
100011b4:	4bc1      	ldr	r3, [pc, #772]	; (100014bc <main+0x1044>)
100011b6:	4002      	ands	r2, r0
100011b8:	4462      	add	r2, ip
100011ba:	469c      	mov	ip, r3
100011bc:	4ec0      	ldr	r6, [pc, #768]	; (100014c0 <main+0x1048>)
100011be:	4bc1      	ldr	r3, [pc, #772]	; (100014c4 <main+0x104c>)
100011c0:	198f      	adds	r7, r1, r6
100011c2:	683f      	ldr	r7, [r7, #0]
100011c4:	4461      	add	r1, ip
100011c6:	403a      	ands	r2, r7
100011c8:	600a      	str	r2, [r1, #0]
100011ca:	689a      	ldr	r2, [r3, #8]
100011cc:	464b      	mov	r3, r9
100011ce:	435a      	muls	r2, r3
100011d0:	4bbc      	ldr	r3, [pc, #752]	; (100014c4 <main+0x104c>)
100011d2:	1991      	adds	r1, r2, r6
100011d4:	68db      	ldr	r3, [r3, #12]
100011d6:	6809      	ldr	r1, [r1, #0]
100011d8:	1e5f      	subs	r7, r3, #1
100011da:	41bb      	sbcs	r3, r7
100011dc:	425b      	negs	r3, r3
100011de:	4003      	ands	r3, r0
100011e0:	48b4      	ldr	r0, [pc, #720]	; (100014b4 <main+0x103c>)
100011e2:	260d      	movs	r6, #13
100011e4:	4684      	mov	ip, r0
100011e6:	4463      	add	r3, ip
100011e8:	400b      	ands	r3, r1
100011ea:	49b4      	ldr	r1, [pc, #720]	; (100014bc <main+0x1044>)
100011ec:	9404      	str	r4, [sp, #16]
100011ee:	9505      	str	r5, [sp, #20]
100011f0:	468c      	mov	ip, r1
100011f2:	4462      	add	r2, ip
100011f4:	6013      	str	r3, [r2, #0]
100011f6:	2300      	movs	r3, #0
100011f8:	4ab3      	ldr	r2, [pc, #716]	; (100014c8 <main+0x1050>)
100011fa:	2745      	movs	r7, #69	; 0x45
100011fc:	7013      	strb	r3, [r2, #0]
100011fe:	4ab3      	ldr	r2, [pc, #716]	; (100014cc <main+0x1054>)
10001200:	46b1      	mov	r9, r6
10001202:	2100      	movs	r1, #0
10001204:	5e52      	ldrsh	r2, [r2, r1]
10001206:	2120      	movs	r1, #32
10001208:	4694      	mov	ip, r2
1000120a:	4665      	mov	r5, ip
1000120c:	48b0      	ldr	r0, [pc, #704]	; (100014d0 <main+0x1058>)
1000120e:	4ab1      	ldr	r2, [pc, #708]	; (100014d4 <main+0x105c>)
10001210:	2b00      	cmp	r3, #0
10001212:	d117      	bne.n	10001244 <main+0xdcc>
10001214:	42bd      	cmp	r5, r7
10001216:	d01c      	beq.n	10001252 <main+0xdda>
10001218:	6993      	ldr	r3, [r2, #24]
1000121a:	4219      	tst	r1, r3
1000121c:	d1fc      	bne.n	10001218 <main+0xda0>
1000121e:	6017      	str	r7, [r2, #0]
10001220:	7803      	ldrb	r3, [r0, #0]
10001222:	3001      	adds	r0, #1
10001224:	3b0d      	subs	r3, #13
10001226:	425f      	negs	r7, r3
10001228:	417b      	adcs	r3, r7
1000122a:	7807      	ldrb	r7, [r0, #0]
1000122c:	b2db      	uxtb	r3, r3
1000122e:	2f00      	cmp	r7, #0
10001230:	d1ee      	bne.n	10001210 <main+0xd98>
10001232:	9c04      	ldr	r4, [sp, #16]
10001234:	9d05      	ldr	r5, [sp, #20]
10001236:	2120      	movs	r1, #32
10001238:	4aa6      	ldr	r2, [pc, #664]	; (100014d4 <main+0x105c>)
1000123a:	6993      	ldr	r3, [r2, #24]
1000123c:	4219      	tst	r1, r3
1000123e:	d1fc      	bne.n	1000123a <main+0xdc2>
10001240:	f7ff fb6c 	bl	1000091c <main+0x4a4>
10001244:	6993      	ldr	r3, [r2, #24]
10001246:	4219      	tst	r1, r3
10001248:	d0e9      	beq.n	1000121e <main+0xda6>
1000124a:	6993      	ldr	r3, [r2, #24]
1000124c:	4219      	tst	r1, r3
1000124e:	d1f9      	bne.n	10001244 <main+0xdcc>
10001250:	e7e5      	b.n	1000121e <main+0xda6>
10001252:	6993      	ldr	r3, [r2, #24]
10001254:	4219      	tst	r1, r3
10001256:	d1fc      	bne.n	10001252 <main+0xdda>
10001258:	464b      	mov	r3, r9
1000125a:	6013      	str	r3, [r2, #0]
1000125c:	e7dc      	b.n	10001218 <main+0xda0>
1000125e:	787b      	ldrb	r3, [r7, #1]
10001260:	2b4e      	cmp	r3, #78	; 0x4e
10001262:	d000      	beq.n	10001266 <main+0xdee>
10001264:	e6b4      	b.n	10000fd0 <main+0xb58>
10001266:	2201      	movs	r2, #1
10001268:	78bb      	ldrb	r3, [r7, #2]
1000126a:	4691      	mov	r9, r2
1000126c:	2b00      	cmp	r3, #0
1000126e:	d100      	bne.n	10001272 <main+0xdfa>
10001270:	e5b7      	b.n	10000de2 <main+0x96a>
10001272:	e6ad      	b.n	10000fd0 <main+0xb58>
10001274:	6993      	ldr	r3, [r2, #24]
10001276:	4219      	tst	r1, r3
10001278:	d100      	bne.n	1000127c <main+0xe04>
1000127a:	e5df      	b.n	10000e3c <main+0x9c4>
1000127c:	6993      	ldr	r3, [r2, #24]
1000127e:	4219      	tst	r1, r3
10001280:	d1f8      	bne.n	10001274 <main+0xdfc>
10001282:	e5db      	b.n	10000e3c <main+0x9c4>
10001284:	6993      	ldr	r3, [r2, #24]
10001286:	4219      	tst	r1, r3
10001288:	d1fc      	bne.n	10001284 <main+0xe0c>
1000128a:	464b      	mov	r3, r9
1000128c:	6013      	str	r3, [r2, #0]
1000128e:	e5d2      	b.n	10000e36 <main+0x9be>
10001290:	21fa      	movs	r1, #250	; 0xfa
10001292:	0089      	lsls	r1, r1, #2
10001294:	f001 fec8 	bl	10003028 <__wrap___aeabi_uidiv>
10001298:	e5b0      	b.n	10000dfc <main+0x984>
1000129a:	2101      	movs	r1, #1
1000129c:	78ba      	ldrb	r2, [r7, #2]
1000129e:	4689      	mov	r9, r1
100012a0:	2a00      	cmp	r2, #0
100012a2:	d100      	bne.n	100012a6 <main+0xe2e>
100012a4:	e59d      	b.n	10000de2 <main+0x96a>
100012a6:	e690      	b.n	10000fca <main+0xb52>
100012a8:	6999      	ldr	r1, [r3, #24]
100012aa:	420a      	tst	r2, r1
100012ac:	d100      	bne.n	100012b0 <main+0xe38>
100012ae:	e6cd      	b.n	1000104c <main+0xbd4>
100012b0:	6999      	ldr	r1, [r3, #24]
100012b2:	420a      	tst	r2, r1
100012b4:	d1f8      	bne.n	100012a8 <main+0xe30>
100012b6:	e6c9      	b.n	1000104c <main+0xbd4>
100012b8:	6999      	ldr	r1, [r3, #24]
100012ba:	420a      	tst	r2, r1
100012bc:	d1fc      	bne.n	100012b8 <main+0xe40>
100012be:	4649      	mov	r1, r9
100012c0:	6019      	str	r1, [r3, #0]
100012c2:	e6c0      	b.n	10001046 <main+0xbce>
100012c4:	465a      	mov	r2, fp
100012c6:	2314      	movs	r3, #20
100012c8:	6891      	ldr	r1, [r2, #8]
100012ca:	68d2      	ldr	r2, [r2, #12]
100012cc:	4699      	mov	r9, r3
100012ce:	4359      	muls	r1, r3
100012d0:	1e50      	subs	r0, r2, #1
100012d2:	4182      	sbcs	r2, r0
100012d4:	4b77      	ldr	r3, [pc, #476]	; (100014b4 <main+0x103c>)
100012d6:	4878      	ldr	r0, [pc, #480]	; (100014b8 <main+0x1040>)
100012d8:	469c      	mov	ip, r3
100012da:	4252      	negs	r2, r2
100012dc:	4b77      	ldr	r3, [pc, #476]	; (100014bc <main+0x1044>)
100012de:	4002      	ands	r2, r0
100012e0:	4462      	add	r2, ip
100012e2:	469c      	mov	ip, r3
100012e4:	4e76      	ldr	r6, [pc, #472]	; (100014c0 <main+0x1048>)
100012e6:	4b77      	ldr	r3, [pc, #476]	; (100014c4 <main+0x104c>)
100012e8:	198f      	adds	r7, r1, r6
100012ea:	683f      	ldr	r7, [r7, #0]
100012ec:	4461      	add	r1, ip
100012ee:	403a      	ands	r2, r7
100012f0:	600a      	str	r2, [r1, #0]
100012f2:	689a      	ldr	r2, [r3, #8]
100012f4:	464b      	mov	r3, r9
100012f6:	435a      	muls	r2, r3
100012f8:	4b72      	ldr	r3, [pc, #456]	; (100014c4 <main+0x104c>)
100012fa:	1991      	adds	r1, r2, r6
100012fc:	68db      	ldr	r3, [r3, #12]
100012fe:	6809      	ldr	r1, [r1, #0]
10001300:	1e5f      	subs	r7, r3, #1
10001302:	41bb      	sbcs	r3, r7
10001304:	425b      	negs	r3, r3
10001306:	4003      	ands	r3, r0
10001308:	486a      	ldr	r0, [pc, #424]	; (100014b4 <main+0x103c>)
1000130a:	260d      	movs	r6, #13
1000130c:	4684      	mov	ip, r0
1000130e:	4463      	add	r3, ip
10001310:	400b      	ands	r3, r1
10001312:	496a      	ldr	r1, [pc, #424]	; (100014bc <main+0x1044>)
10001314:	9404      	str	r4, [sp, #16]
10001316:	9505      	str	r5, [sp, #20]
10001318:	468c      	mov	ip, r1
1000131a:	2100      	movs	r1, #0
1000131c:	4462      	add	r2, ip
1000131e:	6013      	str	r3, [r2, #0]
10001320:	4b69      	ldr	r3, [pc, #420]	; (100014c8 <main+0x1050>)
10001322:	274f      	movs	r7, #79	; 0x4f
10001324:	7019      	strb	r1, [r3, #0]
10001326:	4b69      	ldr	r3, [pc, #420]	; (100014cc <main+0x1054>)
10001328:	46b1      	mov	r9, r6
1000132a:	2200      	movs	r2, #0
1000132c:	5e9b      	ldrsh	r3, [r3, r2]
1000132e:	2220      	movs	r2, #32
10001330:	469c      	mov	ip, r3
10001332:	4665      	mov	r5, ip
10001334:	4868      	ldr	r0, [pc, #416]	; (100014d8 <main+0x1060>)
10001336:	4b67      	ldr	r3, [pc, #412]	; (100014d4 <main+0x105c>)
10001338:	2900      	cmp	r1, #0
1000133a:	d117      	bne.n	1000136c <main+0xef4>
1000133c:	42bd      	cmp	r5, r7
1000133e:	d01c      	beq.n	1000137a <main+0xf02>
10001340:	6999      	ldr	r1, [r3, #24]
10001342:	420a      	tst	r2, r1
10001344:	d1fc      	bne.n	10001340 <main+0xec8>
10001346:	601f      	str	r7, [r3, #0]
10001348:	7801      	ldrb	r1, [r0, #0]
1000134a:	3001      	adds	r0, #1
1000134c:	390d      	subs	r1, #13
1000134e:	424f      	negs	r7, r1
10001350:	4179      	adcs	r1, r7
10001352:	7807      	ldrb	r7, [r0, #0]
10001354:	b2c9      	uxtb	r1, r1
10001356:	2f00      	cmp	r7, #0
10001358:	d1ee      	bne.n	10001338 <main+0xec0>
1000135a:	9c04      	ldr	r4, [sp, #16]
1000135c:	9d05      	ldr	r5, [sp, #20]
1000135e:	2120      	movs	r1, #32
10001360:	4a5c      	ldr	r2, [pc, #368]	; (100014d4 <main+0x105c>)
10001362:	6993      	ldr	r3, [r2, #24]
10001364:	4219      	tst	r1, r3
10001366:	d1fc      	bne.n	10001362 <main+0xeea>
10001368:	f7ff fad8 	bl	1000091c <main+0x4a4>
1000136c:	6999      	ldr	r1, [r3, #24]
1000136e:	420a      	tst	r2, r1
10001370:	d0e9      	beq.n	10001346 <main+0xece>
10001372:	6999      	ldr	r1, [r3, #24]
10001374:	420a      	tst	r2, r1
10001376:	d1f9      	bne.n	1000136c <main+0xef4>
10001378:	e7e5      	b.n	10001346 <main+0xece>
1000137a:	6999      	ldr	r1, [r3, #24]
1000137c:	420a      	tst	r2, r1
1000137e:	d1fc      	bne.n	1000137a <main+0xf02>
10001380:	4649      	mov	r1, r9
10001382:	6019      	str	r1, [r3, #0]
10001384:	e7dc      	b.n	10001340 <main+0xec8>
10001386:	464e      	mov	r6, r9
10001388:	4649      	mov	r1, r9
1000138a:	4658      	mov	r0, fp
1000138c:	f7fe ff78 	bl	10000280 <motor_set_signed_speed>
10001390:	484c      	ldr	r0, [pc, #304]	; (100014c4 <main+0x104c>)
10001392:	1c31      	adds	r1, r6, #0
10001394:	f7fe ff74 	bl	10000280 <motor_set_signed_speed>
10001398:	f001 fa22 	bl	100027e0 <time_us_64>
1000139c:	2900      	cmp	r1, #0
1000139e:	d170      	bne.n	10001482 <main+0x100a>
100013a0:	21fa      	movs	r1, #250	; 0xfa
100013a2:	0089      	lsls	r1, r1, #2
100013a4:	f001 fe40 	bl	10003028 <__wrap___aeabi_uidiv>
100013a8:	4653      	mov	r3, sl
100013aa:	2100      	movs	r1, #0
100013ac:	6018      	str	r0, [r3, #0]
100013ae:	6059      	str	r1, [r3, #4]
100013b0:	2301      	movs	r3, #1
100013b2:	4a45      	ldr	r2, [pc, #276]	; (100014c8 <main+0x1050>)
100013b4:	9404      	str	r4, [sp, #16]
100013b6:	9505      	str	r5, [sp, #20]
100013b8:	7013      	strb	r3, [r2, #0]
100013ba:	4b44      	ldr	r3, [pc, #272]	; (100014cc <main+0x1054>)
100013bc:	4847      	ldr	r0, [pc, #284]	; (100014dc <main+0x1064>)
100013be:	2200      	movs	r2, #0
100013c0:	5e9b      	ldrsh	r3, [r3, r2]
100013c2:	2220      	movs	r2, #32
100013c4:	469c      	mov	ip, r3
100013c6:	234f      	movs	r3, #79	; 0x4f
100013c8:	4699      	mov	r9, r3
100013ca:	464c      	mov	r4, r9
100013cc:	4665      	mov	r5, ip
100013ce:	46b9      	mov	r9, r7
100013d0:	0027      	movs	r7, r4
100013d2:	4b40      	ldr	r3, [pc, #256]	; (100014d4 <main+0x105c>)
100013d4:	2900      	cmp	r1, #0
100013d6:	d13a      	bne.n	1000144e <main+0xfd6>
100013d8:	42bd      	cmp	r5, r7
100013da:	d03f      	beq.n	1000145c <main+0xfe4>
100013dc:	6999      	ldr	r1, [r3, #24]
100013de:	420a      	tst	r2, r1
100013e0:	d1fc      	bne.n	100013dc <main+0xf64>
100013e2:	601f      	str	r7, [r3, #0]
100013e4:	7801      	ldrb	r1, [r0, #0]
100013e6:	3001      	adds	r0, #1
100013e8:	390d      	subs	r1, #13
100013ea:	424f      	negs	r7, r1
100013ec:	4179      	adcs	r1, r7
100013ee:	7807      	ldrb	r7, [r0, #0]
100013f0:	b2c9      	uxtb	r1, r1
100013f2:	2f00      	cmp	r7, #0
100013f4:	d1ee      	bne.n	100013d4 <main+0xf5c>
100013f6:	464f      	mov	r7, r9
100013f8:	2300      	movs	r3, #0
100013fa:	7838      	ldrb	r0, [r7, #0]
100013fc:	46ac      	mov	ip, r5
100013fe:	9c04      	ldr	r4, [sp, #16]
10001400:	9d05      	ldr	r5, [sp, #20]
10001402:	4298      	cmp	r0, r3
10001404:	d017      	beq.n	10001436 <main+0xfbe>
10001406:	260d      	movs	r6, #13
10001408:	2120      	movs	r1, #32
1000140a:	46b1      	mov	r9, r6
1000140c:	4665      	mov	r5, ip
1000140e:	4a31      	ldr	r2, [pc, #196]	; (100014d4 <main+0x105c>)
10001410:	2b00      	cmp	r3, #0
10001412:	d129      	bne.n	10001468 <main+0xff0>
10001414:	42a8      	cmp	r0, r5
10001416:	d02e      	beq.n	10001476 <main+0xffe>
10001418:	6993      	ldr	r3, [r2, #24]
1000141a:	4219      	tst	r1, r3
1000141c:	d1fc      	bne.n	10001418 <main+0xfa0>
1000141e:	6010      	str	r0, [r2, #0]
10001420:	783b      	ldrb	r3, [r7, #0]
10001422:	3701      	adds	r7, #1
10001424:	3b0d      	subs	r3, #13
10001426:	4258      	negs	r0, r3
10001428:	4143      	adcs	r3, r0
1000142a:	7838      	ldrb	r0, [r7, #0]
1000142c:	b2db      	uxtb	r3, r3
1000142e:	2800      	cmp	r0, #0
10001430:	d1ee      	bne.n	10001410 <main+0xf98>
10001432:	9c04      	ldr	r4, [sp, #16]
10001434:	9d05      	ldr	r5, [sp, #20]
10001436:	2120      	movs	r1, #32
10001438:	4a26      	ldr	r2, [pc, #152]	; (100014d4 <main+0x105c>)
1000143a:	6993      	ldr	r3, [r2, #24]
1000143c:	4219      	tst	r1, r3
1000143e:	d1fc      	bne.n	1000143a <main+0xfc2>
10001440:	f7ff fa6c 	bl	1000091c <main+0x4a4>
10001444:	23fe      	movs	r3, #254	; 0xfe
10001446:	059b      	lsls	r3, r3, #22
10001448:	4699      	mov	r9, r3
1000144a:	f7ff f9f6 	bl	1000083a <main+0x3c2>
1000144e:	6999      	ldr	r1, [r3, #24]
10001450:	420a      	tst	r2, r1
10001452:	d0c6      	beq.n	100013e2 <main+0xf6a>
10001454:	6999      	ldr	r1, [r3, #24]
10001456:	420a      	tst	r2, r1
10001458:	d1f9      	bne.n	1000144e <main+0xfd6>
1000145a:	e7c2      	b.n	100013e2 <main+0xf6a>
1000145c:	6999      	ldr	r1, [r3, #24]
1000145e:	420a      	tst	r2, r1
10001460:	d1fc      	bne.n	1000145c <main+0xfe4>
10001462:	210d      	movs	r1, #13
10001464:	6019      	str	r1, [r3, #0]
10001466:	e7b9      	b.n	100013dc <main+0xf64>
10001468:	6993      	ldr	r3, [r2, #24]
1000146a:	4219      	tst	r1, r3
1000146c:	d0d7      	beq.n	1000141e <main+0xfa6>
1000146e:	6993      	ldr	r3, [r2, #24]
10001470:	4219      	tst	r1, r3
10001472:	d1f9      	bne.n	10001468 <main+0xff0>
10001474:	e7d3      	b.n	1000141e <main+0xfa6>
10001476:	6993      	ldr	r3, [r2, #24]
10001478:	4219      	tst	r1, r3
1000147a:	d1fc      	bne.n	10001476 <main+0xffe>
1000147c:	464b      	mov	r3, r9
1000147e:	6013      	str	r3, [r2, #0]
10001480:	e7ca      	b.n	10001418 <main+0xfa0>
10001482:	22fa      	movs	r2, #250	; 0xfa
10001484:	2300      	movs	r3, #0
10001486:	0092      	lsls	r2, r2, #2
10001488:	f001 fe0c 	bl	100030a4 <__wrap___aeabi_uldivmod>
1000148c:	e78c      	b.n	100013a8 <main+0xf30>
1000148e:	2380      	movs	r3, #128	; 0x80
10001490:	061b      	lsls	r3, r3, #24
10001492:	444b      	add	r3, r9
10001494:	4699      	mov	r9, r3
10001496:	1c1e      	adds	r6, r3, #0
10001498:	e776      	b.n	10001388 <main+0xf10>
1000149a:	2301      	movs	r3, #1
1000149c:	4699      	mov	r9, r3
1000149e:	e4a0      	b.n	10000de2 <main+0x96a>
100014a0:	2300      	movs	r3, #0
100014a2:	464e      	mov	r6, r9
100014a4:	4699      	mov	r9, r3
100014a6:	e76f      	b.n	10001388 <main+0xf10>
100014a8:	4681      	mov	r9, r0
100014aa:	e49a      	b.n	10000de2 <main+0x96a>
100014ac:	2300      	movs	r3, #0
100014ae:	1c1e      	adds	r6, r3, #0
100014b0:	e76a      	b.n	10001388 <main+0xf10>
100014b2:	46c0      	nop			; (mov r8, r8)
100014b4:	0000ffff 	.word	0x0000ffff
100014b8:	fffe0001 	.word	0xfffe0001
100014bc:	4005100c 	.word	0x4005100c
100014c0:	4005000c 	.word	0x4005000c
100014c4:	20000f78 	.word	0x20000f78
100014c8:	2000109a 	.word	0x2000109a
100014cc:	20001094 	.word	0x20001094
100014d0:	100083b0 	.word	0x100083b0
100014d4:	40034000 	.word	0x40034000
100014d8:	100082f8 	.word	0x100082f8
100014dc:	1000844c 	.word	0x1000844c
100014e0:	0038      	movs	r0, r7
100014e2:	4947      	ldr	r1, [pc, #284]	; (10001600 <main+0x1188>)
100014e4:	f004 f9f8 	bl	100058d8 <strcmp>
100014e8:	2800      	cmp	r0, #0
100014ea:	d10d      	bne.n	10001508 <main+0x1090>
100014ec:	2280      	movs	r2, #128	; 0x80
100014ee:	0612      	lsls	r2, r2, #24
100014f0:	4694      	mov	ip, r2
100014f2:	0033      	movs	r3, r6
100014f4:	464a      	mov	r2, r9
100014f6:	4463      	add	r3, ip
100014f8:	4462      	add	r2, ip
100014fa:	0016      	movs	r6, r2
100014fc:	4699      	mov	r9, r3
100014fe:	e743      	b.n	10001388 <main+0xf10>
10001500:	464b      	mov	r3, r9
10001502:	46b1      	mov	r9, r6
10001504:	1c1e      	adds	r6, r3, #0
10001506:	e73f      	b.n	10001388 <main+0xf10>
10001508:	0038      	movs	r0, r7
1000150a:	493e      	ldr	r1, [pc, #248]	; (10001604 <main+0x118c>)
1000150c:	f004 f9e4 	bl	100058d8 <strcmp>
10001510:	2800      	cmp	r0, #0
10001512:	d105      	bne.n	10001520 <main+0x10a8>
10001514:	2380      	movs	r3, #128	; 0x80
10001516:	061b      	lsls	r3, r3, #24
10001518:	444b      	add	r3, r9
1000151a:	464e      	mov	r6, r9
1000151c:	4699      	mov	r9, r3
1000151e:	e733      	b.n	10001388 <main+0xf10>
10001520:	0038      	movs	r0, r7
10001522:	4939      	ldr	r1, [pc, #228]	; (10001608 <main+0x1190>)
10001524:	f004 f9d8 	bl	100058d8 <strcmp>
10001528:	2800      	cmp	r0, #0
1000152a:	d104      	bne.n	10001536 <main+0x10be>
1000152c:	2380      	movs	r3, #128	; 0x80
1000152e:	061b      	lsls	r3, r3, #24
10001530:	444b      	add	r3, r9
10001532:	001e      	movs	r6, r3
10001534:	e728      	b.n	10001388 <main+0xf10>
10001536:	465a      	mov	r2, fp
10001538:	2314      	movs	r3, #20
1000153a:	6891      	ldr	r1, [r2, #8]
1000153c:	68d2      	ldr	r2, [r2, #12]
1000153e:	4699      	mov	r9, r3
10001540:	4359      	muls	r1, r3
10001542:	1e50      	subs	r0, r2, #1
10001544:	4182      	sbcs	r2, r0
10001546:	4b31      	ldr	r3, [pc, #196]	; (1000160c <main+0x1194>)
10001548:	4831      	ldr	r0, [pc, #196]	; (10001610 <main+0x1198>)
1000154a:	469c      	mov	ip, r3
1000154c:	4252      	negs	r2, r2
1000154e:	4b31      	ldr	r3, [pc, #196]	; (10001614 <main+0x119c>)
10001550:	4002      	ands	r2, r0
10001552:	4462      	add	r2, ip
10001554:	469c      	mov	ip, r3
10001556:	4e30      	ldr	r6, [pc, #192]	; (10001618 <main+0x11a0>)
10001558:	4b30      	ldr	r3, [pc, #192]	; (1000161c <main+0x11a4>)
1000155a:	198f      	adds	r7, r1, r6
1000155c:	683f      	ldr	r7, [r7, #0]
1000155e:	4461      	add	r1, ip
10001560:	403a      	ands	r2, r7
10001562:	600a      	str	r2, [r1, #0]
10001564:	689a      	ldr	r2, [r3, #8]
10001566:	464b      	mov	r3, r9
10001568:	435a      	muls	r2, r3
1000156a:	4b2c      	ldr	r3, [pc, #176]	; (1000161c <main+0x11a4>)
1000156c:	1991      	adds	r1, r2, r6
1000156e:	68db      	ldr	r3, [r3, #12]
10001570:	6809      	ldr	r1, [r1, #0]
10001572:	1e5f      	subs	r7, r3, #1
10001574:	41bb      	sbcs	r3, r7
10001576:	425b      	negs	r3, r3
10001578:	4003      	ands	r3, r0
1000157a:	4824      	ldr	r0, [pc, #144]	; (1000160c <main+0x1194>)
1000157c:	260d      	movs	r6, #13
1000157e:	4684      	mov	ip, r0
10001580:	4463      	add	r3, ip
10001582:	400b      	ands	r3, r1
10001584:	4923      	ldr	r1, [pc, #140]	; (10001614 <main+0x119c>)
10001586:	9404      	str	r4, [sp, #16]
10001588:	9505      	str	r5, [sp, #20]
1000158a:	468c      	mov	ip, r1
1000158c:	2100      	movs	r1, #0
1000158e:	4462      	add	r2, ip
10001590:	6013      	str	r3, [r2, #0]
10001592:	4b23      	ldr	r3, [pc, #140]	; (10001620 <main+0x11a8>)
10001594:	2745      	movs	r7, #69	; 0x45
10001596:	7019      	strb	r1, [r3, #0]
10001598:	4b22      	ldr	r3, [pc, #136]	; (10001624 <main+0x11ac>)
1000159a:	46b1      	mov	r9, r6
1000159c:	2200      	movs	r2, #0
1000159e:	5e9b      	ldrsh	r3, [r3, r2]
100015a0:	2220      	movs	r2, #32
100015a2:	469c      	mov	ip, r3
100015a4:	4665      	mov	r5, ip
100015a6:	4820      	ldr	r0, [pc, #128]	; (10001628 <main+0x11b0>)
100015a8:	4b20      	ldr	r3, [pc, #128]	; (1000162c <main+0x11b4>)
100015aa:	2900      	cmp	r1, #0
100015ac:	d11a      	bne.n	100015e4 <main+0x116c>
100015ae:	42bd      	cmp	r5, r7
100015b0:	d01f      	beq.n	100015f2 <main+0x117a>
100015b2:	6999      	ldr	r1, [r3, #24]
100015b4:	420a      	tst	r2, r1
100015b6:	d1fc      	bne.n	100015b2 <main+0x113a>
100015b8:	601f      	str	r7, [r3, #0]
100015ba:	7801      	ldrb	r1, [r0, #0]
100015bc:	3001      	adds	r0, #1
100015be:	390d      	subs	r1, #13
100015c0:	424f      	negs	r7, r1
100015c2:	4179      	adcs	r1, r7
100015c4:	7807      	ldrb	r7, [r0, #0]
100015c6:	b2c9      	uxtb	r1, r1
100015c8:	2f00      	cmp	r7, #0
100015ca:	d1ee      	bne.n	100015aa <main+0x1132>
100015cc:	9c04      	ldr	r4, [sp, #16]
100015ce:	9d05      	ldr	r5, [sp, #20]
100015d0:	2120      	movs	r1, #32
100015d2:	4b16      	ldr	r3, [pc, #88]	; (1000162c <main+0x11b4>)
100015d4:	699a      	ldr	r2, [r3, #24]
100015d6:	4211      	tst	r1, r2
100015d8:	d1fc      	bne.n	100015d4 <main+0x115c>
100015da:	220a      	movs	r2, #10
100015dc:	2700      	movs	r7, #0
100015de:	601a      	str	r2, [r3, #0]
100015e0:	f7ff f82e 	bl	10000640 <main+0x1c8>
100015e4:	6999      	ldr	r1, [r3, #24]
100015e6:	420a      	tst	r2, r1
100015e8:	d0e6      	beq.n	100015b8 <main+0x1140>
100015ea:	6999      	ldr	r1, [r3, #24]
100015ec:	420a      	tst	r2, r1
100015ee:	d1f9      	bne.n	100015e4 <main+0x116c>
100015f0:	e7e2      	b.n	100015b8 <main+0x1140>
100015f2:	6999      	ldr	r1, [r3, #24]
100015f4:	420a      	tst	r2, r1
100015f6:	d1fc      	bne.n	100015f2 <main+0x117a>
100015f8:	4649      	mov	r1, r9
100015fa:	6019      	str	r1, [r3, #0]
100015fc:	e7d9      	b.n	100015b2 <main+0x113a>
100015fe:	46c0      	nop			; (mov r8, r8)
10001600:	10008408 	.word	0x10008408
10001604:	10008418 	.word	0x10008418
10001608:	10008424 	.word	0x10008424
1000160c:	0000ffff 	.word	0x0000ffff
10001610:	fffe0001 	.word	0xfffe0001
10001614:	4005100c 	.word	0x4005100c
10001618:	4005000c 	.word	0x4005000c
1000161c:	20000f78 	.word	0x20000f78
10001620:	2000109a 	.word	0x2000109a
10001624:	20001094 	.word	0x20001094
10001628:	10008434 	.word	0x10008434
1000162c:	40034000 	.word	0x40034000

10001630 <gpio_default_irq_handler>:
10001630:	23d0      	movs	r3, #208	; 0xd0
10001632:	061b      	lsls	r3, r3, #24
10001634:	681a      	ldr	r2, [r3, #0]
10001636:	b5f0      	push	{r4, r5, r6, r7, lr}
10001638:	0093      	lsls	r3, r2, #2
1000163a:	4645      	mov	r5, r8
1000163c:	4698      	mov	r8, r3
1000163e:	4641      	mov	r1, r8
10001640:	4b91      	ldr	r3, [pc, #580]	; (10001888 <gpio_default_irq_handler+0x258>)
10001642:	46de      	mov	lr, fp
10001644:	4657      	mov	r7, sl
10001646:	464e      	mov	r6, r9
10001648:	585b      	ldr	r3, [r3, r1]
1000164a:	b5e0      	push	{r5, r6, r7, lr}
1000164c:	469b      	mov	fp, r3
1000164e:	0053      	lsls	r3, r2, #1
10001650:	189b      	adds	r3, r3, r2
10001652:	4a8e      	ldr	r2, [pc, #568]	; (1000188c <gpio_default_irq_handler+0x25c>)
10001654:	011b      	lsls	r3, r3, #4
10001656:	4694      	mov	ip, r2
10001658:	b083      	sub	sp, #12
1000165a:	4463      	add	r3, ip
1000165c:	9301      	str	r3, [sp, #4]
1000165e:	4b8c      	ldr	r3, [pc, #560]	; (10001890 <gpio_default_irq_handler+0x260>)
10001660:	2608      	movs	r6, #8
10001662:	469a      	mov	sl, r3
10001664:	0035      	movs	r5, r6
10001666:	3d08      	subs	r5, #8
10001668:	08ea      	lsrs	r2, r5, #3
1000166a:	0013      	movs	r3, r2
1000166c:	9901      	ldr	r1, [sp, #4]
1000166e:	3308      	adds	r3, #8
10001670:	009b      	lsls	r3, r3, #2
10001672:	585c      	ldr	r4, [r3, r1]
10001674:	2c00      	cmp	r4, #0
10001676:	d027      	beq.n	100016c8 <gpio_default_irq_handler+0x98>
10001678:	465b      	mov	r3, fp
1000167a:	2b00      	cmp	r3, #0
1000167c:	d02e      	beq.n	100016dc <gpio_default_irq_handler+0xac>
1000167e:	2301      	movs	r3, #1
10001680:	270f      	movs	r7, #15
10001682:	4699      	mov	r9, r3
10001684:	0039      	movs	r1, r7
10001686:	4021      	ands	r1, r4
10001688:	4227      	tst	r7, r4
1000168a:	d017      	beq.n	100016bc <gpio_default_irq_handler+0x8c>
1000168c:	4652      	mov	r2, sl
1000168e:	4640      	mov	r0, r8
10001690:	002b      	movs	r3, r5
10001692:	5812      	ldr	r2, [r2, r0]
10001694:	3b20      	subs	r3, #32
10001696:	40ea      	lsrs	r2, r5
10001698:	17db      	asrs	r3, r3, #31
1000169a:	4013      	ands	r3, r2
1000169c:	464a      	mov	r2, r9
1000169e:	4213      	tst	r3, r2
100016a0:	d10c      	bne.n	100016bc <gpio_default_irq_handler+0x8c>
100016a2:	2207      	movs	r2, #7
100016a4:	0008      	movs	r0, r1
100016a6:	402a      	ands	r2, r5
100016a8:	0092      	lsls	r2, r2, #2
100016aa:	4090      	lsls	r0, r2
100016ac:	0002      	movs	r2, r0
100016ae:	08eb      	lsrs	r3, r5, #3
100016b0:	4878      	ldr	r0, [pc, #480]	; (10001894 <gpio_default_irq_handler+0x264>)
100016b2:	333c      	adds	r3, #60	; 0x3c
100016b4:	009b      	lsls	r3, r3, #2
100016b6:	501a      	str	r2, [r3, r0]
100016b8:	0028      	movs	r0, r5
100016ba:	47d8      	blx	fp
100016bc:	0924      	lsrs	r4, r4, #4
100016be:	3501      	adds	r5, #1
100016c0:	2c00      	cmp	r4, #0
100016c2:	d001      	beq.n	100016c8 <gpio_default_irq_handler+0x98>
100016c4:	42b5      	cmp	r5, r6
100016c6:	d3dd      	bcc.n	10001684 <gpio_default_irq_handler+0x54>
100016c8:	3608      	adds	r6, #8
100016ca:	2e28      	cmp	r6, #40	; 0x28
100016cc:	d1ca      	bne.n	10001664 <gpio_default_irq_handler+0x34>
100016ce:	b003      	add	sp, #12
100016d0:	bcf0      	pop	{r4, r5, r6, r7}
100016d2:	46bb      	mov	fp, r7
100016d4:	46b2      	mov	sl, r6
100016d6:	46a9      	mov	r9, r5
100016d8:	46a0      	mov	r8, r4
100016da:	bdf0      	pop	{r4, r5, r6, r7, pc}
100016dc:	230f      	movs	r3, #15
100016de:	0018      	movs	r0, r3
100016e0:	4020      	ands	r0, r4
100016e2:	4223      	tst	r3, r4
100016e4:	d009      	beq.n	100016fa <gpio_default_irq_handler+0xca>
100016e6:	4641      	mov	r1, r8
100016e8:	4b69      	ldr	r3, [pc, #420]	; (10001890 <gpio_default_irq_handler+0x260>)
100016ea:	5859      	ldr	r1, [r3, r1]
100016ec:	0033      	movs	r3, r6
100016ee:	40e9      	lsrs	r1, r5
100016f0:	3b28      	subs	r3, #40	; 0x28
100016f2:	0fdb      	lsrs	r3, r3, #31
100016f4:	420b      	tst	r3, r1
100016f6:	d100      	bne.n	100016fa <gpio_default_irq_handler+0xca>
100016f8:	e097      	b.n	1000182a <gpio_default_irq_handler+0x1fa>
100016fa:	0923      	lsrs	r3, r4, #4
100016fc:	1ff1      	subs	r1, r6, #7
100016fe:	2b00      	cmp	r3, #0
10001700:	d0e2      	beq.n	100016c8 <gpio_default_irq_handler+0x98>
10001702:	220f      	movs	r2, #15
10001704:	0010      	movs	r0, r2
10001706:	4018      	ands	r0, r3
10001708:	421a      	tst	r2, r3
1000170a:	d011      	beq.n	10001730 <gpio_default_irq_handler+0x100>
1000170c:	4642      	mov	r2, r8
1000170e:	4b60      	ldr	r3, [pc, #384]	; (10001890 <gpio_default_irq_handler+0x260>)
10001710:	589a      	ldr	r2, [r3, r2]
10001712:	0033      	movs	r3, r6
10001714:	40ca      	lsrs	r2, r1
10001716:	3b27      	subs	r3, #39	; 0x27
10001718:	0fdb      	lsrs	r3, r3, #31
1000171a:	4213      	tst	r3, r2
1000171c:	d108      	bne.n	10001730 <gpio_default_irq_handler+0x100>
1000171e:	2207      	movs	r2, #7
10001720:	08cb      	lsrs	r3, r1, #3
10001722:	4011      	ands	r1, r2
10001724:	0089      	lsls	r1, r1, #2
10001726:	4088      	lsls	r0, r1
10001728:	4a5a      	ldr	r2, [pc, #360]	; (10001894 <gpio_default_irq_handler+0x264>)
1000172a:	333c      	adds	r3, #60	; 0x3c
1000172c:	009b      	lsls	r3, r3, #2
1000172e:	5098      	str	r0, [r3, r2]
10001730:	0a23      	lsrs	r3, r4, #8
10001732:	1fb1      	subs	r1, r6, #6
10001734:	2b00      	cmp	r3, #0
10001736:	d0c7      	beq.n	100016c8 <gpio_default_irq_handler+0x98>
10001738:	220f      	movs	r2, #15
1000173a:	0010      	movs	r0, r2
1000173c:	4018      	ands	r0, r3
1000173e:	421a      	tst	r2, r3
10001740:	d011      	beq.n	10001766 <gpio_default_irq_handler+0x136>
10001742:	4642      	mov	r2, r8
10001744:	4b52      	ldr	r3, [pc, #328]	; (10001890 <gpio_default_irq_handler+0x260>)
10001746:	589a      	ldr	r2, [r3, r2]
10001748:	0033      	movs	r3, r6
1000174a:	40ca      	lsrs	r2, r1
1000174c:	3b26      	subs	r3, #38	; 0x26
1000174e:	0fdb      	lsrs	r3, r3, #31
10001750:	4213      	tst	r3, r2
10001752:	d108      	bne.n	10001766 <gpio_default_irq_handler+0x136>
10001754:	2207      	movs	r2, #7
10001756:	08cb      	lsrs	r3, r1, #3
10001758:	4011      	ands	r1, r2
1000175a:	0089      	lsls	r1, r1, #2
1000175c:	4088      	lsls	r0, r1
1000175e:	4a4d      	ldr	r2, [pc, #308]	; (10001894 <gpio_default_irq_handler+0x264>)
10001760:	333c      	adds	r3, #60	; 0x3c
10001762:	009b      	lsls	r3, r3, #2
10001764:	5098      	str	r0, [r3, r2]
10001766:	0b23      	lsrs	r3, r4, #12
10001768:	1f71      	subs	r1, r6, #5
1000176a:	2b00      	cmp	r3, #0
1000176c:	d0ac      	beq.n	100016c8 <gpio_default_irq_handler+0x98>
1000176e:	220f      	movs	r2, #15
10001770:	0010      	movs	r0, r2
10001772:	4018      	ands	r0, r3
10001774:	421a      	tst	r2, r3
10001776:	d145      	bne.n	10001804 <gpio_default_irq_handler+0x1d4>
10001778:	0c23      	lsrs	r3, r4, #16
1000177a:	1f31      	subs	r1, r6, #4
1000177c:	2b00      	cmp	r3, #0
1000177e:	d0a3      	beq.n	100016c8 <gpio_default_irq_handler+0x98>
10001780:	220f      	movs	r2, #15
10001782:	0010      	movs	r0, r2
10001784:	4018      	ands	r0, r3
10001786:	421a      	tst	r2, r3
10001788:	d158      	bne.n	1000183c <gpio_default_irq_handler+0x20c>
1000178a:	0d23      	lsrs	r3, r4, #20
1000178c:	1ef1      	subs	r1, r6, #3
1000178e:	2b00      	cmp	r3, #0
10001790:	d09a      	beq.n	100016c8 <gpio_default_irq_handler+0x98>
10001792:	220f      	movs	r2, #15
10001794:	0010      	movs	r0, r2
10001796:	4018      	ands	r0, r3
10001798:	421a      	tst	r2, r3
1000179a:	d162      	bne.n	10001862 <gpio_default_irq_handler+0x232>
1000179c:	0e23      	lsrs	r3, r4, #24
1000179e:	1eb1      	subs	r1, r6, #2
100017a0:	2b00      	cmp	r3, #0
100017a2:	d091      	beq.n	100016c8 <gpio_default_irq_handler+0x98>
100017a4:	220f      	movs	r2, #15
100017a6:	0010      	movs	r0, r2
100017a8:	4018      	ands	r0, r3
100017aa:	421a      	tst	r2, r3
100017ac:	d011      	beq.n	100017d2 <gpio_default_irq_handler+0x1a2>
100017ae:	4642      	mov	r2, r8
100017b0:	4b37      	ldr	r3, [pc, #220]	; (10001890 <gpio_default_irq_handler+0x260>)
100017b2:	589a      	ldr	r2, [r3, r2]
100017b4:	0033      	movs	r3, r6
100017b6:	40ca      	lsrs	r2, r1
100017b8:	3b22      	subs	r3, #34	; 0x22
100017ba:	0fdb      	lsrs	r3, r3, #31
100017bc:	4213      	tst	r3, r2
100017be:	d108      	bne.n	100017d2 <gpio_default_irq_handler+0x1a2>
100017c0:	2207      	movs	r2, #7
100017c2:	08cb      	lsrs	r3, r1, #3
100017c4:	4011      	ands	r1, r2
100017c6:	0089      	lsls	r1, r1, #2
100017c8:	4088      	lsls	r0, r1
100017ca:	4a32      	ldr	r2, [pc, #200]	; (10001894 <gpio_default_irq_handler+0x264>)
100017cc:	333c      	adds	r3, #60	; 0x3c
100017ce:	009b      	lsls	r3, r3, #2
100017d0:	5098      	str	r0, [r3, r2]
100017d2:	0f24      	lsrs	r4, r4, #28
100017d4:	1e71      	subs	r1, r6, #1
100017d6:	2c00      	cmp	r4, #0
100017d8:	d100      	bne.n	100017dc <gpio_default_irq_handler+0x1ac>
100017da:	e775      	b.n	100016c8 <gpio_default_irq_handler+0x98>
100017dc:	4653      	mov	r3, sl
100017de:	4642      	mov	r2, r8
100017e0:	589a      	ldr	r2, [r3, r2]
100017e2:	0033      	movs	r3, r6
100017e4:	40ca      	lsrs	r2, r1
100017e6:	3b21      	subs	r3, #33	; 0x21
100017e8:	0fdb      	lsrs	r3, r3, #31
100017ea:	4213      	tst	r3, r2
100017ec:	d000      	beq.n	100017f0 <gpio_default_irq_handler+0x1c0>
100017ee:	e76b      	b.n	100016c8 <gpio_default_irq_handler+0x98>
100017f0:	2207      	movs	r2, #7
100017f2:	08cb      	lsrs	r3, r1, #3
100017f4:	4011      	ands	r1, r2
100017f6:	0089      	lsls	r1, r1, #2
100017f8:	408c      	lsls	r4, r1
100017fa:	4a26      	ldr	r2, [pc, #152]	; (10001894 <gpio_default_irq_handler+0x264>)
100017fc:	333c      	adds	r3, #60	; 0x3c
100017fe:	009b      	lsls	r3, r3, #2
10001800:	509c      	str	r4, [r3, r2]
10001802:	e761      	b.n	100016c8 <gpio_default_irq_handler+0x98>
10001804:	4642      	mov	r2, r8
10001806:	4b22      	ldr	r3, [pc, #136]	; (10001890 <gpio_default_irq_handler+0x260>)
10001808:	589a      	ldr	r2, [r3, r2]
1000180a:	0033      	movs	r3, r6
1000180c:	40ca      	lsrs	r2, r1
1000180e:	3b25      	subs	r3, #37	; 0x25
10001810:	0fdb      	lsrs	r3, r3, #31
10001812:	4213      	tst	r3, r2
10001814:	d1b0      	bne.n	10001778 <gpio_default_irq_handler+0x148>
10001816:	2207      	movs	r2, #7
10001818:	08cb      	lsrs	r3, r1, #3
1000181a:	4011      	ands	r1, r2
1000181c:	0089      	lsls	r1, r1, #2
1000181e:	4088      	lsls	r0, r1
10001820:	4a1c      	ldr	r2, [pc, #112]	; (10001894 <gpio_default_irq_handler+0x264>)
10001822:	333c      	adds	r3, #60	; 0x3c
10001824:	009b      	lsls	r3, r3, #2
10001826:	5098      	str	r0, [r3, r2]
10001828:	e7a6      	b.n	10001778 <gpio_default_irq_handler+0x148>
1000182a:	2307      	movs	r3, #7
1000182c:	401d      	ands	r5, r3
1000182e:	00ad      	lsls	r5, r5, #2
10001830:	40a8      	lsls	r0, r5
10001832:	4b18      	ldr	r3, [pc, #96]	; (10001894 <gpio_default_irq_handler+0x264>)
10001834:	323c      	adds	r2, #60	; 0x3c
10001836:	0092      	lsls	r2, r2, #2
10001838:	50d0      	str	r0, [r2, r3]
1000183a:	e75e      	b.n	100016fa <gpio_default_irq_handler+0xca>
1000183c:	4642      	mov	r2, r8
1000183e:	4b14      	ldr	r3, [pc, #80]	; (10001890 <gpio_default_irq_handler+0x260>)
10001840:	589a      	ldr	r2, [r3, r2]
10001842:	0033      	movs	r3, r6
10001844:	40ca      	lsrs	r2, r1
10001846:	3b24      	subs	r3, #36	; 0x24
10001848:	0fdb      	lsrs	r3, r3, #31
1000184a:	4213      	tst	r3, r2
1000184c:	d19d      	bne.n	1000178a <gpio_default_irq_handler+0x15a>
1000184e:	2207      	movs	r2, #7
10001850:	08cb      	lsrs	r3, r1, #3
10001852:	4011      	ands	r1, r2
10001854:	0089      	lsls	r1, r1, #2
10001856:	4088      	lsls	r0, r1
10001858:	4a0e      	ldr	r2, [pc, #56]	; (10001894 <gpio_default_irq_handler+0x264>)
1000185a:	333c      	adds	r3, #60	; 0x3c
1000185c:	009b      	lsls	r3, r3, #2
1000185e:	5098      	str	r0, [r3, r2]
10001860:	e793      	b.n	1000178a <gpio_default_irq_handler+0x15a>
10001862:	4642      	mov	r2, r8
10001864:	4b0a      	ldr	r3, [pc, #40]	; (10001890 <gpio_default_irq_handler+0x260>)
10001866:	589a      	ldr	r2, [r3, r2]
10001868:	0033      	movs	r3, r6
1000186a:	40ca      	lsrs	r2, r1
1000186c:	3b23      	subs	r3, #35	; 0x23
1000186e:	0fdb      	lsrs	r3, r3, #31
10001870:	4213      	tst	r3, r2
10001872:	d193      	bne.n	1000179c <gpio_default_irq_handler+0x16c>
10001874:	2207      	movs	r2, #7
10001876:	08cb      	lsrs	r3, r1, #3
10001878:	4011      	ands	r1, r2
1000187a:	0089      	lsls	r1, r1, #2
1000187c:	4088      	lsls	r0, r1
1000187e:	4a05      	ldr	r2, [pc, #20]	; (10001894 <gpio_default_irq_handler+0x264>)
10001880:	333c      	adds	r3, #60	; 0x3c
10001882:	009b      	lsls	r3, r3, #2
10001884:	5098      	str	r0, [r3, r2]
10001886:	e789      	b.n	1000179c <gpio_default_irq_handler+0x16c>
10001888:	20000f00 	.word	0x20000f00
1000188c:	40014100 	.word	0x40014100
10001890:	20000f6c 	.word	0x20000f6c
10001894:	40014000 	.word	0x40014000

10001898 <gpio_set_function>:
10001898:	b510      	push	{r4, lr}
1000189a:	2440      	movs	r4, #64	; 0x40
1000189c:	4a08      	ldr	r2, [pc, #32]	; (100018c0 <gpio_set_function+0x28>)
1000189e:	0083      	lsls	r3, r0, #2
100018a0:	189a      	adds	r2, r3, r2
100018a2:	6812      	ldr	r2, [r2, #0]
100018a4:	00c0      	lsls	r0, r0, #3
100018a6:	4054      	eors	r4, r2
100018a8:	22c0      	movs	r2, #192	; 0xc0
100018aa:	4022      	ands	r2, r4
100018ac:	4c05      	ldr	r4, [pc, #20]	; (100018c4 <gpio_set_function+0x2c>)
100018ae:	46a4      	mov	ip, r4
100018b0:	4463      	add	r3, ip
100018b2:	601a      	str	r2, [r3, #0]
100018b4:	4b04      	ldr	r3, [pc, #16]	; (100018c8 <gpio_set_function+0x30>)
100018b6:	469c      	mov	ip, r3
100018b8:	4460      	add	r0, ip
100018ba:	6041      	str	r1, [r0, #4]
100018bc:	bd10      	pop	{r4, pc}
100018be:	46c0      	nop			; (mov r8, r8)
100018c0:	4001c004 	.word	0x4001c004
100018c4:	4001d004 	.word	0x4001d004
100018c8:	40014000 	.word	0x40014000

100018cc <gpio_set_pulls>:
100018cc:	4b0b      	ldr	r3, [pc, #44]	; (100018fc <gpio_set_pulls+0x30>)
100018ce:	0080      	lsls	r0, r0, #2
100018d0:	469c      	mov	ip, r3
100018d2:	4460      	add	r0, ip
100018d4:	2900      	cmp	r1, #0
100018d6:	d10e      	bne.n	100018f6 <gpio_set_pulls+0x2a>
100018d8:	2300      	movs	r3, #0
100018da:	3104      	adds	r1, #4
100018dc:	2a00      	cmp	r2, #0
100018de:	d100      	bne.n	100018e2 <gpio_set_pulls+0x16>
100018e0:	0019      	movs	r1, r3
100018e2:	2280      	movs	r2, #128	; 0x80
100018e4:	6803      	ldr	r3, [r0, #0]
100018e6:	0152      	lsls	r2, r2, #5
100018e8:	4059      	eors	r1, r3
100018ea:	4694      	mov	ip, r2
100018ec:	230c      	movs	r3, #12
100018ee:	4460      	add	r0, ip
100018f0:	400b      	ands	r3, r1
100018f2:	6003      	str	r3, [r0, #0]
100018f4:	4770      	bx	lr
100018f6:	210c      	movs	r1, #12
100018f8:	2308      	movs	r3, #8
100018fa:	e7ef      	b.n	100018dc <gpio_set_pulls+0x10>
100018fc:	4001c004 	.word	0x4001c004

10001900 <gpio_set_irq_enabled>:
10001900:	23d0      	movs	r3, #208	; 0xd0
10001902:	061b      	lsls	r3, r3, #24
10001904:	b530      	push	{r4, r5, lr}
10001906:	681c      	ldr	r4, [r3, #0]
10001908:	0005      	movs	r5, r0
1000190a:	0063      	lsls	r3, r4, #1
1000190c:	191c      	adds	r4, r3, r4
1000190e:	08c3      	lsrs	r3, r0, #3
10001910:	2007      	movs	r0, #7
10001912:	4028      	ands	r0, r5
10001914:	0080      	lsls	r0, r0, #2
10001916:	4081      	lsls	r1, r0
10001918:	0018      	movs	r0, r3
1000191a:	4d09      	ldr	r5, [pc, #36]	; (10001940 <gpio_set_irq_enabled+0x40>)
1000191c:	303c      	adds	r0, #60	; 0x3c
1000191e:	0124      	lsls	r4, r4, #4
10001920:	0080      	lsls	r0, r0, #2
10001922:	009b      	lsls	r3, r3, #2
10001924:	5141      	str	r1, [r0, r5]
10001926:	191b      	adds	r3, r3, r4
10001928:	2a00      	cmp	r2, #0
1000192a:	d004      	beq.n	10001936 <gpio_set_irq_enabled+0x36>
1000192c:	4a05      	ldr	r2, [pc, #20]	; (10001944 <gpio_set_irq_enabled+0x44>)
1000192e:	4694      	mov	ip, r2
10001930:	4463      	add	r3, ip
10001932:	6019      	str	r1, [r3, #0]
10001934:	bd30      	pop	{r4, r5, pc}
10001936:	4a04      	ldr	r2, [pc, #16]	; (10001948 <gpio_set_irq_enabled+0x48>)
10001938:	4694      	mov	ip, r2
1000193a:	4463      	add	r3, ip
1000193c:	6019      	str	r1, [r3, #0]
1000193e:	e7f9      	b.n	10001934 <gpio_set_irq_enabled+0x34>
10001940:	40014000 	.word	0x40014000
10001944:	40016100 	.word	0x40016100
10001948:	40017100 	.word	0x40017100

1000194c <gpio_set_irq_enabled_with_callback>:
1000194c:	b5f8      	push	{r3, r4, r5, r6, r7, lr}
1000194e:	46ce      	mov	lr, r9
10001950:	4647      	mov	r7, r8
10001952:	0005      	movs	r5, r0
10001954:	000c      	movs	r4, r1
10001956:	001e      	movs	r6, r3
10001958:	b580      	push	{r7, lr}
1000195a:	2a00      	cmp	r2, #0
1000195c:	d122      	bne.n	100019a4 <gpio_set_irq_enabled_with_callback+0x58>
1000195e:	21d0      	movs	r1, #208	; 0xd0
10001960:	0609      	lsls	r1, r1, #24
10001962:	680b      	ldr	r3, [r1, #0]
10001964:	4f33      	ldr	r7, [pc, #204]	; (10001a34 <gpio_set_irq_enabled_with_callback+0xe8>)
10001966:	005a      	lsls	r2, r3, #1
10001968:	18d3      	adds	r3, r2, r3
1000196a:	08c2      	lsrs	r2, r0, #3
1000196c:	2007      	movs	r0, #7
1000196e:	011b      	lsls	r3, r3, #4
10001970:	4005      	ands	r5, r0
10001972:	0010      	movs	r0, r2
10001974:	0092      	lsls	r2, r2, #2
10001976:	18d2      	adds	r2, r2, r3
10001978:	4b2f      	ldr	r3, [pc, #188]	; (10001a38 <gpio_set_irq_enabled_with_callback+0xec>)
1000197a:	00ad      	lsls	r5, r5, #2
1000197c:	469c      	mov	ip, r3
1000197e:	40ac      	lsls	r4, r5
10001980:	303c      	adds	r0, #60	; 0x3c
10001982:	4d2e      	ldr	r5, [pc, #184]	; (10001a3c <gpio_set_irq_enabled_with_callback+0xf0>)
10001984:	0080      	lsls	r0, r0, #2
10001986:	4462      	add	r2, ip
10001988:	5144      	str	r4, [r0, r5]
1000198a:	6014      	str	r4, [r2, #0]
1000198c:	680c      	ldr	r4, [r1, #0]
1000198e:	00a4      	lsls	r4, r4, #2
10001990:	593b      	ldr	r3, [r7, r4]
10001992:	2b00      	cmp	r3, #0
10001994:	d02f      	beq.n	100019f6 <gpio_set_irq_enabled_with_callback+0xaa>
10001996:	2e00      	cmp	r6, #0
10001998:	d042      	beq.n	10001a20 <gpio_set_irq_enabled_with_callback+0xd4>
1000199a:	513e      	str	r6, [r7, r4]
1000199c:	bcc0      	pop	{r6, r7}
1000199e:	46b9      	mov	r9, r7
100019a0:	46b0      	mov	r8, r6
100019a2:	bdf8      	pop	{r3, r4, r5, r6, r7, pc}
100019a4:	23d0      	movs	r3, #208	; 0xd0
100019a6:	061b      	lsls	r3, r3, #24
100019a8:	6819      	ldr	r1, [r3, #0]
100019aa:	4f22      	ldr	r7, [pc, #136]	; (10001a34 <gpio_set_irq_enabled_with_callback+0xe8>)
100019ac:	4699      	mov	r9, r3
100019ae:	008b      	lsls	r3, r1, #2
100019b0:	4698      	mov	r8, r3
100019b2:	58fb      	ldr	r3, [r7, r3]
100019b4:	2b00      	cmp	r3, #0
100019b6:	d027      	beq.n	10001a08 <gpio_set_irq_enabled_with_callback+0xbc>
100019b8:	2e00      	cmp	r6, #0
100019ba:	d036      	beq.n	10001a2a <gpio_set_irq_enabled_with_callback+0xde>
100019bc:	4643      	mov	r3, r8
100019be:	50fe      	str	r6, [r7, r3]
100019c0:	23d0      	movs	r3, #208	; 0xd0
100019c2:	061b      	lsls	r3, r3, #24
100019c4:	6819      	ldr	r1, [r3, #0]
100019c6:	2007      	movs	r0, #7
100019c8:	08eb      	lsrs	r3, r5, #3
100019ca:	4005      	ands	r5, r0
100019cc:	0018      	movs	r0, r3
100019ce:	00ad      	lsls	r5, r5, #2
100019d0:	40ac      	lsls	r4, r5
100019d2:	4a1a      	ldr	r2, [pc, #104]	; (10001a3c <gpio_set_irq_enabled_with_callback+0xf0>)
100019d4:	303c      	adds	r0, #60	; 0x3c
100019d6:	0080      	lsls	r0, r0, #2
100019d8:	5084      	str	r4, [r0, r2]
100019da:	004a      	lsls	r2, r1, #1
100019dc:	1852      	adds	r2, r2, r1
100019de:	0112      	lsls	r2, r2, #4
100019e0:	009b      	lsls	r3, r3, #2
100019e2:	189b      	adds	r3, r3, r2
100019e4:	4a16      	ldr	r2, [pc, #88]	; (10001a40 <gpio_set_irq_enabled_with_callback+0xf4>)
100019e6:	2101      	movs	r1, #1
100019e8:	4694      	mov	ip, r2
100019ea:	4463      	add	r3, ip
100019ec:	200d      	movs	r0, #13
100019ee:	601c      	str	r4, [r3, #0]
100019f0:	f000 f8b0 	bl	10001b54 <irq_set_enabled>
100019f4:	e7d2      	b.n	1000199c <gpio_set_irq_enabled_with_callback+0x50>
100019f6:	2e00      	cmp	r6, #0
100019f8:	d0d0      	beq.n	1000199c <gpio_set_irq_enabled_with_callback+0x50>
100019fa:	2200      	movs	r2, #0
100019fc:	200d      	movs	r0, #13
100019fe:	4911      	ldr	r1, [pc, #68]	; (10001a44 <gpio_set_irq_enabled_with_callback+0xf8>)
10001a00:	513e      	str	r6, [r7, r4]
10001a02:	f000 f8e3 	bl	10001bcc <irq_add_shared_handler>
10001a06:	e7c9      	b.n	1000199c <gpio_set_irq_enabled_with_callback+0x50>
10001a08:	2e00      	cmp	r6, #0
10001a0a:	d0dc      	beq.n	100019c6 <gpio_set_irq_enabled_with_callback+0x7a>
10001a0c:	4643      	mov	r3, r8
10001a0e:	490d      	ldr	r1, [pc, #52]	; (10001a44 <gpio_set_irq_enabled_with_callback+0xf8>)
10001a10:	50fe      	str	r6, [r7, r3]
10001a12:	2200      	movs	r2, #0
10001a14:	200d      	movs	r0, #13
10001a16:	f000 f8d9 	bl	10001bcc <irq_add_shared_handler>
10001a1a:	464b      	mov	r3, r9
10001a1c:	6819      	ldr	r1, [r3, #0]
10001a1e:	e7d2      	b.n	100019c6 <gpio_set_irq_enabled_with_callback+0x7a>
10001a20:	200d      	movs	r0, #13
10001a22:	4908      	ldr	r1, [pc, #32]	; (10001a44 <gpio_set_irq_enabled_with_callback+0xf8>)
10001a24:	f000 f9aa 	bl	10001d7c <irq_remove_handler>
10001a28:	e7b7      	b.n	1000199a <gpio_set_irq_enabled_with_callback+0x4e>
10001a2a:	200d      	movs	r0, #13
10001a2c:	4905      	ldr	r1, [pc, #20]	; (10001a44 <gpio_set_irq_enabled_with_callback+0xf8>)
10001a2e:	f000 f9a5 	bl	10001d7c <irq_remove_handler>
10001a32:	e7c3      	b.n	100019bc <gpio_set_irq_enabled_with_callback+0x70>
10001a34:	20000f00 	.word	0x20000f00
10001a38:	40017100 	.word	0x40017100
10001a3c:	40014000 	.word	0x40014000
10001a40:	40016100 	.word	0x40016100
10001a44:	10001631 	.word	0x10001631

10001a48 <gpio_init>:
10001a48:	2301      	movs	r3, #1
10001a4a:	22d0      	movs	r2, #208	; 0xd0
10001a4c:	4083      	lsls	r3, r0
10001a4e:	2140      	movs	r1, #64	; 0x40
10001a50:	0612      	lsls	r2, r2, #24
10001a52:	6293      	str	r3, [r2, #40]	; 0x28
10001a54:	6193      	str	r3, [r2, #24]
10001a56:	4a09      	ldr	r2, [pc, #36]	; (10001a7c <gpio_init+0x34>)
10001a58:	0083      	lsls	r3, r0, #2
10001a5a:	189a      	adds	r2, r3, r2
10001a5c:	6812      	ldr	r2, [r2, #0]
10001a5e:	00c0      	lsls	r0, r0, #3
10001a60:	4051      	eors	r1, r2
10001a62:	22c0      	movs	r2, #192	; 0xc0
10001a64:	400a      	ands	r2, r1
10001a66:	4906      	ldr	r1, [pc, #24]	; (10001a80 <gpio_init+0x38>)
10001a68:	468c      	mov	ip, r1
10001a6a:	4463      	add	r3, ip
10001a6c:	601a      	str	r2, [r3, #0]
10001a6e:	4b05      	ldr	r3, [pc, #20]	; (10001a84 <gpio_init+0x3c>)
10001a70:	469c      	mov	ip, r3
10001a72:	2305      	movs	r3, #5
10001a74:	4460      	add	r0, ip
10001a76:	6043      	str	r3, [r0, #4]
10001a78:	4770      	bx	lr
10001a7a:	46c0      	nop			; (mov r8, r8)
10001a7c:	4001c004 	.word	0x4001c004
10001a80:	4001d004 	.word	0x4001d004
10001a84:	40014000 	.word	0x40014000

10001a88 <panic>:
10001a88:	b40f      	push	{r0, r1, r2, r3}
10001a8a:	b500      	push	{lr}
10001a8c:	4808      	ldr	r0, [pc, #32]	; (10001ab0 <panic+0x28>)
10001a8e:	b083      	sub	sp, #12
10001a90:	f003 fc06 	bl	100052a0 <__wrap_puts>
10001a94:	9b04      	ldr	r3, [sp, #16]
10001a96:	2b00      	cmp	r3, #0
10001a98:	d007      	beq.n	10001aaa <panic+0x22>
10001a9a:	a905      	add	r1, sp, #20
10001a9c:	0018      	movs	r0, r3
10001a9e:	9101      	str	r1, [sp, #4]
10001aa0:	f003 fa66 	bl	10004f70 <weak_raw_vprintf>
10001aa4:	4803      	ldr	r0, [pc, #12]	; (10001ab4 <panic+0x2c>)
10001aa6:	f003 fbfb 	bl	100052a0 <__wrap_puts>
10001aaa:	2001      	movs	r0, #1
10001aac:	f003 fa78 	bl	10004fa0 <_exit>
10001ab0:	100084c8 	.word	0x100084c8
10001ab4:	10008814 	.word	0x10008814

10001ab8 <hw_claim_or_assert>:
10001ab8:	b570      	push	{r4, r5, r6, lr}
10001aba:	f3ef 8c10 	mrs	ip, PRIMASK
10001abe:	b672      	cpsid	i
10001ac0:	4d0d      	ldr	r5, [pc, #52]	; (10001af8 <hw_claim_or_assert+0x40>)
10001ac2:	682b      	ldr	r3, [r5, #0]
10001ac4:	2b00      	cmp	r3, #0
10001ac6:	d0fc      	beq.n	10001ac2 <hw_claim_or_assert+0xa>
10001ac8:	f3bf 8f5f 	dmb	sy
10001acc:	2407      	movs	r4, #7
10001ace:	08cb      	lsrs	r3, r1, #3
10001ad0:	18c6      	adds	r6, r0, r3
10001ad2:	5cc0      	ldrb	r0, [r0, r3]
10001ad4:	2301      	movs	r3, #1
10001ad6:	400c      	ands	r4, r1
10001ad8:	40a3      	lsls	r3, r4
10001ada:	001c      	movs	r4, r3
10001adc:	4004      	ands	r4, r0
10001ade:	4203      	tst	r3, r0
10001ae0:	d107      	bne.n	10001af2 <hw_claim_or_assert+0x3a>
10001ae2:	4303      	orrs	r3, r0
10001ae4:	7033      	strb	r3, [r6, #0]
10001ae6:	f3bf 8f5f 	dmb	sy
10001aea:	602c      	str	r4, [r5, #0]
10001aec:	f38c 8810 	msr	PRIMASK, ip
10001af0:	bd70      	pop	{r4, r5, r6, pc}
10001af2:	0010      	movs	r0, r2
10001af4:	f7ff ffc8 	bl	10001a88 <panic>
10001af8:	d000012c 	.word	0xd000012c

10001afc <next_striped_spin_lock_num>:
10001afc:	4a04      	ldr	r2, [pc, #16]	; (10001b10 <next_striped_spin_lock_num+0x14>)
10001afe:	7810      	ldrb	r0, [r2, #0]
10001b00:	1c43      	adds	r3, r0, #1
10001b02:	b2db      	uxtb	r3, r3
10001b04:	2b17      	cmp	r3, #23
10001b06:	d900      	bls.n	10001b0a <next_striped_spin_lock_num+0xe>
10001b08:	2310      	movs	r3, #16
10001b0a:	7013      	strb	r3, [r2, #0]
10001b0c:	4770      	bx	lr
10001b0e:	46c0      	nop			; (mov r8, r8)
10001b10:	200001e8 	.word	0x200001e8

10001b14 <spin_locks_reset>:
10001b14:	2100      	movs	r1, #0
10001b16:	4b04      	ldr	r3, [pc, #16]	; (10001b28 <spin_locks_reset+0x14>)
10001b18:	4a04      	ldr	r2, [pc, #16]	; (10001b2c <spin_locks_reset+0x18>)
10001b1a:	f3bf 8f5f 	dmb	sy
10001b1e:	c302      	stmia	r3!, {r1}
10001b20:	4293      	cmp	r3, r2
10001b22:	d1fa      	bne.n	10001b1a <spin_locks_reset+0x6>
10001b24:	4770      	bx	lr
10001b26:	46c0      	nop			; (mov r8, r8)
10001b28:	d0000100 	.word	0xd0000100
10001b2c:	d0000180 	.word	0xd0000180

10001b30 <runtime_init_per_core_irq_priorities>:
10001b30:	4b05      	ldr	r3, [pc, #20]	; (10001b48 <runtime_init_per_core_irq_priorities+0x18>)
10001b32:	4a06      	ldr	r2, [pc, #24]	; (10001b4c <runtime_init_per_core_irq_priorities+0x1c>)
10001b34:	6013      	str	r3, [r2, #0]
10001b36:	4a06      	ldr	r2, [pc, #24]	; (10001b50 <runtime_init_per_core_irq_priorities+0x20>)
10001b38:	6013      	str	r3, [r2, #0]
10001b3a:	6053      	str	r3, [r2, #4]
10001b3c:	6093      	str	r3, [r2, #8]
10001b3e:	60d3      	str	r3, [r2, #12]
10001b40:	6113      	str	r3, [r2, #16]
10001b42:	6153      	str	r3, [r2, #20]
10001b44:	6193      	str	r3, [r2, #24]
10001b46:	4770      	bx	lr
10001b48:	80808080 	.word	0x80808080
10001b4c:	e000e400 	.word	0xe000e400
10001b50:	e000e404 	.word	0xe000e404

10001b54 <irq_set_enabled>:
10001b54:	231f      	movs	r3, #31
10001b56:	4018      	ands	r0, r3
10001b58:	3b1e      	subs	r3, #30
10001b5a:	4083      	lsls	r3, r0
10001b5c:	2900      	cmp	r1, #0
10001b5e:	d005      	beq.n	10001b6c <irq_set_enabled+0x18>
10001b60:	21c0      	movs	r1, #192	; 0xc0
10001b62:	4a04      	ldr	r2, [pc, #16]	; (10001b74 <irq_set_enabled+0x20>)
10001b64:	0049      	lsls	r1, r1, #1
10001b66:	5053      	str	r3, [r2, r1]
10001b68:	6013      	str	r3, [r2, #0]
10001b6a:	4770      	bx	lr
10001b6c:	2280      	movs	r2, #128	; 0x80
10001b6e:	4901      	ldr	r1, [pc, #4]	; (10001b74 <irq_set_enabled+0x20>)
10001b70:	508b      	str	r3, [r1, r2]
10001b72:	e7fa      	b.n	10001b6a <irq_set_enabled+0x16>
10001b74:	e000e100 	.word	0xe000e100

10001b78 <irq_set_exclusive_handler>:
10001b78:	b510      	push	{r4, lr}
10001b7a:	f3ef 8c10 	mrs	ip, PRIMASK
10001b7e:	b672      	cpsid	i
10001b80:	4a0f      	ldr	r2, [pc, #60]	; (10001bc0 <irq_set_exclusive_handler+0x48>)
10001b82:	6813      	ldr	r3, [r2, #0]
10001b84:	2b00      	cmp	r3, #0
10001b86:	d0fc      	beq.n	10001b82 <irq_set_exclusive_handler+0xa>
10001b88:	f3bf 8f5f 	dmb	sy
10001b8c:	4b0d      	ldr	r3, [pc, #52]	; (10001bc4 <irq_set_exclusive_handler+0x4c>)
10001b8e:	3010      	adds	r0, #16
10001b90:	689b      	ldr	r3, [r3, #8]
10001b92:	0080      	lsls	r0, r0, #2
10001b94:	581b      	ldr	r3, [r3, r0]
10001b96:	4a0c      	ldr	r2, [pc, #48]	; (10001bc8 <irq_set_exclusive_handler+0x50>)
10001b98:	4293      	cmp	r3, r2
10001b9a:	d003      	beq.n	10001ba4 <irq_set_exclusive_handler+0x2c>
10001b9c:	4299      	cmp	r1, r3
10001b9e:	d001      	beq.n	10001ba4 <irq_set_exclusive_handler+0x2c>
10001ba0:	f001 f8f0 	bl	10002d84 <hard_assertion_failure>
10001ba4:	4b07      	ldr	r3, [pc, #28]	; (10001bc4 <irq_set_exclusive_handler+0x4c>)
10001ba6:	689b      	ldr	r3, [r3, #8]
10001ba8:	5019      	str	r1, [r3, r0]
10001baa:	f3bf 8f5f 	dmb	sy
10001bae:	f3bf 8f5f 	dmb	sy
10001bb2:	2200      	movs	r2, #0
10001bb4:	4b02      	ldr	r3, [pc, #8]	; (10001bc0 <irq_set_exclusive_handler+0x48>)
10001bb6:	601a      	str	r2, [r3, #0]
10001bb8:	f38c 8810 	msr	PRIMASK, ip
10001bbc:	bd10      	pop	{r4, pc}
10001bbe:	46c0      	nop			; (mov r8, r8)
10001bc0:	d0000124 	.word	0xd0000124
10001bc4:	e000ed00 	.word	0xe000ed00
10001bc8:	100001c1 	.word	0x100001c1

10001bcc <irq_add_shared_handler>:
10001bcc:	b5f0      	push	{r4, r5, r6, r7, lr}
10001bce:	46de      	mov	lr, fp
10001bd0:	4657      	mov	r7, sl
10001bd2:	464e      	mov	r6, r9
10001bd4:	4645      	mov	r5, r8
10001bd6:	b5e0      	push	{r5, r6, r7, lr}
10001bd8:	b083      	sub	sp, #12
10001bda:	9101      	str	r1, [sp, #4]
10001bdc:	f3ef 8b10 	mrs	fp, PRIMASK
10001be0:	b672      	cpsid	i
10001be2:	495a      	ldr	r1, [pc, #360]	; (10001d4c <irq_add_shared_handler+0x180>)
10001be4:	680b      	ldr	r3, [r1, #0]
10001be6:	2b00      	cmp	r3, #0
10001be8:	d0fc      	beq.n	10001be4 <irq_add_shared_handler+0x18>
10001bea:	f3bf 8f5f 	dmb	sy
10001bee:	2100      	movs	r1, #0
10001bf0:	4b57      	ldr	r3, [pc, #348]	; (10001d50 <irq_add_shared_handler+0x184>)
10001bf2:	5659      	ldrsb	r1, [r3, r1]
10001bf4:	4689      	mov	r9, r1
10001bf6:	2900      	cmp	r1, #0
10001bf8:	da00      	bge.n	10001bfc <irq_add_shared_handler+0x30>
10001bfa:	e0a5      	b.n	10001d48 <irq_add_shared_handler+0x17c>
10001bfc:	0049      	lsls	r1, r1, #1
10001bfe:	000d      	movs	r5, r1
10001c00:	4c54      	ldr	r4, [pc, #336]	; (10001d54 <irq_add_shared_handler+0x188>)
10001c02:	444d      	add	r5, r9
10001c04:	00ad      	lsls	r5, r5, #2
10001c06:	1967      	adds	r7, r4, r5
10001c08:	468a      	mov	sl, r1
10001c0a:	79b9      	ldrb	r1, [r7, #6]
10001c0c:	3010      	adds	r0, #16
10001c0e:	7019      	strb	r1, [r3, #0]
10001c10:	4b51      	ldr	r3, [pc, #324]	; (10001d58 <irq_add_shared_handler+0x18c>)
10001c12:	0081      	lsls	r1, r0, #2
10001c14:	689b      	ldr	r3, [r3, #8]
10001c16:	9100      	str	r1, [sp, #0]
10001c18:	585b      	ldr	r3, [r3, r1]
10001c1a:	4698      	mov	r8, r3
10001c1c:	1b1b      	subs	r3, r3, r4
10001c1e:	2b2f      	cmp	r3, #47	; 0x2f
10001c20:	d82b      	bhi.n	10001c7a <irq_add_shared_handler+0xae>
10001c22:	2101      	movs	r1, #1
10001c24:	4640      	mov	r0, r8
10001c26:	4388      	bics	r0, r1
10001c28:	79c3      	ldrb	r3, [r0, #7]
10001c2a:	4293      	cmp	r3, r2
10001c2c:	d808      	bhi.n	10001c40 <irq_add_shared_handler+0x74>
10001c2e:	e062      	b.n	10001cf6 <irq_add_shared_handler+0x12a>
10001c30:	004b      	lsls	r3, r1, #1
10001c32:	185b      	adds	r3, r3, r1
10001c34:	009b      	lsls	r3, r3, #2
10001c36:	18e3      	adds	r3, r4, r3
10001c38:	79de      	ldrb	r6, [r3, #7]
10001c3a:	4296      	cmp	r6, r2
10001c3c:	d94c      	bls.n	10001cd8 <irq_add_shared_handler+0x10c>
10001c3e:	0018      	movs	r0, r3
10001c40:	2106      	movs	r1, #6
10001c42:	5641      	ldrsb	r1, [r0, r1]
10001c44:	2900      	cmp	r1, #0
10001c46:	daf3      	bge.n	10001c30 <irq_add_shared_handler+0x64>
10001c48:	1d03      	adds	r3, r0, #4
10001c4a:	469c      	mov	ip, r3
10001c4c:	4d43      	ldr	r5, [pc, #268]	; (10001d5c <irq_add_shared_handler+0x190>)
10001c4e:	4666      	mov	r6, ip
10001c50:	1f3b      	subs	r3, r7, #4
10001c52:	1b9b      	subs	r3, r3, r6
10001c54:	4f42      	ldr	r7, [pc, #264]	; (10001d60 <irq_add_shared_handler+0x194>)
10001c56:	051b      	lsls	r3, r3, #20
10001c58:	0d5b      	lsrs	r3, r3, #21
10001c5a:	433b      	orrs	r3, r7
10001c5c:	8083      	strh	r3, [r0, #4]
10001c5e:	464b      	mov	r3, r9
10001c60:	7183      	strb	r3, [r0, #6]
10001c62:	4653      	mov	r3, sl
10001c64:	444b      	add	r3, r9
10001c66:	009b      	lsls	r3, r3, #2
10001c68:	18e4      	adds	r4, r4, r3
10001c6a:	4b3e      	ldr	r3, [pc, #248]	; (10001d64 <irq_add_shared_handler+0x198>)
10001c6c:	80a5      	strh	r5, [r4, #4]
10001c6e:	6023      	str	r3, [r4, #0]
10001c70:	9b01      	ldr	r3, [sp, #4]
10001c72:	71a1      	strb	r1, [r4, #6]
10001c74:	71e2      	strb	r2, [r4, #7]
10001c76:	60a3      	str	r3, [r4, #8]
10001c78:	e019      	b.n	10001cae <irq_add_shared_handler+0xe2>
10001c7a:	4b3b      	ldr	r3, [pc, #236]	; (10001d68 <irq_add_shared_handler+0x19c>)
10001c7c:	4598      	cmp	r8, r3
10001c7e:	d000      	beq.n	10001c82 <irq_add_shared_handler+0xb6>
10001c80:	e062      	b.n	10001d48 <irq_add_shared_handler+0x17c>
10001c82:	4b3a      	ldr	r3, [pc, #232]	; (10001d6c <irq_add_shared_handler+0x1a0>)
10001c84:	4936      	ldr	r1, [pc, #216]	; (10001d60 <irq_add_shared_handler+0x194>)
10001c86:	5363      	strh	r3, [r4, r5]
10001c88:	4b39      	ldr	r3, [pc, #228]	; (10001d70 <irq_add_shared_handler+0x1a4>)
10001c8a:	3502      	adds	r5, #2
10001c8c:	1964      	adds	r4, r4, r5
10001c8e:	3b04      	subs	r3, #4
10001c90:	1b1b      	subs	r3, r3, r4
10001c92:	051b      	lsls	r3, r3, #20
10001c94:	0d5b      	lsrs	r3, r3, #21
10001c96:	430b      	orrs	r3, r1
10001c98:	807b      	strh	r3, [r7, #2]
10001c9a:	4b36      	ldr	r3, [pc, #216]	; (10001d74 <irq_add_shared_handler+0x1a8>)
10001c9c:	71fa      	strb	r2, [r7, #7]
10001c9e:	80bb      	strh	r3, [r7, #4]
10001ca0:	23ff      	movs	r3, #255	; 0xff
10001ca2:	71bb      	strb	r3, [r7, #6]
10001ca4:	9b01      	ldr	r3, [sp, #4]
10001ca6:	60bb      	str	r3, [r7, #8]
10001ca8:	2301      	movs	r3, #1
10001caa:	431f      	orrs	r7, r3
10001cac:	46b8      	mov	r8, r7
10001cae:	4641      	mov	r1, r8
10001cb0:	4b29      	ldr	r3, [pc, #164]	; (10001d58 <irq_add_shared_handler+0x18c>)
10001cb2:	9a00      	ldr	r2, [sp, #0]
10001cb4:	689b      	ldr	r3, [r3, #8]
10001cb6:	5099      	str	r1, [r3, r2]
10001cb8:	f3bf 8f5f 	dmb	sy
10001cbc:	f3bf 8f5f 	dmb	sy
10001cc0:	2200      	movs	r2, #0
10001cc2:	4b22      	ldr	r3, [pc, #136]	; (10001d4c <irq_add_shared_handler+0x180>)
10001cc4:	601a      	str	r2, [r3, #0]
10001cc6:	f38b 8810 	msr	PRIMASK, fp
10001cca:	b003      	add	sp, #12
10001ccc:	bcf0      	pop	{r4, r5, r6, r7}
10001cce:	46bb      	mov	fp, r7
10001cd0:	46b2      	mov	sl, r6
10001cd2:	46a9      	mov	r9, r5
10001cd4:	46a0      	mov	r8, r4
10001cd6:	bdf0      	pop	{r4, r5, r6, r7, pc}
10001cd8:	1d03      	adds	r3, r0, #4
10001cda:	469c      	mov	ip, r3
10001cdc:	8883      	ldrh	r3, [r0, #4]
10001cde:	3504      	adds	r5, #4
10001ce0:	055b      	lsls	r3, r3, #21
10001ce2:	151b      	asrs	r3, r3, #20
10001ce4:	4463      	add	r3, ip
10001ce6:	1965      	adds	r5, r4, r5
10001ce8:	1b5d      	subs	r5, r3, r5
10001cea:	23e0      	movs	r3, #224	; 0xe0
10001cec:	052d      	lsls	r5, r5, #20
10001cee:	0d6d      	lsrs	r5, r5, #21
10001cf0:	021b      	lsls	r3, r3, #8
10001cf2:	431d      	orrs	r5, r3
10001cf4:	e7ab      	b.n	10001c4e <irq_add_shared_handler+0x82>
10001cf6:	4b20      	ldr	r3, [pc, #128]	; (10001d78 <irq_add_shared_handler+0x1ac>)
10001cf8:	71fa      	strb	r2, [r7, #7]
10001cfa:	469c      	mov	ip, r3
10001cfc:	0003      	movs	r3, r0
10001cfe:	4666      	mov	r6, ip
10001d00:	1b1b      	subs	r3, r3, r4
10001d02:	415b      	adcs	r3, r3
10001d04:	435e      	muls	r6, r3
10001d06:	0d36      	lsrs	r6, r6, #20
10001d08:	4b18      	ldr	r3, [pc, #96]	; (10001d6c <irq_add_shared_handler+0x1a0>)
10001d0a:	46b4      	mov	ip, r6
10001d0c:	5363      	strh	r3, [r4, r5]
10001d0e:	1cab      	adds	r3, r5, #2
10001d10:	4698      	mov	r8, r3
10001d12:	44a0      	add	r8, r4
10001d14:	4646      	mov	r6, r8
10001d16:	4b16      	ldr	r3, [pc, #88]	; (10001d70 <irq_add_shared_handler+0x1a4>)
10001d18:	3b04      	subs	r3, #4
10001d1a:	1b9b      	subs	r3, r3, r6
10001d1c:	051b      	lsls	r3, r3, #20
10001d1e:	4e10      	ldr	r6, [pc, #64]	; (10001d60 <irq_add_shared_handler+0x194>)
10001d20:	0d5b      	lsrs	r3, r3, #21
10001d22:	4333      	orrs	r3, r6
10001d24:	807b      	strh	r3, [r7, #2]
10001d26:	1d2b      	adds	r3, r5, #4
10001d28:	18e3      	adds	r3, r4, r3
10001d2a:	1ac3      	subs	r3, r0, r3
10001d2c:	3b04      	subs	r3, #4
10001d2e:	051b      	lsls	r3, r3, #20
10001d30:	0d5b      	lsrs	r3, r3, #21
10001d32:	4333      	orrs	r3, r6
10001d34:	80bb      	strh	r3, [r7, #4]
10001d36:	4663      	mov	r3, ip
10001d38:	71bb      	strb	r3, [r7, #6]
10001d3a:	9b01      	ldr	r3, [sp, #4]
10001d3c:	60bb      	str	r3, [r7, #8]
10001d3e:	4b09      	ldr	r3, [pc, #36]	; (10001d64 <irq_add_shared_handler+0x198>)
10001d40:	430f      	orrs	r7, r1
10001d42:	46b8      	mov	r8, r7
10001d44:	6003      	str	r3, [r0, #0]
10001d46:	e7b2      	b.n	10001cae <irq_add_shared_handler+0xe2>
10001d48:	f001 f81c 	bl	10002d84 <hard_assertion_failure>
10001d4c:	d0000124 	.word	0xd0000124
10001d50:	20001099 	.word	0x20001099
10001d54:	200001ec 	.word	0x200001ec
10001d58:	e000ed00 	.word	0xe000ed00
10001d5c:	0000bd01 	.word	0x0000bd01
10001d60:	ffffe000 	.word	0xffffe000
10001d64:	47804801 	.word	0x47804801
10001d68:	100001c1 	.word	0x100001c1
10001d6c:	ffffa100 	.word	0xffffa100
10001d70:	2000021c 	.word	0x2000021c
10001d74:	ffffbd01 	.word	0xffffbd01
10001d78:	0000aaaa 	.word	0x0000aaaa

10001d7c <irq_remove_handler>:
10001d7c:	b5f8      	push	{r3, r4, r5, r6, r7, lr}
10001d7e:	46de      	mov	lr, fp
10001d80:	4657      	mov	r7, sl
10001d82:	464e      	mov	r6, r9
10001d84:	4645      	mov	r5, r8
10001d86:	b5e0      	push	{r5, r6, r7, lr}
10001d88:	f3ef 8c10 	mrs	ip, PRIMASK
10001d8c:	b672      	cpsid	i
10001d8e:	4a60      	ldr	r2, [pc, #384]	; (10001f10 <irq_remove_handler+0x194>)
10001d90:	6813      	ldr	r3, [r2, #0]
10001d92:	2b00      	cmp	r3, #0
10001d94:	d0fc      	beq.n	10001d90 <irq_remove_handler+0x14>
10001d96:	f3bf 8f5f 	dmb	sy
10001d9a:	4b5e      	ldr	r3, [pc, #376]	; (10001f14 <irq_remove_handler+0x198>)
10001d9c:	4c5e      	ldr	r4, [pc, #376]	; (10001f18 <irq_remove_handler+0x19c>)
10001d9e:	689a      	ldr	r2, [r3, #8]
10001da0:	0003      	movs	r3, r0
10001da2:	3310      	adds	r3, #16
10001da4:	009d      	lsls	r5, r3, #2
10001da6:	5952      	ldr	r2, [r2, r5]
10001da8:	42a2      	cmp	r2, r4
10001daa:	d03d      	beq.n	10001e28 <irq_remove_handler+0xac>
10001dac:	428a      	cmp	r2, r1
10001dae:	d04d      	beq.n	10001e4c <irq_remove_handler+0xd0>
10001db0:	4c5a      	ldr	r4, [pc, #360]	; (10001f1c <irq_remove_handler+0x1a0>)
10001db2:	1b16      	subs	r6, r2, r4
10001db4:	2e2f      	cmp	r6, #47	; 0x2f
10001db6:	d837      	bhi.n	10001e28 <irq_remove_handler+0xac>
10001db8:	4e59      	ldr	r6, [pc, #356]	; (10001f20 <irq_remove_handler+0x1a4>)
10001dba:	46b0      	mov	r8, r6
10001dbc:	6836      	ldr	r6, [r6, #0]
10001dbe:	46b1      	mov	r9, r6
10001dc0:	2601      	movs	r6, #1
10001dc2:	464f      	mov	r7, r9
10001dc4:	46b2      	mov	sl, r6
10001dc6:	4086      	lsls	r6, r0
10001dc8:	4037      	ands	r7, r6
10001dca:	261f      	movs	r6, #31
10001dcc:	4030      	ands	r0, r6
10001dce:	4656      	mov	r6, sl
10001dd0:	4086      	lsls	r6, r0
10001dd2:	46b3      	mov	fp, r6
10001dd4:	46b9      	mov	r9, r7
10001dd6:	2080      	movs	r0, #128	; 0x80
10001dd8:	4646      	mov	r6, r8
10001dda:	465f      	mov	r7, fp
10001ddc:	5037      	str	r7, [r6, r0]
10001dde:	f3bf 8f5f 	dmb	sy
10001de2:	f3ef 8005 	mrs	r0, IPSR
10001de6:	4680      	mov	r8, r0
10001de8:	2800      	cmp	r0, #0
10001dea:	d131      	bne.n	10001e50 <irq_remove_handler+0xd4>
10001dec:	2301      	movs	r3, #1
10001dee:	0010      	movs	r0, r2
10001df0:	4398      	bics	r0, r3
10001df2:	6886      	ldr	r6, [r0, #8]
10001df4:	42b1      	cmp	r1, r6
10001df6:	d108      	bne.n	10001e0a <irq_remove_handler+0x8e>
10001df8:	e07d      	b.n	10001ef6 <irq_remove_handler+0x17a>
10001dfa:	007b      	lsls	r3, r7, #1
10001dfc:	19db      	adds	r3, r3, r7
10001dfe:	009b      	lsls	r3, r3, #2
10001e00:	18e3      	adds	r3, r4, r3
10001e02:	689e      	ldr	r6, [r3, #8]
10001e04:	42b1      	cmp	r1, r6
10001e06:	d02c      	beq.n	10001e62 <irq_remove_handler+0xe6>
10001e08:	0018      	movs	r0, r3
10001e0a:	2706      	movs	r7, #6
10001e0c:	57c7      	ldrsb	r7, [r0, r7]
10001e0e:	2f00      	cmp	r7, #0
10001e10:	daf3      	bge.n	10001dfa <irq_remove_handler+0x7e>
10001e12:	42b1      	cmp	r1, r6
10001e14:	d04e      	beq.n	10001eb4 <irq_remove_handler+0x138>
10001e16:	464b      	mov	r3, r9
10001e18:	2b00      	cmp	r3, #0
10001e1a:	d01d      	beq.n	10001e58 <irq_remove_handler+0xdc>
10001e1c:	21c0      	movs	r1, #192	; 0xc0
10001e1e:	4658      	mov	r0, fp
10001e20:	4b3f      	ldr	r3, [pc, #252]	; (10001f20 <irq_remove_handler+0x1a4>)
10001e22:	0049      	lsls	r1, r1, #1
10001e24:	5058      	str	r0, [r3, r1]
10001e26:	6018      	str	r0, [r3, #0]
10001e28:	4b3a      	ldr	r3, [pc, #232]	; (10001f14 <irq_remove_handler+0x198>)
10001e2a:	689b      	ldr	r3, [r3, #8]
10001e2c:	515a      	str	r2, [r3, r5]
10001e2e:	f3bf 8f5f 	dmb	sy
10001e32:	f3bf 8f5f 	dmb	sy
10001e36:	2200      	movs	r2, #0
10001e38:	4b35      	ldr	r3, [pc, #212]	; (10001f10 <irq_remove_handler+0x194>)
10001e3a:	601a      	str	r2, [r3, #0]
10001e3c:	f38c 8810 	msr	PRIMASK, ip
10001e40:	bcf0      	pop	{r4, r5, r6, r7}
10001e42:	46bb      	mov	fp, r7
10001e44:	46b2      	mov	sl, r6
10001e46:	46a9      	mov	r9, r5
10001e48:	46a0      	mov	r8, r4
10001e4a:	bdf8      	pop	{r3, r4, r5, r6, r7, pc}
10001e4c:	0022      	movs	r2, r4
10001e4e:	e7eb      	b.n	10001e28 <irq_remove_handler+0xac>
10001e50:	4283      	cmp	r3, r0
10001e52:	d0cb      	beq.n	10001dec <irq_remove_handler+0x70>
10001e54:	f000 ff96 	bl	10002d84 <hard_assertion_failure>
10001e58:	2380      	movs	r3, #128	; 0x80
10001e5a:	4658      	mov	r0, fp
10001e5c:	4930      	ldr	r1, [pc, #192]	; (10001f20 <irq_remove_handler+0x1a4>)
10001e5e:	50c8      	str	r0, [r1, r3]
10001e60:	e7e2      	b.n	10001e28 <irq_remove_handler+0xac>
10001e62:	2106      	movs	r1, #6
10001e64:	5659      	ldrsb	r1, [r3, r1]
10001e66:	468a      	mov	sl, r1
10001e68:	2900      	cmp	r1, #0
10001e6a:	db24      	blt.n	10001eb6 <irq_remove_handler+0x13a>
10001e6c:	4651      	mov	r1, sl
10001e6e:	4650      	mov	r0, sl
10001e70:	0049      	lsls	r1, r1, #1
10001e72:	1808      	adds	r0, r1, r0
10001e74:	0080      	lsls	r0, r0, #2
10001e76:	1826      	adds	r6, r4, r0
10001e78:	68b7      	ldr	r7, [r6, #8]
10001e7a:	609f      	str	r7, [r3, #8]
10001e7c:	79f7      	ldrb	r7, [r6, #7]
10001e7e:	71df      	strb	r7, [r3, #7]
10001e80:	2706      	movs	r7, #6
10001e82:	57f7      	ldrsb	r7, [r6, r7]
10001e84:	719f      	strb	r7, [r3, #6]
10001e86:	2f00      	cmp	r7, #0
10001e88:	db26      	blt.n	10001ed8 <irq_remove_handler+0x15c>
10001e8a:	88b6      	ldrh	r6, [r6, #4]
10001e8c:	0576      	lsls	r6, r6, #21
10001e8e:	1536      	asrs	r6, r6, #20
10001e90:	1986      	adds	r6, r0, r6
10001e92:	1ae0      	subs	r0, r4, r3
10001e94:	1980      	adds	r0, r0, r6
10001e96:	26e0      	movs	r6, #224	; 0xe0
10001e98:	0500      	lsls	r0, r0, #20
10001e9a:	0d40      	lsrs	r0, r0, #21
10001e9c:	0236      	lsls	r6, r6, #8
10001e9e:	4330      	orrs	r0, r6
10001ea0:	8098      	strh	r0, [r3, #4]
10001ea2:	4451      	add	r1, sl
10001ea4:	4b1f      	ldr	r3, [pc, #124]	; (10001f24 <irq_remove_handler+0x1a8>)
10001ea6:	0089      	lsls	r1, r1, #2
10001ea8:	1864      	adds	r4, r4, r1
10001eaa:	7819      	ldrb	r1, [r3, #0]
10001eac:	71a1      	strb	r1, [r4, #6]
10001eae:	4651      	mov	r1, sl
10001eb0:	7019      	strb	r1, [r3, #0]
10001eb2:	e7b0      	b.n	10001e16 <irq_remove_handler+0x9a>
10001eb4:	0003      	movs	r3, r0
10001eb6:	4641      	mov	r1, r8
10001eb8:	2900      	cmp	r1, #0
10001eba:	d10f      	bne.n	10001edc <irq_remove_handler+0x160>
10001ebc:	31ff      	adds	r1, #255	; 0xff
10001ebe:	7181      	strb	r1, [r0, #6]
10001ec0:	4919      	ldr	r1, [pc, #100]	; (10001f28 <irq_remove_handler+0x1ac>)
10001ec2:	8081      	strh	r1, [r0, #4]
10001ec4:	4817      	ldr	r0, [pc, #92]	; (10001f24 <irq_remove_handler+0x1a8>)
10001ec6:	7801      	ldrb	r1, [r0, #0]
10001ec8:	7199      	strb	r1, [r3, #6]
10001eca:	4918      	ldr	r1, [pc, #96]	; (10001f2c <irq_remove_handler+0x1b0>)
10001ecc:	1b1b      	subs	r3, r3, r4
10001ece:	415b      	adcs	r3, r3
10001ed0:	4359      	muls	r1, r3
10001ed2:	0d09      	lsrs	r1, r1, #20
10001ed4:	7001      	strb	r1, [r0, #0]
10001ed6:	e79e      	b.n	10001e16 <irq_remove_handler+0x9a>
10001ed8:	4815      	ldr	r0, [pc, #84]	; (10001f30 <irq_remove_handler+0x1b4>)
10001eda:	e7e1      	b.n	10001ea0 <irq_remove_handler+0x124>
10001edc:	4915      	ldr	r1, [pc, #84]	; (10001f34 <irq_remove_handler+0x1b8>)
10001ede:	4816      	ldr	r0, [pc, #88]	; (10001f38 <irq_remove_handler+0x1bc>)
10001ee0:	1ac9      	subs	r1, r1, r3
10001ee2:	3908      	subs	r1, #8
10001ee4:	024c      	lsls	r4, r1, #9
10001ee6:	0d64      	lsrs	r4, r4, #21
10001ee8:	4320      	orrs	r0, r4
10001eea:	8098      	strh	r0, [r3, #4]
10001eec:	4813      	ldr	r0, [pc, #76]	; (10001f3c <irq_remove_handler+0x1c0>)
10001eee:	0849      	lsrs	r1, r1, #1
10001ef0:	4301      	orrs	r1, r0
10001ef2:	80d9      	strh	r1, [r3, #6]
10001ef4:	e78f      	b.n	10001e16 <irq_remove_handler+0x9a>
10001ef6:	2306      	movs	r3, #6
10001ef8:	56c3      	ldrsb	r3, [r0, r3]
10001efa:	469a      	mov	sl, r3
10001efc:	4651      	mov	r1, sl
10001efe:	0003      	movs	r3, r0
10001f00:	2900      	cmp	r1, #0
10001f02:	dab3      	bge.n	10001e6c <irq_remove_handler+0xf0>
10001f04:	4641      	mov	r1, r8
10001f06:	2900      	cmp	r1, #0
10001f08:	d1e8      	bne.n	10001edc <irq_remove_handler+0x160>
10001f0a:	4a03      	ldr	r2, [pc, #12]	; (10001f18 <irq_remove_handler+0x19c>)
10001f0c:	e7da      	b.n	10001ec4 <irq_remove_handler+0x148>
10001f0e:	46c0      	nop			; (mov r8, r8)
10001f10:	d0000124 	.word	0xd0000124
10001f14:	e000ed00 	.word	0xe000ed00
10001f18:	100001c1 	.word	0x100001c1
10001f1c:	200001ec 	.word	0x200001ec
10001f20:	e000e100 	.word	0xe000e100
10001f24:	20001099 	.word	0x20001099
10001f28:	ffffbd01 	.word	0xffffbd01
10001f2c:	0000aaaa 	.word	0x0000aaaa
10001f30:	0000bd01 	.word	0x0000bd01
10001f34:	20000226 	.word	0x20000226
10001f38:	fffff000 	.word	0xfffff000
10001f3c:	fffff800 	.word	0xfffff800

10001f40 <irq_add_tail_to_free_list>:
10001f40:	b570      	push	{r4, r5, r6, lr}
10001f42:	2401      	movs	r4, #1
10001f44:	4304      	orrs	r4, r0
10001f46:	f3ef 8105 	mrs	r1, IPSR
10001f4a:	f3ef 8c10 	mrs	ip, PRIMASK
10001f4e:	b672      	cpsid	i
10001f50:	4a21      	ldr	r2, [pc, #132]	; (10001fd8 <irq_add_tail_to_free_list+0x98>)
10001f52:	6813      	ldr	r3, [r2, #0]
10001f54:	2b00      	cmp	r3, #0
10001f56:	d0fc      	beq.n	10001f52 <irq_add_tail_to_free_list+0x12>
10001f58:	f3bf 8f5f 	dmb	sy
10001f5c:	4b1f      	ldr	r3, [pc, #124]	; (10001fdc <irq_add_tail_to_free_list+0x9c>)
10001f5e:	0005      	movs	r5, r0
10001f60:	4a1f      	ldr	r2, [pc, #124]	; (10001fe0 <irq_add_tail_to_free_list+0xa0>)
10001f62:	1aed      	subs	r5, r5, r3
10001f64:	416d      	adcs	r5, r5
10001f66:	436a      	muls	r2, r5
10001f68:	0d12      	lsrs	r2, r2, #20
10001f6a:	4d1e      	ldr	r5, [pc, #120]	; (10001fe4 <irq_add_tail_to_free_list+0xa4>)
10001f6c:	0089      	lsls	r1, r1, #2
10001f6e:	68ae      	ldr	r6, [r5, #8]
10001f70:	b252      	sxtb	r2, r2
10001f72:	5876      	ldr	r6, [r6, r1]
10001f74:	42a6      	cmp	r6, r4
10001f76:	d01c      	beq.n	10001fb2 <irq_add_tail_to_free_list+0x72>
10001f78:	2106      	movs	r1, #6
10001f7a:	5659      	ldrsb	r1, [r3, r1]
10001f7c:	4291      	cmp	r1, r2
10001f7e:	d01c      	beq.n	10001fba <irq_add_tail_to_free_list+0x7a>
10001f80:	2112      	movs	r1, #18
10001f82:	5659      	ldrsb	r1, [r3, r1]
10001f84:	4291      	cmp	r1, r2
10001f86:	d022      	beq.n	10001fce <irq_add_tail_to_free_list+0x8e>
10001f88:	211e      	movs	r1, #30
10001f8a:	5659      	ldrsb	r1, [r3, r1]
10001f8c:	4291      	cmp	r1, r2
10001f8e:	d020      	beq.n	10001fd2 <irq_add_tail_to_free_list+0x92>
10001f90:	212a      	movs	r1, #42	; 0x2a
10001f92:	5659      	ldrsb	r1, [r3, r1]
10001f94:	2403      	movs	r4, #3
10001f96:	4291      	cmp	r1, r2
10001f98:	d010      	beq.n	10001fbc <irq_add_tail_to_free_list+0x7c>
10001f9a:	4b13      	ldr	r3, [pc, #76]	; (10001fe8 <irq_add_tail_to_free_list+0xa8>)
10001f9c:	7819      	ldrb	r1, [r3, #0]
10001f9e:	701a      	strb	r2, [r3, #0]
10001fa0:	7181      	strb	r1, [r0, #6]
10001fa2:	f3bf 8f5f 	dmb	sy
10001fa6:	2200      	movs	r2, #0
10001fa8:	4b0b      	ldr	r3, [pc, #44]	; (10001fd8 <irq_add_tail_to_free_list+0x98>)
10001faa:	601a      	str	r2, [r3, #0]
10001fac:	f38c 8810 	msr	PRIMASK, ip
10001fb0:	bd70      	pop	{r4, r5, r6, pc}
10001fb2:	68ab      	ldr	r3, [r5, #8]
10001fb4:	4c0d      	ldr	r4, [pc, #52]	; (10001fec <irq_add_tail_to_free_list+0xac>)
10001fb6:	505c      	str	r4, [r3, r1]
10001fb8:	e7ef      	b.n	10001f9a <irq_add_tail_to_free_list+0x5a>
10001fba:	2400      	movs	r4, #0
10001fbc:	0061      	lsls	r1, r4, #1
10001fbe:	1909      	adds	r1, r1, r4
10001fc0:	0089      	lsls	r1, r1, #2
10001fc2:	185b      	adds	r3, r3, r1
10001fc4:	21ff      	movs	r1, #255	; 0xff
10001fc6:	7199      	strb	r1, [r3, #6]
10001fc8:	4909      	ldr	r1, [pc, #36]	; (10001ff0 <irq_add_tail_to_free_list+0xb0>)
10001fca:	8099      	strh	r1, [r3, #4]
10001fcc:	e7e5      	b.n	10001f9a <irq_add_tail_to_free_list+0x5a>
10001fce:	2401      	movs	r4, #1
10001fd0:	e7f4      	b.n	10001fbc <irq_add_tail_to_free_list+0x7c>
10001fd2:	2402      	movs	r4, #2
10001fd4:	e7f2      	b.n	10001fbc <irq_add_tail_to_free_list+0x7c>
10001fd6:	46c0      	nop			; (mov r8, r8)
10001fd8:	d0000124 	.word	0xd0000124
10001fdc:	200001ec 	.word	0x200001ec
10001fe0:	0000aaaa 	.word	0x0000aaaa
10001fe4:	e000ed00 	.word	0xe000ed00
10001fe8:	20001099 	.word	0x20001099
10001fec:	100001c1 	.word	0x100001c1
10001ff0:	ffffbd01 	.word	0xffffbd01

10001ff4 <lock_init>:
10001ff4:	4b02      	ldr	r3, [pc, #8]	; (10002000 <lock_init+0xc>)
10001ff6:	469c      	mov	ip, r3
10001ff8:	4461      	add	r1, ip
10001ffa:	0089      	lsls	r1, r1, #2
10001ffc:	6001      	str	r1, [r0, #0]
10001ffe:	4770      	bx	lr
10002000:	34000040 	.word	0x34000040

10002004 <runtime_init_mutex>:
10002004:	b5f8      	push	{r3, r4, r5, r6, r7, lr}
10002006:	4d13      	ldr	r5, [pc, #76]	; (10002054 <runtime_init_mutex+0x50>)
10002008:	4e13      	ldr	r6, [pc, #76]	; (10002058 <runtime_init_mutex+0x54>)
1000200a:	002c      	movs	r4, r5
1000200c:	27ff      	movs	r7, #255	; 0xff
1000200e:	42b5      	cmp	r5, r6
10002010:	d21e      	bcs.n	10002050 <runtime_init_mutex+0x4c>
10002012:	6823      	ldr	r3, [r4, #0]
10002014:	2b00      	cmp	r3, #0
10002016:	d00f      	beq.n	10002038 <runtime_init_mutex+0x34>
10002018:	f7ff fd70 	bl	10001afc <next_striped_spin_lock_num>
1000201c:	0001      	movs	r1, r0
1000201e:	0028      	movs	r0, r5
10002020:	f7ff ffe8 	bl	10001ff4 <lock_init>
10002024:	80a7      	strh	r7, [r4, #4]
10002026:	f3bf 8f5f 	dmb	sy
1000202a:	3408      	adds	r4, #8
1000202c:	42b4      	cmp	r4, r6
1000202e:	d20f      	bcs.n	10002050 <runtime_init_mutex+0x4c>
10002030:	6823      	ldr	r3, [r4, #0]
10002032:	0025      	movs	r5, r4
10002034:	2b00      	cmp	r3, #0
10002036:	d1ef      	bne.n	10002018 <runtime_init_mutex+0x14>
10002038:	f7ff fd60 	bl	10001afc <next_striped_spin_lock_num>
1000203c:	0001      	movs	r1, r0
1000203e:	0028      	movs	r0, r5
10002040:	f7ff ffd8 	bl	10001ff4 <lock_init>
10002044:	7127      	strb	r7, [r4, #4]
10002046:	f3bf 8f5f 	dmb	sy
1000204a:	3408      	adds	r4, #8
1000204c:	42b4      	cmp	r4, r6
1000204e:	d3ef      	bcc.n	10002030 <runtime_init_mutex+0x2c>
10002050:	bdf8      	pop	{r3, r4, r5, r6, r7, pc}
10002052:	46c0      	nop			; (mov r8, r8)
10002054:	20000c30 	.word	0x20000c30
10002058:	20000c38 	.word	0x20000c38

1000205c <sleep_until_callback>:
1000205c:	4b0a      	ldr	r3, [pc, #40]	; (10002088 <sleep_until_callback+0x2c>)
1000205e:	6819      	ldr	r1, [r3, #0]
10002060:	f3ef 8010 	mrs	r0, PRIMASK
10002064:	b672      	cpsid	i
10002066:	680a      	ldr	r2, [r1, #0]
10002068:	2a00      	cmp	r2, #0
1000206a:	d0fc      	beq.n	10002066 <sleep_until_callback+0xa>
1000206c:	f3bf 8f5f 	dmb	sy
10002070:	681b      	ldr	r3, [r3, #0]
10002072:	f3bf 8f5f 	dmb	sy
10002076:	2200      	movs	r2, #0
10002078:	601a      	str	r2, [r3, #0]
1000207a:	f380 8810 	msr	PRIMASK, r0
1000207e:	bf40      	sev
10002080:	2000      	movs	r0, #0
10002082:	2100      	movs	r1, #0
10002084:	4770      	bx	lr
10002086:	46c0      	nop			; (mov r8, r8)
10002088:	20001090 	.word	0x20001090

1000208c <alarm_pool_irq_handler>:
1000208c:	b5f0      	push	{r4, r5, r6, r7, lr}
1000208e:	46de      	mov	lr, fp
10002090:	4657      	mov	r7, sl
10002092:	464e      	mov	r6, r9
10002094:	4645      	mov	r5, r8
10002096:	b5e0      	push	{r5, r6, r7, lr}
10002098:	b085      	sub	sp, #20
1000209a:	f3ef 8205 	mrs	r2, IPSR
1000209e:	2303      	movs	r3, #3
100020a0:	4013      	ands	r3, r2
100020a2:	009a      	lsls	r2, r3, #2
100020a4:	0011      	movs	r1, r2
100020a6:	9203      	str	r2, [sp, #12]
100020a8:	4ab6      	ldr	r2, [pc, #728]	; (10002384 <alarm_pool_irq_handler+0x2f8>)
100020aa:	5852      	ldr	r2, [r2, r1]
100020ac:	4690      	mov	r8, r2
100020ae:	2201      	movs	r2, #1
100020b0:	409a      	lsls	r2, r3
100020b2:	4691      	mov	r9, r2
100020b4:	4bb4      	ldr	r3, [pc, #720]	; (10002388 <alarm_pool_irq_handler+0x2fc>)
100020b6:	601a      	str	r2, [r3, #0]
100020b8:	464b      	mov	r3, r9
100020ba:	48b4      	ldr	r0, [pc, #720]	; (1000238c <alarm_pool_irq_handler+0x300>)
100020bc:	6343      	str	r3, [r0, #52]	; 0x34
100020be:	4643      	mov	r3, r8
100020c0:	2208      	movs	r2, #8
100020c2:	5e9b      	ldrsh	r3, [r3, r2]
100020c4:	469a      	mov	sl, r3
100020c6:	2b00      	cmp	r3, #0
100020c8:	da3d      	bge.n	10002146 <alarm_pool_irq_handler+0xba>
100020ca:	4643      	mov	r3, r8
100020cc:	889b      	ldrh	r3, [r3, #4]
100020ce:	b21b      	sxth	r3, r3
100020d0:	2b00      	cmp	r3, #0
100020d2:	db00      	blt.n	100020d6 <alarm_pool_irq_handler+0x4a>
100020d4:	e0a1      	b.n	1000221a <alarm_pool_irq_handler+0x18e>
100020d6:	4643      	mov	r3, r8
100020d8:	799b      	ldrb	r3, [r3, #6]
100020da:	2b00      	cmp	r3, #0
100020dc:	d000      	beq.n	100020e0 <alarm_pool_irq_handler+0x54>
100020de:	e0f3      	b.n	100022c8 <alarm_pool_irq_handler+0x23c>
100020e0:	4643      	mov	r3, r8
100020e2:	2408      	movs	r4, #8
100020e4:	5f1c      	ldrsh	r4, [r3, r4]
100020e6:	2c00      	cmp	r4, #0
100020e8:	db23      	blt.n	10002132 <alarm_pool_irq_handler+0xa6>
100020ea:	4642      	mov	r2, r8
100020ec:	6952      	ldr	r2, [r2, #20]
100020ee:	0063      	lsls	r3, r4, #1
100020f0:	4694      	mov	ip, r2
100020f2:	191b      	adds	r3, r3, r4
100020f4:	00db      	lsls	r3, r3, #3
100020f6:	4463      	add	r3, ip
100020f8:	689c      	ldr	r4, [r3, #8]
100020fa:	68dd      	ldr	r5, [r3, #12]
100020fc:	1c63      	adds	r3, r4, #1
100020fe:	d100      	bne.n	10002102 <alarm_pool_irq_handler+0x76>
10002100:	e10f      	b.n	10002322 <alarm_pool_irq_handler+0x296>
10002102:	48a2      	ldr	r0, [pc, #648]	; (1000238c <alarm_pool_irq_handler+0x300>)
10002104:	9903      	ldr	r1, [sp, #12]
10002106:	4684      	mov	ip, r0
10002108:	4461      	add	r1, ip
1000210a:	6a82      	ldr	r2, [r0, #40]	; 0x28
1000210c:	690b      	ldr	r3, [r1, #16]
1000210e:	1aa6      	subs	r6, r4, r2
10002110:	1a9b      	subs	r3, r3, r2
10002112:	429e      	cmp	r6, r3
10002114:	d315      	bcc.n	10002142 <alarm_pool_irq_handler+0xb6>
10002116:	464a      	mov	r2, r9
10002118:	6a03      	ldr	r3, [r0, #32]
1000211a:	421a      	tst	r2, r3
1000211c:	d011      	beq.n	10002142 <alarm_pool_irq_handler+0xb6>
1000211e:	489b      	ldr	r0, [pc, #620]	; (1000238c <alarm_pool_irq_handler+0x300>)
10002120:	f000 fb56 	bl	100027d0 <timer_time_us_64>
10002124:	1a24      	subs	r4, r4, r0
10002126:	418d      	sbcs	r5, r1
10002128:	2d00      	cmp	r5, #0
1000212a:	dc02      	bgt.n	10002132 <alarm_pool_irq_handler+0xa6>
1000212c:	d1c4      	bne.n	100020b8 <alarm_pool_irq_handler+0x2c>
1000212e:	2c00      	cmp	r4, #0
10002130:	d0c2      	beq.n	100020b8 <alarm_pool_irq_handler+0x2c>
10002132:	bf40      	sev
10002134:	b005      	add	sp, #20
10002136:	bcf0      	pop	{r4, r5, r6, r7}
10002138:	46bb      	mov	fp, r7
1000213a:	46b2      	mov	sl, r6
1000213c:	46a9      	mov	r9, r5
1000213e:	46a0      	mov	r8, r4
10002140:	bdf0      	pop	{r4, r5, r6, r7, pc}
10002142:	610c      	str	r4, [r1, #16]
10002144:	e7eb      	b.n	1000211e <alarm_pool_irq_handler+0x92>
10002146:	4642      	mov	r2, r8
10002148:	6952      	ldr	r2, [r2, #20]
1000214a:	005b      	lsls	r3, r3, #1
1000214c:	4693      	mov	fp, r2
1000214e:	4453      	add	r3, sl
10002150:	00db      	lsls	r3, r3, #3
10002152:	449b      	add	fp, r3
10002154:	465b      	mov	r3, fp
10002156:	689e      	ldr	r6, [r3, #8]
10002158:	68df      	ldr	r7, [r3, #12]
1000215a:	f000 fb39 	bl	100027d0 <timer_time_us_64>
1000215e:	1b80      	subs	r0, r0, r6
10002160:	41b9      	sbcs	r1, r7
10002162:	2900      	cmp	r1, #0
10002164:	dbb1      	blt.n	100020ca <alarm_pool_irq_handler+0x3e>
10002166:	2f00      	cmp	r7, #0
10002168:	da00      	bge.n	1000216c <alarm_pool_irq_handler+0xe0>
1000216a:	e0e5      	b.n	10002338 <alarm_pool_irq_handler+0x2ac>
1000216c:	465b      	mov	r3, fp
1000216e:	4a88      	ldr	r2, [pc, #544]	; (10002390 <alarm_pool_irq_handler+0x304>)
10002170:	691b      	ldr	r3, [r3, #16]
10002172:	4293      	cmp	r3, r2
10002174:	d100      	bne.n	10002178 <alarm_pool_irq_handler+0xec>
10002176:	e0d8      	b.n	1000232a <alarm_pool_irq_handler+0x29e>
10002178:	4641      	mov	r1, r8
1000217a:	465a      	mov	r2, fp
1000217c:	2008      	movs	r0, #8
1000217e:	5e08      	ldrsh	r0, [r1, r0]
10002180:	8852      	ldrh	r2, [r2, #2]
10002182:	0400      	lsls	r0, r0, #16
10002184:	4310      	orrs	r0, r2
10002186:	465a      	mov	r2, fp
10002188:	6951      	ldr	r1, [r2, #20]
1000218a:	4798      	blx	r3
1000218c:	0004      	movs	r4, r0
1000218e:	000d      	movs	r5, r1
10002190:	0023      	movs	r3, r4
10002192:	432b      	orrs	r3, r5
10002194:	d100      	bne.n	10002198 <alarm_pool_irq_handler+0x10c>
10002196:	e0cf      	b.n	10002338 <alarm_pool_irq_handler+0x2ac>
10002198:	2d00      	cmp	r5, #0
1000219a:	db00      	blt.n	1000219e <alarm_pool_irq_handler+0x112>
1000219c:	e0e8      	b.n	10002370 <alarm_pool_irq_handler+0x2e4>
1000219e:	1b36      	subs	r6, r6, r4
100021a0:	41af      	sbcs	r7, r5
100021a2:	0034      	movs	r4, r6
100021a4:	003d      	movs	r5, r7
100021a6:	465b      	mov	r3, fp
100021a8:	609c      	str	r4, [r3, #8]
100021aa:	60dd      	str	r5, [r3, #12]
100021ac:	2100      	movs	r1, #0
100021ae:	5e59      	ldrsh	r1, [r3, r1]
100021b0:	2900      	cmp	r1, #0
100021b2:	da00      	bge.n	100021b6 <alarm_pool_irq_handler+0x12a>
100021b4:	e789      	b.n	100020ca <alarm_pool_irq_handler+0x3e>
100021b6:	4643      	mov	r3, r8
100021b8:	695b      	ldr	r3, [r3, #20]
100021ba:	0022      	movs	r2, r4
100021bc:	469c      	mov	ip, r3
100021be:	002b      	movs	r3, r5
100021c0:	0048      	lsls	r0, r1, #1
100021c2:	1840      	adds	r0, r0, r1
100021c4:	00c0      	lsls	r0, r0, #3
100021c6:	4460      	add	r0, ip
100021c8:	6886      	ldr	r6, [r0, #8]
100021ca:	68c7      	ldr	r7, [r0, #12]
100021cc:	1b92      	subs	r2, r2, r6
100021ce:	41bb      	sbcs	r3, r7
100021d0:	2b00      	cmp	r3, #0
100021d2:	da00      	bge.n	100021d6 <alarm_pool_irq_handler+0x14a>
100021d4:	e779      	b.n	100020ca <alarm_pool_irq_handler+0x3e>
100021d6:	4643      	mov	r3, r8
100021d8:	4666      	mov	r6, ip
100021da:	0002      	movs	r2, r0
100021dc:	9400      	str	r4, [sp, #0]
100021de:	9501      	str	r5, [sp, #4]
100021e0:	8119      	strh	r1, [r3, #8]
100021e2:	e00c      	b.n	100021fe <alarm_pool_irq_handler+0x172>
100021e4:	007b      	lsls	r3, r7, #1
100021e6:	19db      	adds	r3, r3, r7
100021e8:	00db      	lsls	r3, r3, #3
100021ea:	18f3      	adds	r3, r6, r3
100021ec:	9800      	ldr	r0, [sp, #0]
100021ee:	9901      	ldr	r1, [sp, #4]
100021f0:	689c      	ldr	r4, [r3, #8]
100021f2:	68dd      	ldr	r5, [r3, #12]
100021f4:	1b00      	subs	r0, r0, r4
100021f6:	41a9      	sbcs	r1, r5
100021f8:	2900      	cmp	r1, #0
100021fa:	db04      	blt.n	10002206 <alarm_pool_irq_handler+0x17a>
100021fc:	001a      	movs	r2, r3
100021fe:	2300      	movs	r3, #0
10002200:	5ed7      	ldrsh	r7, [r2, r3]
10002202:	2f00      	cmp	r7, #0
10002204:	daee      	bge.n	100021e4 <alarm_pool_irq_handler+0x158>
10002206:	465b      	mov	r3, fp
10002208:	801f      	strh	r7, [r3, #0]
1000220a:	4653      	mov	r3, sl
1000220c:	8013      	strh	r3, [r2, #0]
1000220e:	4643      	mov	r3, r8
10002210:	889b      	ldrh	r3, [r3, #4]
10002212:	b21b      	sxth	r3, r3
10002214:	2b00      	cmp	r3, #0
10002216:	da00      	bge.n	1000221a <alarm_pool_irq_handler+0x18e>
10002218:	e75d      	b.n	100020d6 <alarm_pool_irq_handler+0x4a>
1000221a:	4643      	mov	r3, r8
1000221c:	691a      	ldr	r2, [r3, #16]
1000221e:	f3ef 8110 	mrs	r1, PRIMASK
10002222:	b672      	cpsid	i
10002224:	6813      	ldr	r3, [r2, #0]
10002226:	2b00      	cmp	r3, #0
10002228:	d0fc      	beq.n	10002224 <alarm_pool_irq_handler+0x198>
1000222a:	f3bf 8f5f 	dmb	sy
1000222e:	4643      	mov	r3, r8
10002230:	889b      	ldrh	r3, [r3, #4]
10002232:	4642      	mov	r2, r8
10002234:	b21b      	sxth	r3, r3
10002236:	469a      	mov	sl, r3
10002238:	2301      	movs	r3, #1
1000223a:	425b      	negs	r3, r3
1000223c:	8093      	strh	r3, [r2, #4]
1000223e:	6913      	ldr	r3, [r2, #16]
10002240:	f3bf 8f5f 	dmb	sy
10002244:	2200      	movs	r2, #0
10002246:	601a      	str	r2, [r3, #0]
10002248:	f381 8810 	msr	PRIMASK, r1
1000224c:	4653      	mov	r3, sl
1000224e:	2b00      	cmp	r3, #0
10002250:	da00      	bge.n	10002254 <alarm_pool_irq_handler+0x1c8>
10002252:	e740      	b.n	100020d6 <alarm_pool_irq_handler+0x4a>
10002254:	4643      	mov	r3, r8
10002256:	695b      	ldr	r3, [r3, #20]
10002258:	469c      	mov	ip, r3
1000225a:	2308      	movs	r3, #8
1000225c:	4443      	add	r3, r8
1000225e:	469b      	mov	fp, r3
10002260:	4653      	mov	r3, sl
10002262:	005f      	lsls	r7, r3, #1
10002264:	4643      	mov	r3, r8
10002266:	4457      	add	r7, sl
10002268:	00ff      	lsls	r7, r7, #3
1000226a:	2208      	movs	r2, #8
1000226c:	5e9a      	ldrsh	r2, [r3, r2]
1000226e:	4467      	add	r7, ip
10002270:	465e      	mov	r6, fp
10002272:	68bc      	ldr	r4, [r7, #8]
10002274:	68fd      	ldr	r5, [r7, #12]
10002276:	2a00      	cmp	r2, #0
10002278:	db19      	blt.n	100022ae <alarm_pool_irq_handler+0x222>
1000227a:	003b      	movs	r3, r7
1000227c:	9400      	str	r4, [sp, #0]
1000227e:	9501      	str	r5, [sp, #4]
10002280:	4667      	mov	r7, ip
10002282:	469c      	mov	ip, r3
10002284:	e004      	b.n	10002290 <alarm_pool_irq_handler+0x204>
10002286:	001e      	movs	r6, r3
10002288:	2300      	movs	r3, #0
1000228a:	5ef2      	ldrsh	r2, [r6, r3]
1000228c:	2a00      	cmp	r2, #0
1000228e:	db0b      	blt.n	100022a8 <alarm_pool_irq_handler+0x21c>
10002290:	9800      	ldr	r0, [sp, #0]
10002292:	9901      	ldr	r1, [sp, #4]
10002294:	0053      	lsls	r3, r2, #1
10002296:	189b      	adds	r3, r3, r2
10002298:	00db      	lsls	r3, r3, #3
1000229a:	18fb      	adds	r3, r7, r3
1000229c:	689c      	ldr	r4, [r3, #8]
1000229e:	68dd      	ldr	r5, [r3, #12]
100022a0:	1b00      	subs	r0, r0, r4
100022a2:	41a9      	sbcs	r1, r5
100022a4:	2900      	cmp	r1, #0
100022a6:	daee      	bge.n	10002286 <alarm_pool_irq_handler+0x1fa>
100022a8:	4663      	mov	r3, ip
100022aa:	46bc      	mov	ip, r7
100022ac:	001f      	movs	r7, r3
100022ae:	4653      	mov	r3, sl
100022b0:	8033      	strh	r3, [r6, #0]
100022b2:	2100      	movs	r1, #0
100022b4:	5e7b      	ldrsh	r3, [r7, r1]
100022b6:	803a      	strh	r2, [r7, #0]
100022b8:	469a      	mov	sl, r3
100022ba:	2b00      	cmp	r3, #0
100022bc:	dad0      	bge.n	10002260 <alarm_pool_irq_handler+0x1d4>
100022be:	4643      	mov	r3, r8
100022c0:	799b      	ldrb	r3, [r3, #6]
100022c2:	2b00      	cmp	r3, #0
100022c4:	d100      	bne.n	100022c8 <alarm_pool_irq_handler+0x23c>
100022c6:	e70b      	b.n	100020e0 <alarm_pool_irq_handler+0x54>
100022c8:	2300      	movs	r3, #0
100022ca:	4642      	mov	r2, r8
100022cc:	7193      	strb	r3, [r2, #6]
100022ce:	4643      	mov	r3, r8
100022d0:	4646      	mov	r6, r8
100022d2:	2108      	movs	r1, #8
100022d4:	5e59      	ldrsh	r1, [r3, r1]
100022d6:	3608      	adds	r6, #8
100022d8:	1c4b      	adds	r3, r1, #1
100022da:	d100      	bne.n	100022de <alarm_pool_irq_handler+0x252>
100022dc:	e729      	b.n	10002132 <alarm_pool_irq_handler+0xa6>
100022de:	4647      	mov	r7, r8
100022e0:	468c      	mov	ip, r1
100022e2:	6955      	ldr	r5, [r2, #20]
100022e4:	e002      	b.n	100022ec <alarm_pool_irq_handler+0x260>
100022e6:	0006      	movs	r6, r0
100022e8:	1c4b      	adds	r3, r1, #1
100022ea:	d017      	beq.n	1000231c <alarm_pool_irq_handler+0x290>
100022ec:	004b      	lsls	r3, r1, #1
100022ee:	185b      	adds	r3, r3, r1
100022f0:	00db      	lsls	r3, r3, #3
100022f2:	18e8      	adds	r0, r5, r3
100022f4:	000a      	movs	r2, r1
100022f6:	5ee9      	ldrsh	r1, [r5, r3]
100022f8:	8843      	ldrh	r3, [r0, #2]
100022fa:	b21b      	sxth	r3, r3
100022fc:	2b00      	cmp	r3, #0
100022fe:	daf2      	bge.n	100022e6 <alarm_pool_irq_handler+0x25a>
10002300:	2301      	movs	r3, #1
10002302:	425b      	negs	r3, r3
10002304:	17dc      	asrs	r4, r3, #31
10002306:	6083      	str	r3, [r0, #8]
10002308:	60c4      	str	r4, [r0, #12]
1000230a:	4562      	cmp	r2, ip
1000230c:	d0ec      	beq.n	100022e8 <alarm_pool_irq_handler+0x25c>
1000230e:	8031      	strh	r1, [r6, #0]
10002310:	893b      	ldrh	r3, [r7, #8]
10002312:	4694      	mov	ip, r2
10002314:	8003      	strh	r3, [r0, #0]
10002316:	813a      	strh	r2, [r7, #8]
10002318:	1c4b      	adds	r3, r1, #1
1000231a:	d1e7      	bne.n	100022ec <alarm_pool_irq_handler+0x260>
1000231c:	46b8      	mov	r8, r7
1000231e:	4664      	mov	r4, ip
10002320:	e6e1      	b.n	100020e6 <alarm_pool_irq_handler+0x5a>
10002322:	1c6b      	adds	r3, r5, #1
10002324:	d000      	beq.n	10002328 <alarm_pool_irq_handler+0x29c>
10002326:	e6ec      	b.n	10002102 <alarm_pool_irq_handler+0x76>
10002328:	e6f9      	b.n	1000211e <alarm_pool_irq_handler+0x92>
1000232a:	465b      	mov	r3, fp
1000232c:	695c      	ldr	r4, [r3, #20]
1000232e:	0020      	movs	r0, r4
10002330:	6923      	ldr	r3, [r4, #16]
10002332:	4798      	blx	r3
10002334:	2800      	cmp	r0, #0
10002336:	d121      	bne.n	1000237c <alarm_pool_irq_handler+0x2f0>
10002338:	465b      	mov	r3, fp
1000233a:	4642      	mov	r2, r8
1000233c:	881b      	ldrh	r3, [r3, #0]
1000233e:	8113      	strh	r3, [r2, #8]
10002340:	6912      	ldr	r2, [r2, #16]
10002342:	f3ef 8310 	mrs	r3, PRIMASK
10002346:	b672      	cpsid	i
10002348:	6811      	ldr	r1, [r2, #0]
1000234a:	2900      	cmp	r1, #0
1000234c:	d0fc      	beq.n	10002348 <alarm_pool_irq_handler+0x2bc>
1000234e:	f3bf 8f5f 	dmb	sy
10002352:	4642      	mov	r2, r8
10002354:	4659      	mov	r1, fp
10002356:	8852      	ldrh	r2, [r2, #2]
10002358:	800a      	strh	r2, [r1, #0]
1000235a:	4642      	mov	r2, r8
1000235c:	4651      	mov	r1, sl
1000235e:	8051      	strh	r1, [r2, #2]
10002360:	6912      	ldr	r2, [r2, #16]
10002362:	f3bf 8f5f 	dmb	sy
10002366:	2100      	movs	r1, #0
10002368:	6011      	str	r1, [r2, #0]
1000236a:	f383 8810 	msr	PRIMASK, r3
1000236e:	e6ac      	b.n	100020ca <alarm_pool_irq_handler+0x3e>
10002370:	4806      	ldr	r0, [pc, #24]	; (1000238c <alarm_pool_irq_handler+0x300>)
10002372:	f000 fa2d 	bl	100027d0 <timer_time_us_64>
10002376:	1824      	adds	r4, r4, r0
10002378:	414d      	adcs	r5, r1
1000237a:	e714      	b.n	100021a6 <alarm_pool_irq_handler+0x11a>
1000237c:	6865      	ldr	r5, [r4, #4]
1000237e:	6824      	ldr	r4, [r4, #0]
10002380:	e706      	b.n	10002190 <alarm_pool_irq_handler+0x104>
10002382:	46c0      	nop			; (mov r8, r8)
10002384:	20000f5c 	.word	0x20000f5c
10002388:	4005703c 	.word	0x4005703c
1000238c:	40054000 	.word	0x40054000
10002390:	1000208d 	.word	0x1000208d

10002394 <runtime_init_default_alarm_pool>:
10002394:	b570      	push	{r4, r5, r6, lr}
10002396:	4c2e      	ldr	r4, [pc, #184]	; (10002450 <runtime_init_default_alarm_pool+0xbc>)
10002398:	6925      	ldr	r5, [r4, #16]
1000239a:	2d00      	cmp	r5, #0
1000239c:	d004      	beq.n	100023a8 <runtime_init_default_alarm_pool+0x14>
1000239e:	210a      	movs	r1, #10
100023a0:	482c      	ldr	r0, [pc, #176]	; (10002454 <runtime_init_default_alarm_pool+0xc0>)
100023a2:	f7ff fe27 	bl	10001ff4 <lock_init>
100023a6:	bd70      	pop	{r4, r5, r6, pc}
100023a8:	4e2b      	ldr	r6, [pc, #172]	; (10002458 <runtime_init_default_alarm_pool+0xc4>)
100023aa:	2103      	movs	r1, #3
100023ac:	0030      	movs	r0, r6
100023ae:	f000 fa05 	bl	100027bc <timer_hardware_alarm_claim>
100023b2:	60e6      	str	r6, [r4, #12]
100023b4:	f7ff fba2 	bl	10001afc <next_striped_spin_lock_num>
100023b8:	4b28      	ldr	r3, [pc, #160]	; (1000245c <runtime_init_default_alarm_pool+0xc8>)
100023ba:	2203      	movs	r2, #3
100023bc:	469c      	mov	ip, r3
100023be:	23d0      	movs	r3, #208	; 0xd0
100023c0:	7022      	strb	r2, [r4, #0]
100023c2:	061b      	lsls	r3, r3, #24
100023c4:	681b      	ldr	r3, [r3, #0]
100023c6:	2101      	movs	r1, #1
100023c8:	7063      	strb	r3, [r4, #1]
100023ca:	4b25      	ldr	r3, [pc, #148]	; (10002460 <runtime_init_default_alarm_pool+0xcc>)
100023cc:	4460      	add	r0, ip
100023ce:	60a3      	str	r3, [r4, #8]
100023d0:	230f      	movs	r3, #15
100023d2:	0080      	lsls	r0, r0, #2
100023d4:	6120      	str	r0, [r4, #16]
100023d6:	2002      	movs	r0, #2
100023d8:	8063      	strh	r3, [r4, #2]
100023da:	6963      	ldr	r3, [r4, #20]
100023dc:	4249      	negs	r1, r1
100023de:	80a1      	strh	r1, [r4, #4]
100023e0:	8019      	strh	r1, [r3, #0]
100023e2:	3102      	adds	r1, #2
100023e4:	8619      	strh	r1, [r3, #48]	; 0x30
100023e6:	3147      	adds	r1, #71	; 0x47
100023e8:	831d      	strh	r5, [r3, #24]
100023ea:	5258      	strh	r0, [r3, r1]
100023ec:	3118      	adds	r1, #24
100023ee:	525a      	strh	r2, [r3, r1]
100023f0:	3275      	adds	r2, #117	; 0x75
100023f2:	395c      	subs	r1, #92	; 0x5c
100023f4:	5299      	strh	r1, [r3, r2]
100023f6:	3218      	adds	r2, #24
100023f8:	3101      	adds	r1, #1
100023fa:	5299      	strh	r1, [r3, r2]
100023fc:	3218      	adds	r2, #24
100023fe:	3101      	adds	r1, #1
10002400:	5299      	strh	r1, [r3, r2]
10002402:	3218      	adds	r2, #24
10002404:	3101      	adds	r1, #1
10002406:	5299      	strh	r1, [r3, r2]
10002408:	3508      	adds	r5, #8
1000240a:	3218      	adds	r2, #24
1000240c:	529d      	strh	r5, [r3, r2]
1000240e:	3102      	adds	r1, #2
10002410:	3218      	adds	r2, #24
10002412:	5299      	strh	r1, [r3, r2]
10002414:	3218      	adds	r2, #24
10002416:	3101      	adds	r1, #1
10002418:	5299      	strh	r1, [r3, r2]
1000241a:	3218      	adds	r2, #24
1000241c:	3101      	adds	r1, #1
1000241e:	5299      	strh	r1, [r3, r2]
10002420:	3218      	adds	r2, #24
10002422:	3101      	adds	r1, #1
10002424:	5299      	strh	r1, [r3, r2]
10002426:	3218      	adds	r2, #24
10002428:	3101      	adds	r1, #1
1000242a:	5299      	strh	r1, [r3, r2]
1000242c:	3218      	adds	r2, #24
1000242e:	3101      	adds	r1, #1
10002430:	5299      	strh	r1, [r3, r2]
10002432:	4b0c      	ldr	r3, [pc, #48]	; (10002464 <runtime_init_default_alarm_pool+0xd0>)
10002434:	490c      	ldr	r1, [pc, #48]	; (10002468 <runtime_init_default_alarm_pool+0xd4>)
10002436:	60dc      	str	r4, [r3, #12]
10002438:	3001      	adds	r0, #1
1000243a:	6235      	str	r5, [r6, #32]
1000243c:	f7ff fb9c 	bl	10001b78 <irq_set_exclusive_handler>
10002440:	2101      	movs	r1, #1
10002442:	2003      	movs	r0, #3
10002444:	f7ff fb86 	bl	10001b54 <irq_set_enabled>
10002448:	4b08      	ldr	r3, [pc, #32]	; (1000246c <runtime_init_default_alarm_pool+0xd8>)
1000244a:	601d      	str	r5, [r3, #0]
1000244c:	e7a7      	b.n	1000239e <runtime_init_default_alarm_pool+0xa>
1000244e:	46c0      	nop			; (mov r8, r8)
10002450:	20000234 	.word	0x20000234
10002454:	20001090 	.word	0x20001090
10002458:	40054000 	.word	0x40054000
1000245c:	34000040 	.word	0x34000040
10002460:	0010ffff 	.word	0x0010ffff
10002464:	20000f5c 	.word	0x20000f5c
10002468:	1000208d 	.word	0x1000208d
1000246c:	40056038 	.word	0x40056038

10002470 <alarm_pool_add_alarm_at_force_in_context>:
10002470:	b570      	push	{r4, r5, r6, lr}
10002472:	46c6      	mov	lr, r8
10002474:	0001      	movs	r1, r0
10002476:	b500      	push	{lr}
10002478:	6904      	ldr	r4, [r0, #16]
1000247a:	f3ef 8c10 	mrs	ip, PRIMASK
1000247e:	b672      	cpsid	i
10002480:	6820      	ldr	r0, [r4, #0]
10002482:	2800      	cmp	r0, #0
10002484:	d0fc      	beq.n	10002480 <alarm_pool_add_alarm_at_force_in_context+0x10>
10002486:	f3bf 8f5f 	dmb	sy
1000248a:	2002      	movs	r0, #2
1000248c:	5e0d      	ldrsh	r5, [r1, r0]
1000248e:	6948      	ldr	r0, [r1, #20]
10002490:	006c      	lsls	r4, r5, #1
10002492:	4680      	mov	r8, r0
10002494:	1964      	adds	r4, r4, r5
10002496:	00e4      	lsls	r4, r4, #3
10002498:	4444      	add	r4, r8
1000249a:	2d00      	cmp	r5, #0
1000249c:	db01      	blt.n	100024a2 <alarm_pool_add_alarm_at_force_in_context+0x32>
1000249e:	8820      	ldrh	r0, [r4, #0]
100024a0:	8048      	strh	r0, [r1, #2]
100024a2:	6908      	ldr	r0, [r1, #16]
100024a4:	f3bf 8f5f 	dmb	sy
100024a8:	2600      	movs	r6, #0
100024aa:	6006      	str	r6, [r0, #0]
100024ac:	f38c 8810 	msr	PRIMASK, ip
100024b0:	2d00      	cmp	r5, #0
100024b2:	db30      	blt.n	10002516 <alarm_pool_add_alarm_at_force_in_context+0xa6>
100024b4:	60e3      	str	r3, [r4, #12]
100024b6:	8863      	ldrh	r3, [r4, #2]
100024b8:	9805      	ldr	r0, [sp, #20]
100024ba:	3301      	adds	r3, #1
100024bc:	6120      	str	r0, [r4, #16]
100024be:	045b      	lsls	r3, r3, #17
100024c0:	9806      	ldr	r0, [sp, #24]
100024c2:	0c5b      	lsrs	r3, r3, #17
100024c4:	60a2      	str	r2, [r4, #8]
100024c6:	6160      	str	r0, [r4, #20]
100024c8:	1c1a      	adds	r2, r3, #0
100024ca:	2b00      	cmp	r3, #0
100024cc:	d021      	beq.n	10002512 <alarm_pool_add_alarm_at_force_in_context+0xa2>
100024ce:	b290      	uxth	r0, r2
100024d0:	042b      	lsls	r3, r5, #16
100024d2:	8062      	strh	r2, [r4, #2]
100024d4:	4318      	orrs	r0, r3
100024d6:	690a      	ldr	r2, [r1, #16]
100024d8:	f3ef 8610 	mrs	r6, PRIMASK
100024dc:	b672      	cpsid	i
100024de:	6813      	ldr	r3, [r2, #0]
100024e0:	2b00      	cmp	r3, #0
100024e2:	d0fc      	beq.n	100024de <alarm_pool_add_alarm_at_force_in_context+0x6e>
100024e4:	f3bf 8f5f 	dmb	sy
100024e8:	888b      	ldrh	r3, [r1, #4]
100024ea:	8023      	strh	r3, [r4, #0]
100024ec:	808d      	strh	r5, [r1, #4]
100024ee:	690b      	ldr	r3, [r1, #16]
100024f0:	f3bf 8f5f 	dmb	sy
100024f4:	2200      	movs	r2, #0
100024f6:	601a      	str	r2, [r3, #0]
100024f8:	f386 8810 	msr	PRIMASK, r6
100024fc:	780b      	ldrb	r3, [r1, #0]
100024fe:	3201      	adds	r2, #1
10002500:	409a      	lsls	r2, r3
10002502:	68cb      	ldr	r3, [r1, #12]
10002504:	4905      	ldr	r1, [pc, #20]	; (1000251c <alarm_pool_add_alarm_at_force_in_context+0xac>)
10002506:	468c      	mov	ip, r1
10002508:	4463      	add	r3, ip
1000250a:	601a      	str	r2, [r3, #0]
1000250c:	bc40      	pop	{r6}
1000250e:	46b0      	mov	r8, r6
10002510:	bd70      	pop	{r4, r5, r6, pc}
10002512:	2201      	movs	r2, #1
10002514:	e7db      	b.n	100024ce <alarm_pool_add_alarm_at_force_in_context+0x5e>
10002516:	2001      	movs	r0, #1
10002518:	4240      	negs	r0, r0
1000251a:	e7f7      	b.n	1000250c <alarm_pool_add_alarm_at_force_in_context+0x9c>
1000251c:	0000203c 	.word	0x0000203c

10002520 <alarm_pool_cancel_alarm>:
10002520:	b510      	push	{r4, lr}
10002522:	8943      	ldrh	r3, [r0, #10]
10002524:	140a      	asrs	r2, r1, #16
10002526:	4293      	cmp	r3, r2
10002528:	dd33      	ble.n	10002592 <alarm_pool_cancel_alarm+0x72>
1000252a:	0053      	lsls	r3, r2, #1
1000252c:	189b      	adds	r3, r3, r2
1000252e:	6942      	ldr	r2, [r0, #20]
10002530:	00db      	lsls	r3, r3, #3
10002532:	4694      	mov	ip, r2
10002534:	6904      	ldr	r4, [r0, #16]
10002536:	4463      	add	r3, ip
10002538:	f3ef 8c10 	mrs	ip, PRIMASK
1000253c:	b672      	cpsid	i
1000253e:	6822      	ldr	r2, [r4, #0]
10002540:	2a00      	cmp	r2, #0
10002542:	d0fc      	beq.n	1000253e <alarm_pool_cancel_alarm+0x1e>
10002544:	f3bf 8f5f 	dmb	sy
10002548:	885a      	ldrh	r2, [r3, #2]
1000254a:	0409      	lsls	r1, r1, #16
1000254c:	b294      	uxth	r4, r2
1000254e:	0c09      	lsrs	r1, r1, #16
10002550:	428a      	cmp	r2, r1
10002552:	d008      	beq.n	10002566 <alarm_pool_cancel_alarm+0x46>
10002554:	6903      	ldr	r3, [r0, #16]
10002556:	f3bf 8f5f 	dmb	sy
1000255a:	2200      	movs	r2, #0
1000255c:	601a      	str	r2, [r3, #0]
1000255e:	f38c 8810 	msr	PRIMASK, ip
10002562:	2000      	movs	r0, #0
10002564:	bd10      	pop	{r4, pc}
10002566:	2280      	movs	r2, #128	; 0x80
10002568:	0212      	lsls	r2, r2, #8
1000256a:	4314      	orrs	r4, r2
1000256c:	805c      	strh	r4, [r3, #2]
1000256e:	2301      	movs	r3, #1
10002570:	6902      	ldr	r2, [r0, #16]
10002572:	7183      	strb	r3, [r0, #6]
10002574:	f3bf 8f5f 	dmb	sy
10002578:	2100      	movs	r1, #0
1000257a:	6011      	str	r1, [r2, #0]
1000257c:	f38c 8810 	msr	PRIMASK, ip
10002580:	4905      	ldr	r1, [pc, #20]	; (10002598 <alarm_pool_cancel_alarm+0x78>)
10002582:	7802      	ldrb	r2, [r0, #0]
10002584:	468c      	mov	ip, r1
10002586:	4093      	lsls	r3, r2
10002588:	68c2      	ldr	r2, [r0, #12]
1000258a:	2001      	movs	r0, #1
1000258c:	4462      	add	r2, ip
1000258e:	6013      	str	r3, [r2, #0]
10002590:	e7e8      	b.n	10002564 <alarm_pool_cancel_alarm+0x44>
10002592:	2000      	movs	r0, #0
10002594:	e7e6      	b.n	10002564 <alarm_pool_cancel_alarm+0x44>
10002596:	46c0      	nop			; (mov r8, r8)
10002598:	0000203c 	.word	0x0000203c

1000259c <sleep_until>:
1000259c:	b5f0      	push	{r4, r5, r6, r7, lr}
1000259e:	0004      	movs	r4, r0
100025a0:	000d      	movs	r5, r1
100025a2:	2606      	movs	r6, #6
100025a4:	4276      	negs	r6, r6
100025a6:	17f7      	asrs	r7, r6, #31
100025a8:	46c6      	mov	lr, r8
100025aa:	1936      	adds	r6, r6, r4
100025ac:	416f      	adcs	r7, r5
100025ae:	b500      	push	{lr}
100025b0:	b082      	sub	sp, #8
100025b2:	428f      	cmp	r7, r1
100025b4:	d814      	bhi.n	100025e0 <sleep_until+0x44>
100025b6:	d011      	beq.n	100025dc <sleep_until+0x40>
100025b8:	f000 f912 	bl	100027e0 <time_us_64>
100025bc:	0032      	movs	r2, r6
100025be:	003b      	movs	r3, r7
100025c0:	1a12      	subs	r2, r2, r0
100025c2:	418b      	sbcs	r3, r1
100025c4:	2b00      	cmp	r3, #0
100025c6:	dc15      	bgt.n	100025f4 <sleep_until+0x58>
100025c8:	2b00      	cmp	r3, #0
100025ca:	d044      	beq.n	10002656 <sleep_until+0xba>
100025cc:	0020      	movs	r0, r4
100025ce:	0029      	movs	r1, r5
100025d0:	f000 f93a 	bl	10002848 <busy_wait_until>
100025d4:	b002      	add	sp, #8
100025d6:	bc80      	pop	{r7}
100025d8:	46b8      	mov	r8, r7
100025da:	bdf0      	pop	{r4, r5, r6, r7, pc}
100025dc:	4286      	cmp	r6, r0
100025de:	d9eb      	bls.n	100025b8 <sleep_until+0x1c>
100025e0:	2600      	movs	r6, #0
100025e2:	2700      	movs	r7, #0
100025e4:	f000 f8fc 	bl	100027e0 <time_us_64>
100025e8:	0032      	movs	r2, r6
100025ea:	003b      	movs	r3, r7
100025ec:	1a12      	subs	r2, r2, r0
100025ee:	418b      	sbcs	r3, r1
100025f0:	2b00      	cmp	r3, #0
100025f2:	dde9      	ble.n	100025c8 <sleep_until+0x2c>
100025f4:	f000 f8f4 	bl	100027e0 <time_us_64>
100025f8:	0032      	movs	r2, r6
100025fa:	003b      	movs	r3, r7
100025fc:	1a12      	subs	r2, r2, r0
100025fe:	418b      	sbcs	r3, r1
10002600:	2b00      	cmp	r3, #0
10002602:	db0a      	blt.n	1000261a <sleep_until+0x7e>
10002604:	2300      	movs	r3, #0
10002606:	9301      	str	r3, [sp, #4]
10002608:	4b14      	ldr	r3, [pc, #80]	; (1000265c <sleep_until+0xc0>)
1000260a:	0032      	movs	r2, r6
1000260c:	9300      	str	r3, [sp, #0]
1000260e:	4814      	ldr	r0, [pc, #80]	; (10002660 <sleep_until+0xc4>)
10002610:	003b      	movs	r3, r7
10002612:	f7ff ff2d 	bl	10002470 <alarm_pool_add_alarm_at_force_in_context>
10002616:	2800      	cmp	r0, #0
10002618:	dbd8      	blt.n	100025cc <sleep_until+0x30>
1000261a:	46b0      	mov	r8, r6
1000261c:	2600      	movs	r6, #0
1000261e:	46bc      	mov	ip, r7
10002620:	4a10      	ldr	r2, [pc, #64]	; (10002664 <sleep_until+0xc8>)
10002622:	4f11      	ldr	r7, [pc, #68]	; (10002668 <sleep_until+0xcc>)
10002624:	6a7b      	ldr	r3, [r7, #36]	; 0x24
10002626:	459c      	cmp	ip, r3
10002628:	d804      	bhi.n	10002634 <sleep_until+0x98>
1000262a:	6ab9      	ldr	r1, [r7, #40]	; 0x28
1000262c:	4588      	cmp	r8, r1
1000262e:	d9cd      	bls.n	100025cc <sleep_until+0x30>
10002630:	459c      	cmp	ip, r3
10002632:	d1cb      	bne.n	100025cc <sleep_until+0x30>
10002634:	6811      	ldr	r1, [r2, #0]
10002636:	f3ef 8010 	mrs	r0, PRIMASK
1000263a:	b672      	cpsid	i
1000263c:	680b      	ldr	r3, [r1, #0]
1000263e:	2b00      	cmp	r3, #0
10002640:	d0fc      	beq.n	1000263c <sleep_until+0xa0>
10002642:	f3bf 8f5f 	dmb	sy
10002646:	6813      	ldr	r3, [r2, #0]
10002648:	f3bf 8f5f 	dmb	sy
1000264c:	601e      	str	r6, [r3, #0]
1000264e:	f380 8810 	msr	PRIMASK, r0
10002652:	bf20      	wfe
10002654:	e7e6      	b.n	10002624 <sleep_until+0x88>
10002656:	2a00      	cmp	r2, #0
10002658:	d0b8      	beq.n	100025cc <sleep_until+0x30>
1000265a:	e7cb      	b.n	100025f4 <sleep_until+0x58>
1000265c:	1000205d 	.word	0x1000205d
10002660:	20000234 	.word	0x20000234
10002664:	20001090 	.word	0x20001090
10002668:	40054000 	.word	0x40054000

1000266c <sleep_ms>:
1000266c:	b570      	push	{r4, r5, r6, lr}
1000266e:	0006      	movs	r6, r0
10002670:	f000 f8b6 	bl	100027e0 <time_us_64>
10002674:	22fa      	movs	r2, #250	; 0xfa
10002676:	0004      	movs	r4, r0
10002678:	000d      	movs	r5, r1
1000267a:	2300      	movs	r3, #0
1000267c:	0030      	movs	r0, r6
1000267e:	2100      	movs	r1, #0
10002680:	0092      	lsls	r2, r2, #2
10002682:	f001 f889 	bl	10003798 <__wrap___aeabi_lmul>
10002686:	1900      	adds	r0, r0, r4
10002688:	4169      	adcs	r1, r5
1000268a:	2900      	cmp	r1, #0
1000268c:	db02      	blt.n	10002694 <sleep_ms+0x28>
1000268e:	f7ff ff85 	bl	1000259c <sleep_until>
10002692:	bd70      	pop	{r4, r5, r6, pc}
10002694:	2001      	movs	r0, #1
10002696:	4901      	ldr	r1, [pc, #4]	; (1000269c <sleep_ms+0x30>)
10002698:	4240      	negs	r0, r0
1000269a:	e7f8      	b.n	1000268e <sleep_ms+0x22>
1000269c:	7fffffff 	.word	0x7fffffff

100026a0 <best_effort_wfe_or_timeout>:
100026a0:	b5f0      	push	{r4, r5, r6, r7, lr}
100026a2:	46d6      	mov	lr, sl
100026a4:	464f      	mov	r7, r9
100026a6:	4646      	mov	r6, r8
100026a8:	b5c0      	push	{r6, r7, lr}
100026aa:	0004      	movs	r4, r0
100026ac:	000d      	movs	r5, r1
100026ae:	b082      	sub	sp, #8
100026b0:	f3ef 8305 	mrs	r3, IPSR
100026b4:	2b00      	cmp	r3, #0
100026b6:	d130      	bne.n	1000271a <best_effort_wfe_or_timeout+0x7a>
100026b8:	4b3c      	ldr	r3, [pc, #240]	; (100027ac <best_effort_wfe_or_timeout+0x10c>)
100026ba:	469a      	mov	sl, r3
100026bc:	681b      	ldr	r3, [r3, #0]
100026be:	4283      	cmp	r3, r0
100026c0:	d026      	beq.n	10002710 <best_effort_wfe_or_timeout+0x70>
100026c2:	4b3b      	ldr	r3, [pc, #236]	; (100027b0 <best_effort_wfe_or_timeout+0x110>)
100026c4:	002f      	movs	r7, r5
100026c6:	4698      	mov	r8, r3
100026c8:	68db      	ldr	r3, [r3, #12]
100026ca:	4699      	mov	r9, r3
100026cc:	4643      	mov	r3, r8
100026ce:	4648      	mov	r0, r9
100026d0:	781e      	ldrb	r6, [r3, #0]
100026d2:	f000 f87d 	bl	100027d0 <timer_time_us_64>
100026d6:	000b      	movs	r3, r1
100026d8:	4649      	mov	r1, r9
100026da:	3604      	adds	r6, #4
100026dc:	00b6      	lsls	r6, r6, #2
100026de:	0002      	movs	r2, r0
100026e0:	5871      	ldr	r1, [r6, r1]
100026e2:	0026      	movs	r6, r4
100026e4:	2000      	movs	r0, #0
100026e6:	1ab6      	subs	r6, r6, r2
100026e8:	419f      	sbcs	r7, r3
100026ea:	1a89      	subs	r1, r1, r2
100026ec:	42b8      	cmp	r0, r7
100026ee:	dc24      	bgt.n	1000273a <best_effort_wfe_or_timeout+0x9a>
100026f0:	d021      	beq.n	10002736 <best_effort_wfe_or_timeout+0x96>
100026f2:	bf20      	wfe
100026f4:	4a2f      	ldr	r2, [pc, #188]	; (100027b4 <best_effort_wfe_or_timeout+0x114>)
100026f6:	6a53      	ldr	r3, [r2, #36]	; 0x24
100026f8:	42ab      	cmp	r3, r5
100026fa:	d32a      	bcc.n	10002752 <best_effort_wfe_or_timeout+0xb2>
100026fc:	6a92      	ldr	r2, [r2, #40]	; 0x28
100026fe:	2001      	movs	r0, #1
10002700:	42a2      	cmp	r2, r4
10002702:	d34a      	bcc.n	1000279a <best_effort_wfe_or_timeout+0xfa>
10002704:	b002      	add	sp, #8
10002706:	bce0      	pop	{r5, r6, r7}
10002708:	46ba      	mov	sl, r7
1000270a:	46b1      	mov	r9, r6
1000270c:	46a8      	mov	r8, r5
1000270e:	bdf0      	pop	{r4, r5, r6, r7, pc}
10002710:	4653      	mov	r3, sl
10002712:	685b      	ldr	r3, [r3, #4]
10002714:	428b      	cmp	r3, r1
10002716:	d1d4      	bne.n	100026c2 <best_effort_wfe_or_timeout+0x22>
10002718:	e7eb      	b.n	100026f2 <best_effort_wfe_or_timeout+0x52>
1000271a:	4a26      	ldr	r2, [pc, #152]	; (100027b4 <best_effort_wfe_or_timeout+0x114>)
1000271c:	2000      	movs	r0, #0
1000271e:	6a53      	ldr	r3, [r2, #36]	; 0x24
10002720:	428b      	cmp	r3, r1
10002722:	d3ef      	bcc.n	10002704 <best_effort_wfe_or_timeout+0x64>
10002724:	6a92      	ldr	r2, [r2, #40]	; 0x28
10002726:	3001      	adds	r0, #1
10002728:	42a2      	cmp	r2, r4
1000272a:	d2eb      	bcs.n	10002704 <best_effort_wfe_or_timeout+0x64>
1000272c:	1a58      	subs	r0, r3, r1
1000272e:	1e42      	subs	r2, r0, #1
10002730:	4190      	sbcs	r0, r2
10002732:	b2c0      	uxtb	r0, r0
10002734:	e7e6      	b.n	10002704 <best_effort_wfe_or_timeout+0x64>
10002736:	42b1      	cmp	r1, r6
10002738:	d9db      	bls.n	100026f2 <best_effort_wfe_or_timeout+0x52>
1000273a:	f000 f851 	bl	100027e0 <time_us_64>
1000273e:	0022      	movs	r2, r4
10002740:	002b      	movs	r3, r5
10002742:	1a12      	subs	r2, r2, r0
10002744:	418b      	sbcs	r3, r1
10002746:	2b00      	cmp	r3, #0
10002748:	da05      	bge.n	10002756 <best_effort_wfe_or_timeout+0xb6>
1000274a:	4a1a      	ldr	r2, [pc, #104]	; (100027b4 <best_effort_wfe_or_timeout+0x114>)
1000274c:	6a53      	ldr	r3, [r2, #36]	; 0x24
1000274e:	42ab      	cmp	r3, r5
10002750:	d2d4      	bcs.n	100026fc <best_effort_wfe_or_timeout+0x5c>
10002752:	2000      	movs	r0, #0
10002754:	e7d6      	b.n	10002704 <best_effort_wfe_or_timeout+0x64>
10002756:	2300      	movs	r3, #0
10002758:	9301      	str	r3, [sp, #4]
1000275a:	4b17      	ldr	r3, [pc, #92]	; (100027b8 <best_effort_wfe_or_timeout+0x118>)
1000275c:	0022      	movs	r2, r4
1000275e:	9300      	str	r3, [sp, #0]
10002760:	4640      	mov	r0, r8
10002762:	002b      	movs	r3, r5
10002764:	f7ff fe84 	bl	10002470 <alarm_pool_add_alarm_at_force_in_context>
10002768:	1e01      	subs	r1, r0, #0
1000276a:	ddee      	ble.n	1000274a <best_effort_wfe_or_timeout+0xaa>
1000276c:	4653      	mov	r3, sl
1000276e:	601c      	str	r4, [r3, #0]
10002770:	605d      	str	r5, [r3, #4]
10002772:	4b10      	ldr	r3, [pc, #64]	; (100027b4 <best_effort_wfe_or_timeout+0x114>)
10002774:	002e      	movs	r6, r5
10002776:	6a5a      	ldr	r2, [r3, #36]	; 0x24
10002778:	4295      	cmp	r5, r2
1000277a:	d815      	bhi.n	100027a8 <best_effort_wfe_or_timeout+0x108>
1000277c:	6a9b      	ldr	r3, [r3, #40]	; 0x28
1000277e:	42a3      	cmp	r3, r4
10002780:	d310      	bcc.n	100027a4 <best_effort_wfe_or_timeout+0x104>
10002782:	4640      	mov	r0, r8
10002784:	f7ff fecc 	bl	10002520 <alarm_pool_cancel_alarm>
10002788:	4a0a      	ldr	r2, [pc, #40]	; (100027b4 <best_effort_wfe_or_timeout+0x114>)
1000278a:	2000      	movs	r0, #0
1000278c:	6a53      	ldr	r3, [r2, #36]	; 0x24
1000278e:	429e      	cmp	r6, r3
10002790:	d8b8      	bhi.n	10002704 <best_effort_wfe_or_timeout+0x64>
10002792:	6a92      	ldr	r2, [r2, #40]	; 0x28
10002794:	3001      	adds	r0, #1
10002796:	42a2      	cmp	r2, r4
10002798:	d2b4      	bcs.n	10002704 <best_effort_wfe_or_timeout+0x64>
1000279a:	1ae8      	subs	r0, r5, r3
1000279c:	1e42      	subs	r2, r0, #1
1000279e:	4190      	sbcs	r0, r2
100027a0:	b2c0      	uxtb	r0, r0
100027a2:	e7af      	b.n	10002704 <best_effort_wfe_or_timeout+0x64>
100027a4:	4295      	cmp	r5, r2
100027a6:	d1ec      	bne.n	10002782 <best_effort_wfe_or_timeout+0xe2>
100027a8:	bf20      	wfe
100027aa:	e7ea      	b.n	10002782 <best_effort_wfe_or_timeout+0xe2>
100027ac:	20000250 	.word	0x20000250
100027b0:	20000234 	.word	0x20000234
100027b4:	40054000 	.word	0x40054000
100027b8:	1000205d 	.word	0x1000205d

100027bc <timer_hardware_alarm_claim>:
100027bc:	b510      	push	{r4, lr}
100027be:	4a02      	ldr	r2, [pc, #8]	; (100027c8 <timer_hardware_alarm_claim+0xc>)
100027c0:	4802      	ldr	r0, [pc, #8]	; (100027cc <timer_hardware_alarm_claim+0x10>)
100027c2:	f7ff f979 	bl	10001ab8 <hw_claim_or_assert>
100027c6:	bd10      	pop	{r4, pc}
100027c8:	100084d8 	.word	0x100084d8
100027cc:	20000f08 	.word	0x20000f08

100027d0 <timer_time_us_64>:
100027d0:	0003      	movs	r3, r0
100027d2:	6a41      	ldr	r1, [r0, #36]	; 0x24
100027d4:	000a      	movs	r2, r1
100027d6:	6a98      	ldr	r0, [r3, #40]	; 0x28
100027d8:	6a59      	ldr	r1, [r3, #36]	; 0x24
100027da:	428a      	cmp	r2, r1
100027dc:	d1fa      	bne.n	100027d4 <timer_time_us_64+0x4>
100027de:	4770      	bx	lr

100027e0 <time_us_64>:
100027e0:	4b03      	ldr	r3, [pc, #12]	; (100027f0 <time_us_64+0x10>)
100027e2:	6a59      	ldr	r1, [r3, #36]	; 0x24
100027e4:	000a      	movs	r2, r1
100027e6:	6a98      	ldr	r0, [r3, #40]	; 0x28
100027e8:	6a59      	ldr	r1, [r3, #36]	; 0x24
100027ea:	4291      	cmp	r1, r2
100027ec:	d1fa      	bne.n	100027e4 <time_us_64+0x4>
100027ee:	4770      	bx	lr
100027f0:	40054000 	.word	0x40054000

100027f4 <busy_wait_us>:
100027f4:	b570      	push	{r4, r5, r6, lr}
100027f6:	0004      	movs	r4, r0
100027f8:	000d      	movs	r5, r1
100027fa:	4a12      	ldr	r2, [pc, #72]	; (10002844 <busy_wait_us+0x50>)
100027fc:	6a53      	ldr	r3, [r2, #36]	; 0x24
100027fe:	0019      	movs	r1, r3
10002800:	6a96      	ldr	r6, [r2, #40]	; 0x28
10002802:	6a53      	ldr	r3, [r2, #36]	; 0x24
10002804:	428b      	cmp	r3, r1
10002806:	d1fa      	bne.n	100027fe <busy_wait_us+0xa>
10002808:	0030      	movs	r0, r6
1000280a:	0019      	movs	r1, r3
1000280c:	1824      	adds	r4, r4, r0
1000280e:	414d      	adcs	r5, r1
10002810:	42ab      	cmp	r3, r5
10002812:	d811      	bhi.n	10002838 <busy_wait_us+0x44>
10002814:	d00e      	beq.n	10002834 <busy_wait_us+0x40>
10002816:	002b      	movs	r3, r5
10002818:	490a      	ldr	r1, [pc, #40]	; (10002844 <busy_wait_us+0x50>)
1000281a:	6a4a      	ldr	r2, [r1, #36]	; 0x24
1000281c:	429a      	cmp	r2, r3
1000281e:	d3fc      	bcc.n	1000281a <busy_wait_us+0x26>
10002820:	d107      	bne.n	10002832 <busy_wait_us+0x3e>
10002822:	4a08      	ldr	r2, [pc, #32]	; (10002844 <busy_wait_us+0x50>)
10002824:	e002      	b.n	1000282c <busy_wait_us+0x38>
10002826:	6a51      	ldr	r1, [r2, #36]	; 0x24
10002828:	4299      	cmp	r1, r3
1000282a:	d102      	bne.n	10002832 <busy_wait_us+0x3e>
1000282c:	6a91      	ldr	r1, [r2, #40]	; 0x28
1000282e:	42a1      	cmp	r1, r4
10002830:	d3f9      	bcc.n	10002826 <busy_wait_us+0x32>
10002832:	bd70      	pop	{r4, r5, r6, pc}
10002834:	42a6      	cmp	r6, r4
10002836:	d9ee      	bls.n	10002816 <busy_wait_us+0x22>
10002838:	2301      	movs	r3, #1
1000283a:	2401      	movs	r4, #1
1000283c:	4264      	negs	r4, r4
1000283e:	17e5      	asrs	r5, r4, #31
10002840:	425b      	negs	r3, r3
10002842:	e7e9      	b.n	10002818 <busy_wait_us+0x24>
10002844:	40054000 	.word	0x40054000

10002848 <busy_wait_until>:
10002848:	4a06      	ldr	r2, [pc, #24]	; (10002864 <busy_wait_until+0x1c>)
1000284a:	6a53      	ldr	r3, [r2, #36]	; 0x24
1000284c:	4299      	cmp	r1, r3
1000284e:	d8fc      	bhi.n	1000284a <busy_wait_until+0x2>
10002850:	d107      	bne.n	10002862 <busy_wait_until+0x1a>
10002852:	4b04      	ldr	r3, [pc, #16]	; (10002864 <busy_wait_until+0x1c>)
10002854:	e002      	b.n	1000285c <busy_wait_until+0x14>
10002856:	6a5a      	ldr	r2, [r3, #36]	; 0x24
10002858:	4291      	cmp	r1, r2
1000285a:	d102      	bne.n	10002862 <busy_wait_until+0x1a>
1000285c:	6a9a      	ldr	r2, [r3, #40]	; 0x28
1000285e:	4282      	cmp	r2, r0
10002860:	d3f9      	bcc.n	10002856 <busy_wait_until+0xe>
10002862:	4770      	bx	lr
10002864:	40054000 	.word	0x40054000

10002868 <uart_init>:
10002868:	b5f8      	push	{r3, r4, r5, r6, r7, lr}
1000286a:	0004      	movs	r4, r0
1000286c:	2006      	movs	r0, #6
1000286e:	000d      	movs	r5, r1
10002870:	f000 f9e2 	bl	10002c38 <clock_get_hz>
10002874:	2800      	cmp	r0, #0
10002876:	d042      	beq.n	100028fe <uart_init+0x96>
10002878:	4b36      	ldr	r3, [pc, #216]	; (10002954 <uart_init+0xec>)
1000287a:	4937      	ldr	r1, [pc, #220]	; (10002958 <uart_init+0xf0>)
1000287c:	18e2      	adds	r2, r4, r3
1000287e:	4253      	negs	r3, r2
10002880:	415a      	adcs	r2, r3
10002882:	2380      	movs	r3, #128	; 0x80
10002884:	03db      	lsls	r3, r3, #15
10002886:	469c      	mov	ip, r3
10002888:	0592      	lsls	r2, r2, #22
1000288a:	4b34      	ldr	r3, [pc, #208]	; (1000295c <uart_init+0xf4>)
1000288c:	4462      	add	r2, ip
1000288e:	601a      	str	r2, [r3, #0]
10002890:	4b33      	ldr	r3, [pc, #204]	; (10002960 <uart_init+0xf8>)
10002892:	601a      	str	r2, [r3, #0]
10002894:	0010      	movs	r0, r2
10002896:	680b      	ldr	r3, [r1, #0]
10002898:	4398      	bics	r0, r3
1000289a:	d1fb      	bne.n	10002894 <uart_init+0x2c>
1000289c:	4b2d      	ldr	r3, [pc, #180]	; (10002954 <uart_init+0xec>)
1000289e:	2180      	movs	r1, #128	; 0x80
100028a0:	18e3      	adds	r3, r4, r3
100028a2:	425a      	negs	r2, r3
100028a4:	4153      	adcs	r3, r2
100028a6:	4a2f      	ldr	r2, [pc, #188]	; (10002964 <uart_init+0xfc>)
100028a8:	005b      	lsls	r3, r3, #1
100028aa:	0049      	lsls	r1, r1, #1
100028ac:	5299      	strh	r1, [r3, r2]
100028ae:	2006      	movs	r0, #6
100028b0:	f000 f9c2 	bl	10002c38 <clock_get_hz>
100028b4:	0029      	movs	r1, r5
100028b6:	00c0      	lsls	r0, r0, #3
100028b8:	f000 fbb6 	bl	10003028 <__wrap___aeabi_uidiv>
100028bc:	3001      	adds	r0, #1
100028be:	09c3      	lsrs	r3, r0, #7
100028c0:	d11e      	bne.n	10002900 <uart_init+0x98>
100028c2:	2740      	movs	r7, #64	; 0x40
100028c4:	2201      	movs	r2, #1
100028c6:	6262      	str	r2, [r4, #36]	; 0x24
100028c8:	62a3      	str	r3, [r4, #40]	; 0x28
100028ca:	6b26      	ldr	r6, [r4, #48]	; 0x30
100028cc:	07f3      	lsls	r3, r6, #31
100028ce:	d422      	bmi.n	10002916 <uart_init+0xae>
100028d0:	6ae3      	ldr	r3, [r4, #44]	; 0x2c
100028d2:	4b25      	ldr	r3, [pc, #148]	; (10002968 <uart_init+0x100>)
100028d4:	2006      	movs	r0, #6
100028d6:	18e5      	adds	r5, r4, r3
100028d8:	2300      	movs	r3, #0
100028da:	602b      	str	r3, [r5, #0]
100028dc:	6326      	str	r6, [r4, #48]	; 0x30
100028de:	f000 f9ab 	bl	10002c38 <clock_get_hz>
100028e2:	0039      	movs	r1, r7
100028e4:	0080      	lsls	r0, r0, #2
100028e6:	f000 fb9f 	bl	10003028 <__wrap___aeabi_uidiv>
100028ea:	2270      	movs	r2, #112	; 0x70
100028ec:	6ae3      	ldr	r3, [r4, #44]	; 0x2c
100028ee:	405a      	eors	r2, r3
100028f0:	237e      	movs	r3, #126	; 0x7e
100028f2:	4013      	ands	r3, r2
100028f4:	602b      	str	r3, [r5, #0]
100028f6:	4b1d      	ldr	r3, [pc, #116]	; (1000296c <uart_init+0x104>)
100028f8:	6323      	str	r3, [r4, #48]	; 0x30
100028fa:	2303      	movs	r3, #3
100028fc:	64a3      	str	r3, [r4, #72]	; 0x48
100028fe:	bdf8      	pop	{r3, r4, r5, r6, r7, pc}
10002900:	4a1b      	ldr	r2, [pc, #108]	; (10002970 <uart_init+0x108>)
10002902:	4293      	cmp	r3, r2
10002904:	d91e      	bls.n	10002944 <uart_init+0xdc>
10002906:	2300      	movs	r3, #0
10002908:	4a1a      	ldr	r2, [pc, #104]	; (10002974 <uart_init+0x10c>)
1000290a:	4f1b      	ldr	r7, [pc, #108]	; (10002978 <uart_init+0x110>)
1000290c:	6262      	str	r2, [r4, #36]	; 0x24
1000290e:	62a3      	str	r3, [r4, #40]	; 0x28
10002910:	6b26      	ldr	r6, [r4, #48]	; 0x30
10002912:	07f3      	lsls	r3, r6, #31
10002914:	d5dc      	bpl.n	100028d0 <uart_init+0x68>
10002916:	4b19      	ldr	r3, [pc, #100]	; (1000297c <uart_init+0x114>)
10002918:	4a14      	ldr	r2, [pc, #80]	; (1000296c <uart_init+0x104>)
1000291a:	18e3      	adds	r3, r4, r3
1000291c:	601a      	str	r2, [r3, #0]
1000291e:	6a65      	ldr	r5, [r4, #36]	; 0x24
10002920:	6aa2      	ldr	r2, [r4, #40]	; 0x28
10002922:	2006      	movs	r0, #6
10002924:	01ad      	lsls	r5, r5, #6
10002926:	18ad      	adds	r5, r5, r2
10002928:	f000 f986 	bl	10002c38 <clock_get_hz>
1000292c:	4914      	ldr	r1, [pc, #80]	; (10002980 <uart_init+0x118>)
1000292e:	f000 fb7b 	bl	10003028 <__wrap___aeabi_uidiv>
10002932:	02ad      	lsls	r5, r5, #10
10002934:	0001      	movs	r1, r0
10002936:	0028      	movs	r0, r5
10002938:	f000 fb76 	bl	10003028 <__wrap___aeabi_uidiv>
1000293c:	2100      	movs	r1, #0
1000293e:	f7ff ff59 	bl	100027f4 <busy_wait_us>
10002942:	e7c5      	b.n	100028d0 <uart_init+0x68>
10002944:	0640      	lsls	r0, r0, #25
10002946:	0e80      	lsrs	r0, r0, #26
10002948:	019f      	lsls	r7, r3, #6
1000294a:	001a      	movs	r2, r3
1000294c:	183f      	adds	r7, r7, r0
1000294e:	0003      	movs	r3, r0
10002950:	e7b9      	b.n	100028c6 <uart_init+0x5e>
10002952:	46c0      	nop			; (mov r8, r8)
10002954:	bffc8000 	.word	0xbffc8000
10002958:	4000c008 	.word	0x4000c008
1000295c:	4000e000 	.word	0x4000e000
10002960:	4000f000 	.word	0x4000f000
10002964:	20001094 	.word	0x20001094
10002968:	0000102c 	.word	0x0000102c
1000296c:	00000301 	.word	0x00000301
10002970:	0000fffe 	.word	0x0000fffe
10002974:	0000ffff 	.word	0x0000ffff
10002978:	003fffc0 	.word	0x003fffc0
1000297c:	00003030 	.word	0x00003030
10002980:	00000e4e 	.word	0x00000e4e

10002984 <uart_set_format>:
10002984:	3905      	subs	r1, #5
10002986:	3a01      	subs	r2, #1
10002988:	b5f8      	push	{r3, r4, r5, r6, r7, lr}
1000298a:	00d2      	lsls	r2, r2, #3
1000298c:	014c      	lsls	r4, r1, #5
1000298e:	0005      	movs	r5, r0
10002990:	4314      	orrs	r4, r2
10002992:	2b00      	cmp	r3, #0
10002994:	d005      	beq.n	100029a2 <uart_set_format+0x1e>
10002996:	2202      	movs	r2, #2
10002998:	4322      	orrs	r2, r4
1000299a:	2b01      	cmp	r3, #1
1000299c:	d124      	bne.n	100029e8 <uart_set_format+0x64>
1000299e:	3305      	adds	r3, #5
100029a0:	431c      	orrs	r4, r3
100029a2:	6b2e      	ldr	r6, [r5, #48]	; 0x30
100029a4:	07f3      	lsls	r3, r6, #31
100029a6:	d408      	bmi.n	100029ba <uart_set_format+0x36>
100029a8:	6aea      	ldr	r2, [r5, #44]	; 0x2c
100029aa:	4b10      	ldr	r3, [pc, #64]	; (100029ec <uart_set_format+0x68>)
100029ac:	4062      	eors	r2, r4
100029ae:	246e      	movs	r4, #110	; 0x6e
100029b0:	18eb      	adds	r3, r5, r3
100029b2:	4014      	ands	r4, r2
100029b4:	601c      	str	r4, [r3, #0]
100029b6:	632e      	str	r6, [r5, #48]	; 0x30
100029b8:	bdf8      	pop	{r3, r4, r5, r6, r7, pc}
100029ba:	4b0d      	ldr	r3, [pc, #52]	; (100029f0 <uart_set_format+0x6c>)
100029bc:	4a0d      	ldr	r2, [pc, #52]	; (100029f4 <uart_set_format+0x70>)
100029be:	18eb      	adds	r3, r5, r3
100029c0:	601a      	str	r2, [r3, #0]
100029c2:	6a6f      	ldr	r7, [r5, #36]	; 0x24
100029c4:	6aaa      	ldr	r2, [r5, #40]	; 0x28
100029c6:	2006      	movs	r0, #6
100029c8:	01bf      	lsls	r7, r7, #6
100029ca:	18bf      	adds	r7, r7, r2
100029cc:	f000 f934 	bl	10002c38 <clock_get_hz>
100029d0:	4909      	ldr	r1, [pc, #36]	; (100029f8 <uart_set_format+0x74>)
100029d2:	f000 fb29 	bl	10003028 <__wrap___aeabi_uidiv>
100029d6:	02bf      	lsls	r7, r7, #10
100029d8:	0001      	movs	r1, r0
100029da:	0038      	movs	r0, r7
100029dc:	f000 fb24 	bl	10003028 <__wrap___aeabi_uidiv>
100029e0:	2100      	movs	r1, #0
100029e2:	f7ff ff07 	bl	100027f4 <busy_wait_us>
100029e6:	e7df      	b.n	100029a8 <uart_set_format+0x24>
100029e8:	0014      	movs	r4, r2
100029ea:	e7da      	b.n	100029a2 <uart_set_format+0x1e>
100029ec:	0000102c 	.word	0x0000102c
100029f0:	00003030 	.word	0x00003030
100029f4:	00000301 	.word	0x00000301
100029f8:	00000e4e 	.word	0x00000e4e

100029fc <uart_set_fifo_enabled>:
100029fc:	b5f8      	push	{r3, r4, r5, r6, r7, lr}
100029fe:	1e4b      	subs	r3, r1, #1
10002a00:	4199      	sbcs	r1, r3
10002a02:	6b06      	ldr	r6, [r0, #48]	; 0x30
10002a04:	0005      	movs	r5, r0
10002a06:	010c      	lsls	r4, r1, #4
10002a08:	07f3      	lsls	r3, r6, #31
10002a0a:	d408      	bmi.n	10002a1e <uart_set_fifo_enabled+0x22>
10002a0c:	2310      	movs	r3, #16
10002a0e:	6ae9      	ldr	r1, [r5, #44]	; 0x2c
10002a10:	404c      	eors	r4, r1
10002a12:	401c      	ands	r4, r3
10002a14:	4b0d      	ldr	r3, [pc, #52]	; (10002a4c <uart_set_fifo_enabled+0x50>)
10002a16:	18eb      	adds	r3, r5, r3
10002a18:	601c      	str	r4, [r3, #0]
10002a1a:	632e      	str	r6, [r5, #48]	; 0x30
10002a1c:	bdf8      	pop	{r3, r4, r5, r6, r7, pc}
10002a1e:	4b0c      	ldr	r3, [pc, #48]	; (10002a50 <uart_set_fifo_enabled+0x54>)
10002a20:	4a0c      	ldr	r2, [pc, #48]	; (10002a54 <uart_set_fifo_enabled+0x58>)
10002a22:	18c3      	adds	r3, r0, r3
10002a24:	601a      	str	r2, [r3, #0]
10002a26:	6a47      	ldr	r7, [r0, #36]	; 0x24
10002a28:	6a82      	ldr	r2, [r0, #40]	; 0x28
10002a2a:	01bf      	lsls	r7, r7, #6
10002a2c:	2006      	movs	r0, #6
10002a2e:	18bf      	adds	r7, r7, r2
10002a30:	f000 f902 	bl	10002c38 <clock_get_hz>
10002a34:	4908      	ldr	r1, [pc, #32]	; (10002a58 <uart_set_fifo_enabled+0x5c>)
10002a36:	f000 faf7 	bl	10003028 <__wrap___aeabi_uidiv>
10002a3a:	02bf      	lsls	r7, r7, #10
10002a3c:	0001      	movs	r1, r0
10002a3e:	0038      	movs	r0, r7
10002a40:	f000 faf2 	bl	10003028 <__wrap___aeabi_uidiv>
10002a44:	2100      	movs	r1, #0
10002a46:	f7ff fed5 	bl	100027f4 <busy_wait_us>
10002a4a:	e7df      	b.n	10002a0c <uart_set_fifo_enabled+0x10>
10002a4c:	0000102c 	.word	0x0000102c
10002a50:	00003030 	.word	0x00003030
10002a54:	00000301 	.word	0x00000301
10002a58:	00000e4e 	.word	0x00000e4e

10002a5c <clock_configure_int_divider>:
10002a5c:	b5f8      	push	{r3, r4, r5, r6, r7, lr}
10002a5e:	46de      	mov	lr, fp
10002a60:	464e      	mov	r6, r9
10002a62:	4657      	mov	r7, sl
10002a64:	4645      	mov	r5, r8
10002a66:	b5e0      	push	{r5, r6, r7, lr}
10002a68:	468b      	mov	fp, r1
10002a6a:	0005      	movs	r5, r0
10002a6c:	990a      	ldr	r1, [sp, #40]	; 0x28
10002a6e:	0018      	movs	r0, r3
10002a70:	0016      	movs	r6, r2
10002a72:	f000 fad9 	bl	10003028 <__wrap___aeabi_uidiv>
10002a76:	9b0a      	ldr	r3, [sp, #40]	; 0x28
10002a78:	006c      	lsls	r4, r5, #1
10002a7a:	021f      	lsls	r7, r3, #8
10002a7c:	4b32      	ldr	r3, [pc, #200]	; (10002b48 <clock_configure_int_divider+0xec>)
10002a7e:	1964      	adds	r4, r4, r5
10002a80:	469c      	mov	ip, r3
10002a82:	00a4      	lsls	r4, r4, #2
10002a84:	4464      	add	r4, ip
10002a86:	6863      	ldr	r3, [r4, #4]
10002a88:	4681      	mov	r9, r0
10002a8a:	429f      	cmp	r7, r3
10002a8c:	d900      	bls.n	10002a90 <clock_configure_int_divider+0x34>
10002a8e:	6067      	str	r7, [r4, #4]
10002a90:	1f2b      	subs	r3, r5, #4
10002a92:	b2db      	uxtb	r3, r3
10002a94:	4698      	mov	r8, r3
10002a96:	2b01      	cmp	r3, #1
10002a98:	d930      	bls.n	10002afc <clock_configure_int_divider+0xa0>
10002a9a:	23c0      	movs	r3, #192	; 0xc0
10002a9c:	2280      	movs	r2, #128	; 0x80
10002a9e:	019b      	lsls	r3, r3, #6
10002aa0:	18e3      	adds	r3, r4, r3
10002aa2:	0112      	lsls	r2, r2, #4
10002aa4:	601a      	str	r2, [r3, #0]
10002aa6:	4b29      	ldr	r3, [pc, #164]	; (10002b4c <clock_configure_int_divider+0xf0>)
10002aa8:	00ad      	lsls	r5, r5, #2
10002aaa:	5959      	ldr	r1, [r3, r5]
10002aac:	469a      	mov	sl, r3
10002aae:	2900      	cmp	r1, #0
10002ab0:	d11b      	bne.n	10002aea <clock_configure_int_divider+0x8e>
10002ab2:	6822      	ldr	r2, [r4, #0]
10002ab4:	0176      	lsls	r6, r6, #5
10002ab6:	4072      	eors	r2, r6
10002ab8:	26e0      	movs	r6, #224	; 0xe0
10002aba:	2380      	movs	r3, #128	; 0x80
10002abc:	4016      	ands	r6, r2
10002abe:	4642      	mov	r2, r8
10002ac0:	015b      	lsls	r3, r3, #5
10002ac2:	18e3      	adds	r3, r4, r3
10002ac4:	601e      	str	r6, [r3, #0]
10002ac6:	2a01      	cmp	r2, #1
10002ac8:	d930      	bls.n	10002b2c <clock_configure_int_divider+0xd0>
10002aca:	2380      	movs	r3, #128	; 0x80
10002acc:	2280      	movs	r2, #128	; 0x80
10002ace:	019b      	lsls	r3, r3, #6
10002ad0:	18e3      	adds	r3, r4, r3
10002ad2:	0112      	lsls	r2, r2, #4
10002ad4:	601a      	str	r2, [r3, #0]
10002ad6:	4653      	mov	r3, sl
10002ad8:	464a      	mov	r2, r9
10002ada:	6067      	str	r7, [r4, #4]
10002adc:	515a      	str	r2, [r3, r5]
10002ade:	bcf0      	pop	{r4, r5, r6, r7}
10002ae0:	46bb      	mov	fp, r7
10002ae2:	46b2      	mov	sl, r6
10002ae4:	46a9      	mov	r9, r5
10002ae6:	46a0      	mov	r8, r4
10002ae8:	bdf8      	pop	{r3, r4, r5, r6, r7, pc}
10002aea:	6958      	ldr	r0, [r3, #20]
10002aec:	f000 fa9c 	bl	10003028 <__wrap___aeabi_uidiv>
10002af0:	1c43      	adds	r3, r0, #1
10002af2:	0058      	lsls	r0, r3, #1
10002af4:	18c0      	adds	r0, r0, r3
10002af6:	3803      	subs	r0, #3
10002af8:	d2fd      	bcs.n	10002af6 <clock_configure_int_divider+0x9a>
10002afa:	e7da      	b.n	10002ab2 <clock_configure_int_divider+0x56>
10002afc:	465b      	mov	r3, fp
10002afe:	2b01      	cmp	r3, #1
10002b00:	d1cb      	bne.n	10002a9a <clock_configure_int_divider+0x3e>
10002b02:	23c0      	movs	r3, #192	; 0xc0
10002b04:	2203      	movs	r2, #3
10002b06:	019b      	lsls	r3, r3, #6
10002b08:	18e3      	adds	r3, r4, r3
10002b0a:	601a      	str	r2, [r3, #0]
10002b0c:	3a02      	subs	r2, #2
10002b0e:	68a3      	ldr	r3, [r4, #8]
10002b10:	421a      	tst	r2, r3
10002b12:	d0fc      	beq.n	10002b0e <clock_configure_int_divider+0xb2>
10002b14:	23e0      	movs	r3, #224	; 0xe0
10002b16:	6822      	ldr	r2, [r4, #0]
10002b18:	0176      	lsls	r6, r6, #5
10002b1a:	4056      	eors	r6, r2
10002b1c:	401e      	ands	r6, r3
10002b1e:	2380      	movs	r3, #128	; 0x80
10002b20:	4a0a      	ldr	r2, [pc, #40]	; (10002b4c <clock_configure_int_divider+0xf0>)
10002b22:	015b      	lsls	r3, r3, #5
10002b24:	4692      	mov	sl, r2
10002b26:	18e3      	adds	r3, r4, r3
10002b28:	601e      	str	r6, [r3, #0]
10002b2a:	00ad      	lsls	r5, r5, #2
10002b2c:	465a      	mov	r2, fp
10002b2e:	6821      	ldr	r1, [r4, #0]
10002b30:	4051      	eors	r1, r2
10002b32:	2203      	movs	r2, #3
10002b34:	400a      	ands	r2, r1
10002b36:	601a      	str	r2, [r3, #0]
10002b38:	2201      	movs	r2, #1
10002b3a:	465b      	mov	r3, fp
10002b3c:	409a      	lsls	r2, r3
10002b3e:	68a3      	ldr	r3, [r4, #8]
10002b40:	421a      	tst	r2, r3
10002b42:	d0fc      	beq.n	10002b3e <clock_configure_int_divider+0xe2>
10002b44:	e7c1      	b.n	10002aca <clock_configure_int_divider+0x6e>
10002b46:	46c0      	nop			; (mov r8, r8)
10002b48:	40008000 	.word	0x40008000
10002b4c:	20000f0c 	.word	0x20000f0c

10002b50 <clock_configure_undivided>:
10002b50:	b5f0      	push	{r4, r5, r6, r7, lr}
10002b52:	4646      	mov	r6, r8
10002b54:	464f      	mov	r7, r9
10002b56:	46d6      	mov	lr, sl
10002b58:	b5c0      	push	{r6, r7, lr}
10002b5a:	001f      	movs	r7, r3
10002b5c:	4b34      	ldr	r3, [pc, #208]	; (10002c30 <clock_configure_undivided+0xe0>)
10002b5e:	0044      	lsls	r4, r0, #1
10002b60:	469c      	mov	ip, r3
10002b62:	1824      	adds	r4, r4, r0
10002b64:	00a4      	lsls	r4, r4, #2
10002b66:	4464      	add	r4, ip
10002b68:	6863      	ldr	r3, [r4, #4]
10002b6a:	4688      	mov	r8, r1
10002b6c:	0016      	movs	r6, r2
10002b6e:	2bff      	cmp	r3, #255	; 0xff
10002b70:	d802      	bhi.n	10002b78 <clock_configure_undivided+0x28>
10002b72:	2380      	movs	r3, #128	; 0x80
10002b74:	005b      	lsls	r3, r3, #1
10002b76:	6063      	str	r3, [r4, #4]
10002b78:	1f03      	subs	r3, r0, #4
10002b7a:	b2db      	uxtb	r3, r3
10002b7c:	469a      	mov	sl, r3
10002b7e:	2b01      	cmp	r3, #1
10002b80:	d930      	bls.n	10002be4 <clock_configure_undivided+0x94>
10002b82:	23c0      	movs	r3, #192	; 0xc0
10002b84:	2280      	movs	r2, #128	; 0x80
10002b86:	019b      	lsls	r3, r3, #6
10002b88:	18e3      	adds	r3, r4, r3
10002b8a:	0112      	lsls	r2, r2, #4
10002b8c:	601a      	str	r2, [r3, #0]
10002b8e:	4b29      	ldr	r3, [pc, #164]	; (10002c34 <clock_configure_undivided+0xe4>)
10002b90:	0085      	lsls	r5, r0, #2
10002b92:	5959      	ldr	r1, [r3, r5]
10002b94:	4699      	mov	r9, r3
10002b96:	2900      	cmp	r1, #0
10002b98:	d11b      	bne.n	10002bd2 <clock_configure_undivided+0x82>
10002b9a:	6822      	ldr	r2, [r4, #0]
10002b9c:	0176      	lsls	r6, r6, #5
10002b9e:	4072      	eors	r2, r6
10002ba0:	26e0      	movs	r6, #224	; 0xe0
10002ba2:	2380      	movs	r3, #128	; 0x80
10002ba4:	4016      	ands	r6, r2
10002ba6:	4652      	mov	r2, sl
10002ba8:	015b      	lsls	r3, r3, #5
10002baa:	18e3      	adds	r3, r4, r3
10002bac:	601e      	str	r6, [r3, #0]
10002bae:	2a01      	cmp	r2, #1
10002bb0:	d930      	bls.n	10002c14 <clock_configure_undivided+0xc4>
10002bb2:	2380      	movs	r3, #128	; 0x80
10002bb4:	2280      	movs	r2, #128	; 0x80
10002bb6:	019b      	lsls	r3, r3, #6
10002bb8:	18e3      	adds	r3, r4, r3
10002bba:	0112      	lsls	r2, r2, #4
10002bbc:	601a      	str	r2, [r3, #0]
10002bbe:	2380      	movs	r3, #128	; 0x80
10002bc0:	005b      	lsls	r3, r3, #1
10002bc2:	6063      	str	r3, [r4, #4]
10002bc4:	464b      	mov	r3, r9
10002bc6:	515f      	str	r7, [r3, r5]
10002bc8:	bce0      	pop	{r5, r6, r7}
10002bca:	46ba      	mov	sl, r7
10002bcc:	46b1      	mov	r9, r6
10002bce:	46a8      	mov	r8, r5
10002bd0:	bdf0      	pop	{r4, r5, r6, r7, pc}
10002bd2:	6958      	ldr	r0, [r3, #20]
10002bd4:	f000 fa28 	bl	10003028 <__wrap___aeabi_uidiv>
10002bd8:	1c43      	adds	r3, r0, #1
10002bda:	0058      	lsls	r0, r3, #1
10002bdc:	18c0      	adds	r0, r0, r3
10002bde:	3803      	subs	r0, #3
10002be0:	d2fd      	bcs.n	10002bde <clock_configure_undivided+0x8e>
10002be2:	e7da      	b.n	10002b9a <clock_configure_undivided+0x4a>
10002be4:	4643      	mov	r3, r8
10002be6:	2b01      	cmp	r3, #1
10002be8:	d1cb      	bne.n	10002b82 <clock_configure_undivided+0x32>
10002bea:	23c0      	movs	r3, #192	; 0xc0
10002bec:	2203      	movs	r2, #3
10002bee:	019b      	lsls	r3, r3, #6
10002bf0:	18e3      	adds	r3, r4, r3
10002bf2:	601a      	str	r2, [r3, #0]
10002bf4:	3a02      	subs	r2, #2
10002bf6:	68a3      	ldr	r3, [r4, #8]
10002bf8:	421a      	tst	r2, r3
10002bfa:	d0fc      	beq.n	10002bf6 <clock_configure_undivided+0xa6>
10002bfc:	23e0      	movs	r3, #224	; 0xe0
10002bfe:	6822      	ldr	r2, [r4, #0]
10002c00:	0176      	lsls	r6, r6, #5
10002c02:	4056      	eors	r6, r2
10002c04:	401e      	ands	r6, r3
10002c06:	2380      	movs	r3, #128	; 0x80
10002c08:	4a0a      	ldr	r2, [pc, #40]	; (10002c34 <clock_configure_undivided+0xe4>)
10002c0a:	015b      	lsls	r3, r3, #5
10002c0c:	4691      	mov	r9, r2
10002c0e:	18e3      	adds	r3, r4, r3
10002c10:	601e      	str	r6, [r3, #0]
10002c12:	0085      	lsls	r5, r0, #2
10002c14:	4642      	mov	r2, r8
10002c16:	6821      	ldr	r1, [r4, #0]
10002c18:	4051      	eors	r1, r2
10002c1a:	2203      	movs	r2, #3
10002c1c:	400a      	ands	r2, r1
10002c1e:	601a      	str	r2, [r3, #0]
10002c20:	2301      	movs	r3, #1
10002c22:	4642      	mov	r2, r8
10002c24:	4093      	lsls	r3, r2
10002c26:	68a2      	ldr	r2, [r4, #8]
10002c28:	4213      	tst	r3, r2
10002c2a:	d0fc      	beq.n	10002c26 <clock_configure_undivided+0xd6>
10002c2c:	e7c1      	b.n	10002bb2 <clock_configure_undivided+0x62>
10002c2e:	46c0      	nop			; (mov r8, r8)
10002c30:	40008000 	.word	0x40008000
10002c34:	20000f0c 	.word	0x20000f0c

10002c38 <clock_get_hz>:
10002c38:	4b01      	ldr	r3, [pc, #4]	; (10002c40 <clock_get_hz+0x8>)
10002c3a:	0080      	lsls	r0, r0, #2
10002c3c:	58c0      	ldr	r0, [r0, r3]
10002c3e:	4770      	bx	lr
10002c40:	20000f0c 	.word	0x20000f0c

10002c44 <pll_init>:
10002c44:	b5f8      	push	{r3, r4, r5, r6, r7, lr}
10002c46:	0004      	movs	r4, r0
10002c48:	4820      	ldr	r0, [pc, #128]	; (10002ccc <pll_init+0x88>)
10002c4a:	001d      	movs	r5, r3
10002c4c:	0017      	movs	r7, r2
10002c4e:	000e      	movs	r6, r1
10002c50:	f000 f9ea 	bl	10003028 <__wrap___aeabi_uidiv>
10002c54:	0001      	movs	r1, r0
10002c56:	0038      	movs	r0, r7
10002c58:	f000 f9e6 	bl	10003028 <__wrap___aeabi_uidiv>
10002c5c:	9b06      	ldr	r3, [sp, #24]
10002c5e:	0429      	lsls	r1, r5, #16
10002c60:	031b      	lsls	r3, r3, #12
10002c62:	4319      	orrs	r1, r3
10002c64:	6823      	ldr	r3, [r4, #0]
10002c66:	2b00      	cmp	r3, #0
10002c68:	db1e      	blt.n	10002ca8 <pll_init+0x64>
10002c6a:	4b19      	ldr	r3, [pc, #100]	; (10002cd0 <pll_init+0x8c>)
10002c6c:	4d19      	ldr	r5, [pc, #100]	; (10002cd4 <pll_init+0x90>)
10002c6e:	18e2      	adds	r2, r4, r3
10002c70:	4253      	negs	r3, r2
10002c72:	415a      	adcs	r2, r3
10002c74:	2380      	movs	r3, #128	; 0x80
10002c76:	015b      	lsls	r3, r3, #5
10002c78:	469c      	mov	ip, r3
10002c7a:	0312      	lsls	r2, r2, #12
10002c7c:	4b16      	ldr	r3, [pc, #88]	; (10002cd8 <pll_init+0x94>)
10002c7e:	4462      	add	r2, ip
10002c80:	601a      	str	r2, [r3, #0]
10002c82:	4b16      	ldr	r3, [pc, #88]	; (10002cdc <pll_init+0x98>)
10002c84:	601a      	str	r2, [r3, #0]
10002c86:	0017      	movs	r7, r2
10002c88:	682b      	ldr	r3, [r5, #0]
10002c8a:	439f      	bics	r7, r3
10002c8c:	d1fb      	bne.n	10002c86 <pll_init+0x42>
10002c8e:	4b14      	ldr	r3, [pc, #80]	; (10002ce0 <pll_init+0x9c>)
10002c90:	6026      	str	r6, [r4, #0]
10002c92:	18e2      	adds	r2, r4, r3
10002c94:	2321      	movs	r3, #33	; 0x21
10002c96:	60a0      	str	r0, [r4, #8]
10002c98:	6013      	str	r3, [r2, #0]
10002c9a:	6823      	ldr	r3, [r4, #0]
10002c9c:	2b00      	cmp	r3, #0
10002c9e:	dafc      	bge.n	10002c9a <pll_init+0x56>
10002ca0:	2308      	movs	r3, #8
10002ca2:	60e1      	str	r1, [r4, #12]
10002ca4:	6013      	str	r3, [r2, #0]
10002ca6:	bdf8      	pop	{r3, r4, r5, r6, r7, pc}
10002ca8:	233f      	movs	r3, #63	; 0x3f
10002caa:	6822      	ldr	r2, [r4, #0]
10002cac:	4013      	ands	r3, r2
10002cae:	42b3      	cmp	r3, r6
10002cb0:	d1db      	bne.n	10002c6a <pll_init+0x26>
10002cb2:	68a3      	ldr	r3, [r4, #8]
10002cb4:	051b      	lsls	r3, r3, #20
10002cb6:	0d1b      	lsrs	r3, r3, #20
10002cb8:	4283      	cmp	r3, r0
10002cba:	d1d6      	bne.n	10002c6a <pll_init+0x26>
10002cbc:	22ee      	movs	r2, #238	; 0xee
10002cbe:	68e3      	ldr	r3, [r4, #12]
10002cc0:	02d2      	lsls	r2, r2, #11
10002cc2:	4013      	ands	r3, r2
10002cc4:	428b      	cmp	r3, r1
10002cc6:	d1d0      	bne.n	10002c6a <pll_init+0x26>
10002cc8:	e7ed      	b.n	10002ca6 <pll_init+0x62>
10002cca:	46c0      	nop			; (mov r8, r8)
10002ccc:	00b71b00 	.word	0x00b71b00
10002cd0:	bffd4000 	.word	0xbffd4000
10002cd4:	4000c008 	.word	0x4000c008
10002cd8:	4000e000 	.word	0x4000e000
10002cdc:	4000f000 	.word	0x4000f000
10002ce0:	00003004 	.word	0x00003004

10002ce4 <tick_start>:
10002ce4:	2380      	movs	r3, #128	; 0x80
10002ce6:	4a02      	ldr	r2, [pc, #8]	; (10002cf0 <tick_start+0xc>)
10002ce8:	009b      	lsls	r3, r3, #2
10002cea:	430b      	orrs	r3, r1
10002cec:	62d3      	str	r3, [r2, #44]	; 0x2c
10002cee:	4770      	bx	lr
10002cf0:	40058000 	.word	0x40058000

10002cf4 <rom_func_lookup>:
10002cf4:	2314      	movs	r3, #20
10002cf6:	b510      	push	{r4, lr}
10002cf8:	0001      	movs	r1, r0
10002cfa:	8818      	ldrh	r0, [r3, #0]
10002cfc:	3304      	adds	r3, #4
10002cfe:	881b      	ldrh	r3, [r3, #0]
10002d00:	4798      	blx	r3
10002d02:	bd10      	pop	{r4, pc}

10002d04 <rom_data_lookup>:
10002d04:	2316      	movs	r3, #22
10002d06:	b510      	push	{r4, lr}
10002d08:	0001      	movs	r1, r0
10002d0a:	8818      	ldrh	r0, [r3, #0]
10002d0c:	3302      	adds	r3, #2
10002d0e:	881b      	ldrh	r3, [r3, #0]
10002d10:	4798      	blx	r3
10002d12:	bd10      	pop	{r4, pc}

10002d14 <rom_funcs_lookup>:
10002d14:	b5f8      	push	{r3, r4, r5, r6, r7, lr}
10002d16:	4647      	mov	r7, r8
10002d18:	46ce      	mov	lr, r9
10002d1a:	b580      	push	{r7, lr}
10002d1c:	1e0f      	subs	r7, r1, #0
10002d1e:	d019      	beq.n	10002d54 <rom_funcs_lookup+0x40>
10002d20:	2314      	movs	r3, #20
10002d22:	4699      	mov	r9, r3
10002d24:	3304      	adds	r3, #4
10002d26:	0004      	movs	r4, r0
10002d28:	2500      	movs	r5, #0
10002d2a:	2601      	movs	r6, #1
10002d2c:	4698      	mov	r8, r3
10002d2e:	464b      	mov	r3, r9
10002d30:	8818      	ldrh	r0, [r3, #0]
10002d32:	4643      	mov	r3, r8
10002d34:	6821      	ldr	r1, [r4, #0]
10002d36:	881b      	ldrh	r3, [r3, #0]
10002d38:	4798      	blx	r3
10002d3a:	c401      	stmia	r4!, {r0}
10002d3c:	1e43      	subs	r3, r0, #1
10002d3e:	4198      	sbcs	r0, r3
10002d40:	3501      	adds	r5, #1
10002d42:	4240      	negs	r0, r0
10002d44:	4006      	ands	r6, r0
10002d46:	42af      	cmp	r7, r5
10002d48:	d1f1      	bne.n	10002d2e <rom_funcs_lookup+0x1a>
10002d4a:	0030      	movs	r0, r6
10002d4c:	bcc0      	pop	{r6, r7}
10002d4e:	46b9      	mov	r9, r7
10002d50:	46b0      	mov	r8, r6
10002d52:	bdf8      	pop	{r3, r4, r5, r6, r7, pc}
10002d54:	2601      	movs	r6, #1
10002d56:	e7f8      	b.n	10002d4a <rom_funcs_lookup+0x36>

10002d58 <xosc_init>:
10002d58:	23aa      	movs	r3, #170	; 0xaa
10002d5a:	4a06      	ldr	r2, [pc, #24]	; (10002d74 <xosc_init+0x1c>)
10002d5c:	011b      	lsls	r3, r3, #4
10002d5e:	6013      	str	r3, [r2, #0]
10002d60:	238d      	movs	r3, #141	; 0x8d
10002d62:	005b      	lsls	r3, r3, #1
10002d64:	60d3      	str	r3, [r2, #12]
10002d66:	4904      	ldr	r1, [pc, #16]	; (10002d78 <xosc_init+0x20>)
10002d68:	4b04      	ldr	r3, [pc, #16]	; (10002d7c <xosc_init+0x24>)
10002d6a:	6019      	str	r1, [r3, #0]
10002d6c:	6853      	ldr	r3, [r2, #4]
10002d6e:	2b00      	cmp	r3, #0
10002d70:	dafc      	bge.n	10002d6c <xosc_init+0x14>
10002d72:	4770      	bx	lr
10002d74:	40024000 	.word	0x40024000
10002d78:	00fab000 	.word	0x00fab000
10002d7c:	40026000 	.word	0x40026000

10002d80 <first_per_core_initializer>:
10002d80:	4770      	bx	lr
10002d82:	46c0      	nop			; (mov r8, r8)

10002d84 <hard_assertion_failure>:
10002d84:	b510      	push	{r4, lr}
10002d86:	4801      	ldr	r0, [pc, #4]	; (10002d8c <hard_assertion_failure+0x8>)
10002d88:	f7fe fe7e 	bl	10001a88 <panic>
10002d8c:	100084fc 	.word	0x100084fc

10002d90 <runtime_run_initializers>:
10002d90:	b570      	push	{r4, r5, r6, lr}
10002d92:	4d07      	ldr	r5, [pc, #28]	; (10002db0 <runtime_run_initializers+0x20>)
10002d94:	4e07      	ldr	r6, [pc, #28]	; (10002db4 <runtime_run_initializers+0x24>)
10002d96:	42b5      	cmp	r5, r6
10002d98:	d209      	bcs.n	10002dae <runtime_run_initializers+0x1e>
10002d9a:	2400      	movs	r4, #0
10002d9c:	3e01      	subs	r6, #1
10002d9e:	1b76      	subs	r6, r6, r5
10002da0:	08b6      	lsrs	r6, r6, #2
10002da2:	cd08      	ldmia	r5!, {r3}
10002da4:	4798      	blx	r3
10002da6:	0023      	movs	r3, r4
10002da8:	3401      	adds	r4, #1
10002daa:	42b3      	cmp	r3, r6
10002dac:	d1f9      	bne.n	10002da2 <runtime_run_initializers+0x12>
10002dae:	bd70      	pop	{r4, r5, r6, pc}
10002db0:	10008260 	.word	0x10008260
10002db4:	1000829c 	.word	0x1000829c

10002db8 <runtime_init_early_resets>:
10002db8:	4b05      	ldr	r3, [pc, #20]	; (10002dd0 <runtime_init_early_resets+0x18>)
10002dba:	4a06      	ldr	r2, [pc, #24]	; (10002dd4 <runtime_init_early_resets+0x1c>)
10002dbc:	4906      	ldr	r1, [pc, #24]	; (10002dd8 <runtime_init_early_resets+0x20>)
10002dbe:	601a      	str	r2, [r3, #0]
10002dc0:	4a06      	ldr	r2, [pc, #24]	; (10002ddc <runtime_init_early_resets+0x24>)
10002dc2:	4b07      	ldr	r3, [pc, #28]	; (10002de0 <runtime_init_early_resets+0x28>)
10002dc4:	601a      	str	r2, [r3, #0]
10002dc6:	0010      	movs	r0, r2
10002dc8:	680b      	ldr	r3, [r1, #0]
10002dca:	4398      	bics	r0, r3
10002dcc:	d1fb      	bne.n	10002dc6 <runtime_init_early_resets+0xe>
10002dce:	4770      	bx	lr
10002dd0:	4000e000 	.word	0x4000e000
10002dd4:	fefbcdbf 	.word	0xfefbcdbf
10002dd8:	4000c008 	.word	0x4000c008
10002ddc:	003c7ffe 	.word	0x003c7ffe
10002de0:	4000f000 	.word	0x4000f000

10002de4 <runtime_init_usb_power_down>:
10002de4:	4b04      	ldr	r3, [pc, #16]	; (10002df8 <runtime_init_usb_power_down+0x14>)
10002de6:	6cdb      	ldr	r3, [r3, #76]	; 0x4c
10002de8:	2b00      	cmp	r3, #0
10002dea:	d103      	bne.n	10002df4 <runtime_init_usb_power_down+0x10>
10002dec:	2280      	movs	r2, #128	; 0x80
10002dee:	4b03      	ldr	r3, [pc, #12]	; (10002dfc <runtime_init_usb_power_down+0x18>)
10002df0:	02d2      	lsls	r2, r2, #11
10002df2:	601a      	str	r2, [r3, #0]
10002df4:	4770      	bx	lr
10002df6:	46c0      	nop			; (mov r8, r8)
10002df8:	50110000 	.word	0x50110000
10002dfc:	5011204c 	.word	0x5011204c

10002e00 <runtime_init_post_clock_resets>:
10002e00:	4a04      	ldr	r2, [pc, #16]	; (10002e14 <runtime_init_post_clock_resets+0x14>)
10002e02:	4b05      	ldr	r3, [pc, #20]	; (10002e18 <runtime_init_post_clock_resets+0x18>)
10002e04:	601a      	str	r2, [r3, #0]
10002e06:	4a05      	ldr	r2, [pc, #20]	; (10002e1c <runtime_init_post_clock_resets+0x1c>)
10002e08:	6813      	ldr	r3, [r2, #0]
10002e0a:	01db      	lsls	r3, r3, #7
10002e0c:	3380      	adds	r3, #128	; 0x80
10002e0e:	d1fb      	bne.n	10002e08 <runtime_init_post_clock_resets+0x8>
10002e10:	4770      	bx	lr
10002e12:	46c0      	nop			; (mov r8, r8)
10002e14:	01ffffff 	.word	0x01ffffff
10002e18:	4000f000 	.word	0x4000f000
10002e1c:	4000c008 	.word	0x4000c008

10002e20 <runtime_init_rp2040_gpio_ie_disable>:
10002e20:	2240      	movs	r2, #64	; 0x40
10002e22:	4b03      	ldr	r3, [pc, #12]	; (10002e30 <runtime_init_rp2040_gpio_ie_disable+0x10>)
10002e24:	679a      	str	r2, [r3, #120]	; 0x78
10002e26:	675a      	str	r2, [r3, #116]	; 0x74
10002e28:	671a      	str	r2, [r3, #112]	; 0x70
10002e2a:	66da      	str	r2, [r3, #108]	; 0x6c
10002e2c:	4770      	bx	lr
10002e2e:	46c0      	nop			; (mov r8, r8)
10002e30:	4001f000 	.word	0x4001f000

10002e34 <runtime_init_spin_locks_reset>:
10002e34:	b510      	push	{r4, lr}
10002e36:	f7fe fe6d 	bl	10001b14 <spin_locks_reset>
10002e3a:	bd10      	pop	{r4, pc}

10002e3c <runtime_init_install_ram_vector_table>:
10002e3c:	b5f8      	push	{r3, r4, r5, r6, r7, lr}
10002e3e:	4927      	ldr	r1, [pc, #156]	; (10002edc <runtime_init_install_ram_vector_table+0xa0>)
10002e40:	4b27      	ldr	r3, [pc, #156]	; (10002ee0 <runtime_init_install_ram_vector_table+0xa4>)
10002e42:	4d28      	ldr	r5, [pc, #160]	; (10002ee4 <runtime_init_install_ram_vector_table+0xa8>)
10002e44:	1a5b      	subs	r3, r3, r1
10002e46:	089c      	lsrs	r4, r3, #2
10002e48:	0022      	movs	r2, r4
10002e4a:	2c30      	cmp	r4, #48	; 0x30
10002e4c:	d900      	bls.n	10002e50 <runtime_init_install_ram_vector_table+0x14>
10002e4e:	2230      	movs	r2, #48	; 0x30
10002e50:	0028      	movs	r0, r5
10002e52:	0092      	lsls	r2, r2, #2
10002e54:	f000 fd9c 	bl	10003990 <__wrap___aeabi_memcpy>
10002e58:	2c2f      	cmp	r4, #47	; 0x2f
10002e5a:	d83c      	bhi.n	10002ed6 <runtime_init_install_ram_vector_table+0x9a>
10002e5c:	2030      	movs	r0, #48	; 0x30
10002e5e:	212f      	movs	r1, #47	; 0x2f
10002e60:	00a7      	lsls	r7, r4, #2
10002e62:	19eb      	adds	r3, r5, r7
10002e64:	075b      	lsls	r3, r3, #29
10002e66:	4a20      	ldr	r2, [pc, #128]	; (10002ee8 <runtime_init_install_ram_vector_table+0xac>)
10002e68:	1b00      	subs	r0, r0, r4
10002e6a:	0fdb      	lsrs	r3, r3, #31
10002e6c:	1b09      	subs	r1, r1, r4
10002e6e:	2905      	cmp	r1, #5
10002e70:	d917      	bls.n	10002ea2 <runtime_init_install_ram_vector_table+0x66>
10002e72:	0026      	movs	r6, r4
10002e74:	2b00      	cmp	r3, #0
10002e76:	d001      	beq.n	10002e7c <runtime_init_install_ram_vector_table+0x40>
10002e78:	51ea      	str	r2, [r5, r7]
10002e7a:	1c66      	adds	r6, r4, #1
10002e7c:	1ac0      	subs	r0, r0, r3
10002e7e:	18e3      	adds	r3, r4, r3
10002e80:	009b      	lsls	r3, r3, #2
10002e82:	0841      	lsrs	r1, r0, #1
10002e84:	18eb      	adds	r3, r5, r3
10002e86:	00c9      	lsls	r1, r1, #3
10002e88:	18c9      	adds	r1, r1, r3
10002e8a:	601a      	str	r2, [r3, #0]
10002e8c:	605a      	str	r2, [r3, #4]
10002e8e:	3308      	adds	r3, #8
10002e90:	428b      	cmp	r3, r1
10002e92:	d1fa      	bne.n	10002e8a <runtime_init_install_ram_vector_table+0x4e>
10002e94:	2301      	movs	r3, #1
10002e96:	0001      	movs	r1, r0
10002e98:	4399      	bics	r1, r3
10002e9a:	1874      	adds	r4, r6, r1
10002e9c:	4288      	cmp	r0, r1
10002e9e:	d01a      	beq.n	10002ed6 <runtime_init_install_ram_vector_table+0x9a>
10002ea0:	00a7      	lsls	r7, r4, #2
10002ea2:	51ea      	str	r2, [r5, r7]
10002ea4:	1c63      	adds	r3, r4, #1
10002ea6:	2c2f      	cmp	r4, #47	; 0x2f
10002ea8:	d015      	beq.n	10002ed6 <runtime_init_install_ram_vector_table+0x9a>
10002eaa:	009b      	lsls	r3, r3, #2
10002eac:	50ea      	str	r2, [r5, r3]
10002eae:	1ca3      	adds	r3, r4, #2
10002eb0:	2c2e      	cmp	r4, #46	; 0x2e
10002eb2:	d010      	beq.n	10002ed6 <runtime_init_install_ram_vector_table+0x9a>
10002eb4:	009b      	lsls	r3, r3, #2
10002eb6:	50ea      	str	r2, [r5, r3]
10002eb8:	1ce3      	adds	r3, r4, #3
10002eba:	2c2d      	cmp	r4, #45	; 0x2d
10002ebc:	d00b      	beq.n	10002ed6 <runtime_init_install_ram_vector_table+0x9a>
10002ebe:	009b      	lsls	r3, r3, #2
10002ec0:	50ea      	str	r2, [r5, r3]
10002ec2:	1d23      	adds	r3, r4, #4
10002ec4:	2c2c      	cmp	r4, #44	; 0x2c
10002ec6:	d006      	beq.n	10002ed6 <runtime_init_install_ram_vector_table+0x9a>
10002ec8:	009b      	lsls	r3, r3, #2
10002eca:	50ea      	str	r2, [r5, r3]
10002ecc:	1d63      	adds	r3, r4, #5
10002ece:	2c2b      	cmp	r4, #43	; 0x2b
10002ed0:	d001      	beq.n	10002ed6 <runtime_init_install_ram_vector_table+0x9a>
10002ed2:	009b      	lsls	r3, r3, #2
10002ed4:	50ea      	str	r2, [r5, r3]
10002ed6:	4b05      	ldr	r3, [pc, #20]	; (10002eec <runtime_init_install_ram_vector_table+0xb0>)
10002ed8:	609d      	str	r5, [r3, #8]
10002eda:	bdf8      	pop	{r3, r4, r5, r6, r7, pc}
10002edc:	10000100 	.word	0x10000100
10002ee0:	100001c0 	.word	0x100001c0
10002ee4:	20000000 	.word	0x20000000
10002ee8:	100001c1 	.word	0x100001c1
10002eec:	e000ed00 	.word	0xe000ed00

10002ef0 <runtime_init_clocks>:
10002ef0:	2300      	movs	r3, #0
10002ef2:	b510      	push	{r4, lr}
10002ef4:	4c29      	ldr	r4, [pc, #164]	; (10002f9c <runtime_init_clocks+0xac>)
10002ef6:	b082      	sub	sp, #8
10002ef8:	67a3      	str	r3, [r4, #120]	; 0x78
10002efa:	f7ff ff2d 	bl	10002d58 <xosc_init>
10002efe:	2201      	movs	r2, #1
10002f00:	4b27      	ldr	r3, [pc, #156]	; (10002fa0 <runtime_init_clocks+0xb0>)
10002f02:	601a      	str	r2, [r3, #0]
10002f04:	6c63      	ldr	r3, [r4, #68]	; 0x44
10002f06:	2b01      	cmp	r3, #1
10002f08:	d1fc      	bne.n	10002f04 <runtime_init_clocks+0x14>
10002f0a:	2203      	movs	r2, #3
10002f0c:	4b25      	ldr	r3, [pc, #148]	; (10002fa4 <runtime_init_clocks+0xb4>)
10002f0e:	601a      	str	r2, [r3, #0]
10002f10:	4a22      	ldr	r2, [pc, #136]	; (10002f9c <runtime_init_clocks+0xac>)
10002f12:	6b93      	ldr	r3, [r2, #56]	; 0x38
10002f14:	2b01      	cmp	r3, #1
10002f16:	d1fc      	bne.n	10002f12 <runtime_init_clocks+0x22>
10002f18:	3301      	adds	r3, #1
10002f1a:	9300      	str	r3, [sp, #0]
10002f1c:	2101      	movs	r1, #1
10002f1e:	4a22      	ldr	r2, [pc, #136]	; (10002fa8 <runtime_init_clocks+0xb8>)
10002f20:	4822      	ldr	r0, [pc, #136]	; (10002fac <runtime_init_clocks+0xbc>)
10002f22:	3304      	adds	r3, #4
10002f24:	f7ff fe8e 	bl	10002c44 <pll_init>
10002f28:	2305      	movs	r3, #5
10002f2a:	2101      	movs	r1, #1
10002f2c:	9300      	str	r3, [sp, #0]
10002f2e:	4a20      	ldr	r2, [pc, #128]	; (10002fb0 <runtime_init_clocks+0xc0>)
10002f30:	4820      	ldr	r0, [pc, #128]	; (10002fb4 <runtime_init_clocks+0xc4>)
10002f32:	f7ff fe87 	bl	10002c44 <pll_init>
10002f36:	2200      	movs	r2, #0
10002f38:	2102      	movs	r1, #2
10002f3a:	2004      	movs	r0, #4
10002f3c:	4b1e      	ldr	r3, [pc, #120]	; (10002fb8 <runtime_init_clocks+0xc8>)
10002f3e:	f7ff fe07 	bl	10002b50 <clock_configure_undivided>
10002f42:	2200      	movs	r2, #0
10002f44:	2101      	movs	r1, #1
10002f46:	2005      	movs	r0, #5
10002f48:	4b1c      	ldr	r3, [pc, #112]	; (10002fbc <runtime_init_clocks+0xcc>)
10002f4a:	f7ff fe01 	bl	10002b50 <clock_configure_undivided>
10002f4e:	2200      	movs	r2, #0
10002f50:	2100      	movs	r1, #0
10002f52:	2007      	movs	r0, #7
10002f54:	4b1a      	ldr	r3, [pc, #104]	; (10002fc0 <runtime_init_clocks+0xd0>)
10002f56:	f7ff fdfb 	bl	10002b50 <clock_configure_undivided>
10002f5a:	2200      	movs	r2, #0
10002f5c:	2100      	movs	r1, #0
10002f5e:	2008      	movs	r0, #8
10002f60:	4b17      	ldr	r3, [pc, #92]	; (10002fc0 <runtime_init_clocks+0xd0>)
10002f62:	f7ff fdf5 	bl	10002b50 <clock_configure_undivided>
10002f66:	2380      	movs	r3, #128	; 0x80
10002f68:	00db      	lsls	r3, r3, #3
10002f6a:	9300      	str	r3, [sp, #0]
10002f6c:	2200      	movs	r2, #0
10002f6e:	2100      	movs	r1, #0
10002f70:	2009      	movs	r0, #9
10002f72:	4b13      	ldr	r3, [pc, #76]	; (10002fc0 <runtime_init_clocks+0xd0>)
10002f74:	f7ff fd72 	bl	10002a5c <clock_configure_int_divider>
10002f78:	2200      	movs	r2, #0
10002f7a:	4b10      	ldr	r3, [pc, #64]	; (10002fbc <runtime_init_clocks+0xcc>)
10002f7c:	2100      	movs	r1, #0
10002f7e:	2006      	movs	r0, #6
10002f80:	f7ff fde6 	bl	10002b50 <clock_configure_undivided>
10002f84:	2004      	movs	r0, #4
10002f86:	f7ff fe57 	bl	10002c38 <clock_get_hz>
10002f8a:	490e      	ldr	r1, [pc, #56]	; (10002fc4 <runtime_init_clocks+0xd4>)
10002f8c:	f000 f84c 	bl	10003028 <__wrap___aeabi_uidiv>
10002f90:	0001      	movs	r1, r0
10002f92:	2000      	movs	r0, #0
10002f94:	f7ff fea6 	bl	10002ce4 <tick_start>
10002f98:	b002      	add	sp, #8
10002f9a:	bd10      	pop	{r4, pc}
10002f9c:	40008000 	.word	0x40008000
10002fa0:	4000b03c 	.word	0x4000b03c
10002fa4:	4000b030 	.word	0x4000b030
10002fa8:	59682f00 	.word	0x59682f00
10002fac:	40028000 	.word	0x40028000
10002fb0:	47868c00 	.word	0x47868c00
10002fb4:	4002c000 	.word	0x4002c000
10002fb8:	00b71b00 	.word	0x00b71b00
10002fbc:	07735940 	.word	0x07735940
10002fc0:	02dc6c00 	.word	0x02dc6c00
10002fc4:	000f4240 	.word	0x000f4240

10002fc8 <__aeabi_bits_init>:
10002fc8:	4801      	ldr	r0, [pc, #4]	; (10002fd0 <__aeabi_bits_init+0x8>)
10002fca:	2104      	movs	r1, #4
10002fcc:	4b01      	ldr	r3, [pc, #4]	; (10002fd4 <__aeabi_bits_init+0xc>)
10002fce:	4718      	bx	r3
10002fd0:	20000260 	.word	0x20000260
10002fd4:	10002d15 	.word	0x10002d15

10002fd8 <__wrap___aeabi_idiv>:
10002fd8:	4a12      	ldr	r2, [pc, #72]	; (10003024 <divmod_s32s32_savestate+0x18>)
10002fda:	6f93      	ldr	r3, [r2, #120]	; 0x78
10002fdc:	089b      	lsrs	r3, r3, #2
10002fde:	d215      	bcs.n	1000300c <divmod_s32s32_savestate>

10002fe0 <divmod_s32s32_core>:
10002fe0:	6690      	str	r0, [r2, #104]	; 0x68
10002fe2:	66d1      	str	r1, [r2, #108]	; 0x6c
10002fe4:	2900      	cmp	r1, #0
10002fe6:	d005      	beq.n	10002ff4 <divmod_s32s32_core+0x14>
10002fe8:	e7ff      	b.n	10002fea <divmod_s32s32_core+0xa>
10002fea:	e7ff      	b.n	10002fec <divmod_s32s32_core+0xc>
10002fec:	e7ff      	b.n	10002fee <divmod_s32s32_core+0xe>
10002fee:	6f51      	ldr	r1, [r2, #116]	; 0x74
10002ff0:	6f10      	ldr	r0, [r2, #112]	; 0x70
10002ff2:	4770      	bx	lr
10002ff4:	b504      	push	{r2, lr}
10002ff6:	2180      	movs	r1, #128	; 0x80
10002ff8:	0609      	lsls	r1, r1, #24
10002ffa:	17c2      	asrs	r2, r0, #31
10002ffc:	4051      	eors	r1, r2
10002ffe:	2800      	cmp	r0, #0
10003000:	d000      	beq.n	10003004 <divmod_s32s32_core+0x24>
10003002:	43c8      	mvns	r0, r1
10003004:	f005 f914 	bl	10008230 <____aeabi_idiv0_veneer>
10003008:	2100      	movs	r1, #0
1000300a:	bd04      	pop	{r2, pc}

1000300c <divmod_s32s32_savestate>:
1000300c:	b5f0      	push	{r4, r5, r6, r7, lr}
1000300e:	6e14      	ldr	r4, [r2, #96]	; 0x60
10003010:	6e55      	ldr	r5, [r2, #100]	; 0x64
10003012:	6f57      	ldr	r7, [r2, #116]	; 0x74
10003014:	6f16      	ldr	r6, [r2, #112]	; 0x70
10003016:	f7ff ffe3 	bl	10002fe0 <divmod_s32s32_core>
1000301a:	6614      	str	r4, [r2, #96]	; 0x60
1000301c:	6655      	str	r5, [r2, #100]	; 0x64
1000301e:	6757      	str	r7, [r2, #116]	; 0x74
10003020:	6716      	str	r6, [r2, #112]	; 0x70
10003022:	bdf0      	pop	{r4, r5, r6, r7, pc}
10003024:	d0000000 	.word	0xd0000000

10003028 <__wrap___aeabi_uidiv>:
10003028:	4a11      	ldr	r2, [pc, #68]	; (10003070 <divmod_u32u32_savestate+0x18>)
1000302a:	6f93      	ldr	r3, [r2, #120]	; 0x78
1000302c:	089b      	lsrs	r3, r3, #2
1000302e:	d213      	bcs.n	10003058 <divmod_u32u32_savestate>

10003030 <divmod_u32u32_core>:
10003030:	6610      	str	r0, [r2, #96]	; 0x60
10003032:	6651      	str	r1, [r2, #100]	; 0x64
10003034:	2900      	cmp	r1, #0
10003036:	d005      	beq.n	10003044 <divmod_u32u32_core+0x14>
10003038:	e7ff      	b.n	1000303a <divmod_u32u32_core+0xa>
1000303a:	e7ff      	b.n	1000303c <divmod_u32u32_core+0xc>
1000303c:	e7ff      	b.n	1000303e <divmod_u32u32_core+0xe>
1000303e:	6f51      	ldr	r1, [r2, #116]	; 0x74
10003040:	6f10      	ldr	r0, [r2, #112]	; 0x70
10003042:	4770      	bx	lr
10003044:	b504      	push	{r2, lr}
10003046:	2800      	cmp	r0, #0
10003048:	d001      	beq.n	1000304e <divmod_u32u32_core+0x1e>
1000304a:	2000      	movs	r0, #0
1000304c:	43c0      	mvns	r0, r0
1000304e:	f005 f8ef 	bl	10008230 <____aeabi_idiv0_veneer>
10003052:	2100      	movs	r1, #0
10003054:	bd04      	pop	{r2, pc}
10003056:	46c0      	nop			; (mov r8, r8)

10003058 <divmod_u32u32_savestate>:
10003058:	b5f0      	push	{r4, r5, r6, r7, lr}
1000305a:	6e14      	ldr	r4, [r2, #96]	; 0x60
1000305c:	6e55      	ldr	r5, [r2, #100]	; 0x64
1000305e:	6f57      	ldr	r7, [r2, #116]	; 0x74
10003060:	6f16      	ldr	r6, [r2, #112]	; 0x70
10003062:	f7ff ffe5 	bl	10003030 <divmod_u32u32_core>
10003066:	6614      	str	r4, [r2, #96]	; 0x60
10003068:	6655      	str	r5, [r2, #100]	; 0x64
1000306a:	6757      	str	r7, [r2, #116]	; 0x74
1000306c:	6716      	str	r6, [r2, #112]	; 0x70
1000306e:	bdf0      	pop	{r4, r5, r6, r7, pc}
10003070:	d0000000 	.word	0xd0000000

10003074 <__wrap___aeabi_ldivmod>:
10003074:	4694      	mov	ip, r2
10003076:	4a4a      	ldr	r2, [pc, #296]	; (100031a0 <udiv0+0x1a>)
10003078:	6f92      	ldr	r2, [r2, #120]	; 0x78
1000307a:	0892      	lsrs	r2, r2, #2
1000307c:	4662      	mov	r2, ip
1000307e:	d201      	bcs.n	10003084 <divmod_s64s64_savestate>
10003080:	e028      	b.n	100030d4 <divmod_s64s64_unsafe>
10003082:	46c0      	nop			; (mov r8, r8)

10003084 <divmod_s64s64_savestate>:
10003084:	b5f0      	push	{r4, r5, r6, r7, lr}
10003086:	4e46      	ldr	r6, [pc, #280]	; (100031a0 <udiv0+0x1a>)
10003088:	6e34      	ldr	r4, [r6, #96]	; 0x60
1000308a:	6e75      	ldr	r5, [r6, #100]	; 0x64
1000308c:	6f77      	ldr	r7, [r6, #116]	; 0x74
1000308e:	6f36      	ldr	r6, [r6, #112]	; 0x70
10003090:	f000 f820 	bl	100030d4 <divmod_s64s64_unsafe>
10003094:	4694      	mov	ip, r2
10003096:	4a42      	ldr	r2, [pc, #264]	; (100031a0 <udiv0+0x1a>)
10003098:	6614      	str	r4, [r2, #96]	; 0x60
1000309a:	6655      	str	r5, [r2, #100]	; 0x64
1000309c:	6757      	str	r7, [r2, #116]	; 0x74
1000309e:	6716      	str	r6, [r2, #112]	; 0x70
100030a0:	4662      	mov	r2, ip
100030a2:	bdf0      	pop	{r4, r5, r6, r7, pc}

100030a4 <__wrap___aeabi_uldivmod>:
100030a4:	4694      	mov	ip, r2
100030a6:	4a3e      	ldr	r2, [pc, #248]	; (100031a0 <udiv0+0x1a>)
100030a8:	6f92      	ldr	r2, [r2, #120]	; 0x78
100030aa:	0892      	lsrs	r2, r2, #2
100030ac:	4662      	mov	r2, ip
100030ae:	d201      	bcs.n	100030b4 <divmod_u64u64_savestate>
100030b0:	e054      	b.n	1000315c <divmod_u64u64_unsafe>
100030b2:	46c0      	nop			; (mov r8, r8)

100030b4 <divmod_u64u64_savestate>:
100030b4:	b5f0      	push	{r4, r5, r6, r7, lr}
100030b6:	4e3a      	ldr	r6, [pc, #232]	; (100031a0 <udiv0+0x1a>)
100030b8:	6e34      	ldr	r4, [r6, #96]	; 0x60
100030ba:	6e75      	ldr	r5, [r6, #100]	; 0x64
100030bc:	6f77      	ldr	r7, [r6, #116]	; 0x74
100030be:	6f36      	ldr	r6, [r6, #112]	; 0x70
100030c0:	f000 f84c 	bl	1000315c <divmod_u64u64_unsafe>
100030c4:	4694      	mov	ip, r2
100030c6:	4a36      	ldr	r2, [pc, #216]	; (100031a0 <udiv0+0x1a>)
100030c8:	6614      	str	r4, [r2, #96]	; 0x60
100030ca:	6655      	str	r5, [r2, #100]	; 0x64
100030cc:	6757      	str	r7, [r2, #116]	; 0x74
100030ce:	6716      	str	r6, [r2, #112]	; 0x70
100030d0:	4662      	mov	r2, ip
100030d2:	bdf0      	pop	{r4, r5, r6, r7, pc}

100030d4 <divmod_s64s64_unsafe>:
100030d4:	2b00      	cmp	r3, #0
100030d6:	db24      	blt.n	10003122 <l46_1+0x26>
100030d8:	d011      	beq.n	100030fe <l46_1+0x2>
100030da:	2900      	cmp	r1, #0
100030dc:	da3e      	bge.n	1000315c <divmod_u64u64_unsafe>
100030de:	b500      	push	{lr}
100030e0:	43c9      	mvns	r1, r1
100030e2:	4240      	negs	r0, r0
100030e4:	d100      	bne.n	100030e8 <l44_1>
100030e6:	3101      	adds	r1, #1

100030e8 <l44_1>:
100030e8:	f000 f838 	bl	1000315c <divmod_u64u64_unsafe>
100030ec:	43c9      	mvns	r1, r1
100030ee:	4240      	negs	r0, r0
100030f0:	d100      	bne.n	100030f4 <l45_1>
100030f2:	3101      	adds	r1, #1

100030f4 <l45_1>:
100030f4:	43db      	mvns	r3, r3
100030f6:	4252      	negs	r2, r2
100030f8:	d100      	bne.n	100030fc <l46_1>
100030fa:	3301      	adds	r3, #1

100030fc <l46_1>:
100030fc:	bd00      	pop	{pc}
100030fe:	2a00      	cmp	r2, #0
10003100:	d1eb      	bne.n	100030da <divmod_s64s64_unsafe+0x6>
10003102:	2800      	cmp	r0, #0
10003104:	d101      	bne.n	1000310a <l46_1+0xe>
10003106:	2900      	cmp	r1, #0
10003108:	d005      	beq.n	10003116 <l46_1+0x1a>
1000310a:	2000      	movs	r0, #0
1000310c:	0fc9      	lsrs	r1, r1, #31
1000310e:	07c9      	lsls	r1, r1, #31
10003110:	d101      	bne.n	10003116 <l46_1+0x1a>
10003112:	43c0      	mvns	r0, r0
10003114:	0841      	lsrs	r1, r0, #1
10003116:	b500      	push	{lr}
10003118:	f005 f892 	bl	10008240 <____aeabi_ldiv0_veneer>
1000311c:	2200      	movs	r2, #0
1000311e:	2300      	movs	r3, #0
10003120:	bd00      	pop	{pc}
10003122:	b500      	push	{lr}
10003124:	2900      	cmp	r1, #0
10003126:	db0a      	blt.n	1000313e <l48_1+0x2>
10003128:	43db      	mvns	r3, r3
1000312a:	4252      	negs	r2, r2
1000312c:	d100      	bne.n	10003130 <l47_1>
1000312e:	3301      	adds	r3, #1

10003130 <l47_1>:
10003130:	f000 f814 	bl	1000315c <divmod_u64u64_unsafe>
10003134:	43c9      	mvns	r1, r1
10003136:	4240      	negs	r0, r0
10003138:	d100      	bne.n	1000313c <l48_1>
1000313a:	3101      	adds	r1, #1

1000313c <l48_1>:
1000313c:	bd00      	pop	{pc}
1000313e:	43c9      	mvns	r1, r1
10003140:	4240      	negs	r0, r0
10003142:	d100      	bne.n	10003146 <l49_1>
10003144:	3101      	adds	r1, #1

10003146 <l49_1>:
10003146:	43db      	mvns	r3, r3
10003148:	4252      	negs	r2, r2
1000314a:	d100      	bne.n	1000314e <l50_1>
1000314c:	3301      	adds	r3, #1

1000314e <l50_1>:
1000314e:	f000 f805 	bl	1000315c <divmod_u64u64_unsafe>
10003152:	43db      	mvns	r3, r3
10003154:	4252      	negs	r2, r2
10003156:	d100      	bne.n	1000315a <l51_1>
10003158:	3301      	adds	r3, #1

1000315a <l51_1>:
1000315a:	bd00      	pop	{pc}

1000315c <divmod_u64u64_unsafe>:
1000315c:	2900      	cmp	r1, #0
1000315e:	d123      	bne.n	100031a8 <y64>
10003160:	2b00      	cmp	r3, #0
10003162:	d118      	bne.n	10003196 <udiv0+0x10>
10003164:	2a00      	cmp	r2, #0
10003166:	d00c      	beq.n	10003182 <divmod_u64u64_unsafe+0x26>
10003168:	46bc      	mov	ip, r7
1000316a:	4f0d      	ldr	r7, [pc, #52]	; (100031a0 <udiv0+0x1a>)
1000316c:	6638      	str	r0, [r7, #96]	; 0x60
1000316e:	667a      	str	r2, [r7, #100]	; 0x64
10003170:	2100      	movs	r1, #0
10003172:	2300      	movs	r3, #0
10003174:	e7ff      	b.n	10003176 <divmod_u64u64_unsafe+0x1a>
10003176:	e7ff      	b.n	10003178 <divmod_u64u64_unsafe+0x1c>
10003178:	e7ff      	b.n	1000317a <divmod_u64u64_unsafe+0x1e>
1000317a:	6f7a      	ldr	r2, [r7, #116]	; 0x74
1000317c:	6f38      	ldr	r0, [r7, #112]	; 0x70
1000317e:	4667      	mov	r7, ip
10003180:	4770      	bx	lr
10003182:	2800      	cmp	r0, #0
10003184:	d001      	beq.n	1000318a <udiv0+0x4>

10003186 <udiv0>:
10003186:	4807      	ldr	r0, [pc, #28]	; (100031a4 <udiv0+0x1e>)
10003188:	0001      	movs	r1, r0
1000318a:	b500      	push	{lr}
1000318c:	f005 f858 	bl	10008240 <____aeabi_ldiv0_veneer>
10003190:	2200      	movs	r2, #0
10003192:	2300      	movs	r3, #0
10003194:	bd00      	pop	{pc}
10003196:	0002      	movs	r2, r0
10003198:	000b      	movs	r3, r1
1000319a:	2000      	movs	r0, #0
1000319c:	2100      	movs	r1, #0
1000319e:	4770      	bx	lr
100031a0:	d0000000 	.word	0xd0000000
100031a4:	ffffffff 	.word	0xffffffff

100031a8 <y64>:
100031a8:	2b00      	cmp	r3, #0
100031aa:	d000      	beq.n	100031ae <y64+0x6>
100031ac:	e0bf      	b.n	1000332e <y64_x48>
100031ae:	0c13      	lsrs	r3, r2, #16
100031b0:	d128      	bne.n	10003204 <y64_x32>
100031b2:	2a00      	cmp	r2, #0
100031b4:	d0e7      	beq.n	10003186 <udiv0>
100031b6:	b480      	push	{r7}
100031b8:	4f11      	ldr	r7, [pc, #68]	; (10003200 <y64+0x58>)
100031ba:	6639      	str	r1, [r7, #96]	; 0x60
100031bc:	667a      	str	r2, [r7, #100]	; 0x64
100031be:	e7ff      	b.n	100031c0 <y64+0x18>
100031c0:	e7ff      	b.n	100031c2 <y64+0x1a>
100031c2:	b430      	push	{r4, r5}
100031c4:	0c04      	lsrs	r4, r0, #16
100031c6:	6f7b      	ldr	r3, [r7, #116]	; 0x74
100031c8:	6f39      	ldr	r1, [r7, #112]	; 0x70
100031ca:	041b      	lsls	r3, r3, #16
100031cc:	4323      	orrs	r3, r4
100031ce:	663b      	str	r3, [r7, #96]	; 0x60
100031d0:	667a      	str	r2, [r7, #100]	; 0x64
100031d2:	e7ff      	b.n	100031d4 <y64+0x2c>
100031d4:	e7ff      	b.n	100031d6 <y64+0x2e>
100031d6:	e7ff      	b.n	100031d8 <y64+0x30>
100031d8:	46c0      	nop			; (mov r8, r8)
100031da:	b284      	uxth	r4, r0
100031dc:	6f7b      	ldr	r3, [r7, #116]	; 0x74
100031de:	6f3d      	ldr	r5, [r7, #112]	; 0x70
100031e0:	041b      	lsls	r3, r3, #16
100031e2:	4323      	orrs	r3, r4
100031e4:	663b      	str	r3, [r7, #96]	; 0x60
100031e6:	667a      	str	r2, [r7, #100]	; 0x64
100031e8:	e7ff      	b.n	100031ea <y64+0x42>
100031ea:	e7ff      	b.n	100031ec <y64+0x44>
100031ec:	46c0      	nop			; (mov r8, r8)
100031ee:	2300      	movs	r3, #0
100031f0:	042c      	lsls	r4, r5, #16
100031f2:	0c2d      	lsrs	r5, r5, #16
100031f4:	6f7a      	ldr	r2, [r7, #116]	; 0x74
100031f6:	6f38      	ldr	r0, [r7, #112]	; 0x70
100031f8:	1900      	adds	r0, r0, r4
100031fa:	4169      	adcs	r1, r5
100031fc:	bcb0      	pop	{r4, r5, r7}
100031fe:	4770      	bx	lr
10003200:	d0000000 	.word	0xd0000000

10003204 <y64_x32>:
10003204:	b5f0      	push	{r4, r5, r6, r7, lr}
10003206:	4694      	mov	ip, r2
10003208:	2500      	movs	r5, #0
1000320a:	0e14      	lsrs	r4, r2, #24
1000320c:	d101      	bne.n	10003212 <y64_x32+0xe>
1000320e:	0212      	lsls	r2, r2, #8
10003210:	3508      	adds	r5, #8
10003212:	0f14      	lsrs	r4, r2, #28
10003214:	d101      	bne.n	1000321a <y64_x32+0x16>
10003216:	0112      	lsls	r2, r2, #4
10003218:	3504      	adds	r5, #4
1000321a:	0f94      	lsrs	r4, r2, #30
1000321c:	d101      	bne.n	10003222 <y64_x32+0x1e>
1000321e:	0092      	lsls	r2, r2, #2
10003220:	3502      	adds	r5, #2
10003222:	0fd4      	lsrs	r4, r2, #31
10003224:	d101      	bne.n	1000322a <y64_x32+0x26>
10003226:	0052      	lsls	r2, r2, #1
10003228:	3501      	adds	r5, #1
1000322a:	0bd4      	lsrs	r4, r2, #15
1000322c:	3401      	adds	r4, #1
1000322e:	4f25      	ldr	r7, [pc, #148]	; (100032c4 <y64_x32+0xc0>)
10003230:	667c      	str	r4, [r7, #100]	; 0x64
10003232:	4c25      	ldr	r4, [pc, #148]	; (100032c8 <y64_x32+0xc4>)
10003234:	663c      	str	r4, [r7, #96]	; 0x60
10003236:	0c0e      	lsrs	r6, r1, #16
10003238:	b293      	uxth	r3, r2
1000323a:	e7ff      	b.n	1000323c <y64_x32+0x38>
1000323c:	e7ff      	b.n	1000323e <y64_x32+0x3a>
1000323e:	e7ff      	b.n	10003240 <y64_x32+0x3c>
10003240:	6f3c      	ldr	r4, [r7, #112]	; 0x70
10003242:	4366      	muls	r6, r4
10003244:	0c36      	lsrs	r6, r6, #16
10003246:	0377      	lsls	r7, r6, #13
10003248:	46be      	mov	lr, r7
1000324a:	4373      	muls	r3, r6
1000324c:	0bdf      	lsrs	r7, r3, #15
1000324e:	045b      	lsls	r3, r3, #17
10003250:	1ac0      	subs	r0, r0, r3
10003252:	41b9      	sbcs	r1, r7
10003254:	0c13      	lsrs	r3, r2, #16
10003256:	4373      	muls	r3, r6
10003258:	18db      	adds	r3, r3, r3
1000325a:	1ac9      	subs	r1, r1, r3
1000325c:	08ce      	lsrs	r6, r1, #3
1000325e:	4366      	muls	r6, r4
10003260:	0c36      	lsrs	r6, r6, #16
10003262:	44b6      	add	lr, r6
10003264:	b293      	uxth	r3, r2
10003266:	4373      	muls	r3, r6
10003268:	0f1f      	lsrs	r7, r3, #28
1000326a:	011b      	lsls	r3, r3, #4
1000326c:	1ac0      	subs	r0, r0, r3
1000326e:	41b9      	sbcs	r1, r7
10003270:	0c13      	lsrs	r3, r2, #16
10003272:	4373      	muls	r3, r6
10003274:	0b1f      	lsrs	r7, r3, #12
10003276:	051b      	lsls	r3, r3, #20
10003278:	1ac0      	subs	r0, r0, r3
1000327a:	41b9      	sbcs	r1, r7
1000327c:	0d86      	lsrs	r6, r0, #22
1000327e:	028f      	lsls	r7, r1, #10
10003280:	433e      	orrs	r6, r7
10003282:	4366      	muls	r6, r4
10003284:	0c36      	lsrs	r6, r6, #16
10003286:	2d09      	cmp	r5, #9
10003288:	db24      	blt.n	100032d4 <last0>
1000328a:	0a52      	lsrs	r2, r2, #9
1000328c:	4372      	muls	r2, r6
1000328e:	1a80      	subs	r0, r0, r2
10003290:	0377      	lsls	r7, r6, #13
10003292:	0a46      	lsrs	r6, r0, #9
10003294:	4366      	muls	r6, r4
10003296:	0c36      	lsrs	r6, r6, #16
10003298:	2316      	movs	r3, #22
1000329a:	1b5b      	subs	r3, r3, r5
1000329c:	40de      	lsrs	r6, r3
1000329e:	40df      	lsrs	r7, r3
100032a0:	19bf      	adds	r7, r7, r6
100032a2:	4664      	mov	r4, ip
100032a4:	4366      	muls	r6, r4
100032a6:	1b82      	subs	r2, r0, r6
100032a8:	4670      	mov	r0, lr
100032aa:	3504      	adds	r5, #4
100032ac:	3306      	adds	r3, #6
100032ae:	0001      	movs	r1, r0
100032b0:	40d9      	lsrs	r1, r3
100032b2:	40a8      	lsls	r0, r5
100032b4:	19c0      	adds	r0, r0, r7
100032b6:	d300      	bcc.n	100032ba <y64_x32+0xb6>
100032b8:	3101      	adds	r1, #1
100032ba:	42a2      	cmp	r2, r4
100032bc:	d206      	bcs.n	100032cc <y64_x32+0xc8>
100032be:	2300      	movs	r3, #0
100032c0:	bdf0      	pop	{r4, r5, r6, r7, pc}
100032c2:	0000      	.short	0x0000
100032c4:	d0000000 	.word	0xd0000000
100032c8:	ffffffff 	.word	0xffffffff
100032cc:	1b12      	subs	r2, r2, r4
100032ce:	3001      	adds	r0, #1
100032d0:	d3f3      	bcc.n	100032ba <y64_x32+0xb6>
100032d2:	e7f1      	b.n	100032b8 <y64_x32+0xb4>

100032d4 <last0>:
100032d4:	2709      	movs	r7, #9
100032d6:	1b7f      	subs	r7, r7, r5
100032d8:	40fe      	lsrs	r6, r7
100032da:	4664      	mov	r4, ip
100032dc:	b2a2      	uxth	r2, r4
100032de:	4372      	muls	r2, r6
100032e0:	1a80      	subs	r0, r0, r2
100032e2:	d200      	bcs.n	100032e6 <last0+0x12>
100032e4:	3901      	subs	r1, #1
100032e6:	0c22      	lsrs	r2, r4, #16
100032e8:	4372      	muls	r2, r6
100032ea:	0c13      	lsrs	r3, r2, #16
100032ec:	0412      	lsls	r2, r2, #16
100032ee:	1a82      	subs	r2, r0, r2
100032f0:	4199      	sbcs	r1, r3
100032f2:	000b      	movs	r3, r1
100032f4:	4670      	mov	r0, lr
100032f6:	3504      	adds	r5, #4
100032f8:	3713      	adds	r7, #19
100032fa:	0001      	movs	r1, r0
100032fc:	40f9      	lsrs	r1, r7
100032fe:	40a8      	lsls	r0, r5
10003300:	1980      	adds	r0, r0, r6
10003302:	d300      	bcc.n	10003306 <last0+0x32>
10003304:	3101      	adds	r1, #1
10003306:	2b00      	cmp	r3, #0
10003308:	d102      	bne.n	10003310 <last0+0x3c>
1000330a:	42a2      	cmp	r2, r4
1000330c:	d20a      	bcs.n	10003324 <last0+0x50>
1000330e:	bdf0      	pop	{r4, r5, r6, r7, pc}
10003310:	3001      	adds	r0, #1
10003312:	d300      	bcc.n	10003316 <last0+0x42>
10003314:	3101      	adds	r1, #1
10003316:	1b12      	subs	r2, r2, r4
10003318:	d2fa      	bcs.n	10003310 <last0+0x3c>
1000331a:	3b01      	subs	r3, #1
1000331c:	d1f8      	bne.n	10003310 <last0+0x3c>
1000331e:	42a2      	cmp	r2, r4
10003320:	d200      	bcs.n	10003324 <last0+0x50>
10003322:	bdf0      	pop	{r4, r5, r6, r7, pc}
10003324:	3001      	adds	r0, #1
10003326:	d300      	bcc.n	1000332a <last0+0x56>
10003328:	3101      	adds	r1, #1
1000332a:	1b12      	subs	r2, r2, r4
1000332c:	e7f7      	b.n	1000331e <last0+0x4a>

1000332e <y64_x48>:
1000332e:	b5f0      	push	{r4, r5, r6, r7, lr}
10003330:	0c1c      	lsrs	r4, r3, #16
10003332:	d000      	beq.n	10003336 <y64_x48+0x8>
10003334:	e080      	b.n	10003438 <y64_x64>
10003336:	b40c      	push	{r2, r3}
10003338:	2500      	movs	r5, #0
1000333a:	0a1c      	lsrs	r4, r3, #8
1000333c:	d104      	bne.n	10003348 <y64_x48+0x1a>
1000333e:	021b      	lsls	r3, r3, #8
10003340:	0e16      	lsrs	r6, r2, #24
10003342:	4333      	orrs	r3, r6
10003344:	0212      	lsls	r2, r2, #8
10003346:	3508      	adds	r5, #8
10003348:	0b1c      	lsrs	r4, r3, #12
1000334a:	d104      	bne.n	10003356 <y64_x48+0x28>
1000334c:	011b      	lsls	r3, r3, #4
1000334e:	0f16      	lsrs	r6, r2, #28
10003350:	4333      	orrs	r3, r6
10003352:	0112      	lsls	r2, r2, #4
10003354:	3504      	adds	r5, #4
10003356:	0b9c      	lsrs	r4, r3, #14
10003358:	d104      	bne.n	10003364 <y64_x48+0x36>
1000335a:	009b      	lsls	r3, r3, #2
1000335c:	0f96      	lsrs	r6, r2, #30
1000335e:	4333      	orrs	r3, r6
10003360:	0092      	lsls	r2, r2, #2
10003362:	3502      	adds	r5, #2
10003364:	0bdc      	lsrs	r4, r3, #15
10003366:	d102      	bne.n	1000336e <y64_x48+0x40>
10003368:	1892      	adds	r2, r2, r2
1000336a:	415b      	adcs	r3, r3
1000336c:	3501      	adds	r5, #1
1000336e:	001c      	movs	r4, r3
10003370:	1897      	adds	r7, r2, r2
10003372:	4164      	adcs	r4, r4
10003374:	3401      	adds	r4, #1
10003376:	4f46      	ldr	r7, [pc, #280]	; (10003490 <y64_x64+0x58>)
10003378:	667c      	str	r4, [r7, #100]	; 0x64
1000337a:	4c46      	ldr	r4, [pc, #280]	; (10003494 <y64_x64+0x5c>)
1000337c:	663c      	str	r4, [r7, #96]	; 0x60
1000337e:	0c0e      	lsrs	r6, r1, #16
10003380:	e7ff      	b.n	10003382 <y64_x48+0x54>
10003382:	e7ff      	b.n	10003384 <y64_x48+0x56>
10003384:	e7ff      	b.n	10003386 <y64_x48+0x58>
10003386:	46c0      	nop			; (mov r8, r8)
10003388:	6f3c      	ldr	r4, [r7, #112]	; 0x70
1000338a:	4366      	muls	r6, r4
1000338c:	0c36      	lsrs	r6, r6, #16
1000338e:	0377      	lsls	r7, r6, #13
10003390:	46be      	mov	lr, r7
10003392:	b297      	uxth	r7, r2
10003394:	4377      	muls	r7, r6
10003396:	1bc0      	subs	r0, r0, r7
10003398:	d200      	bcs.n	1000339c <y64_x48+0x6e>
1000339a:	3901      	subs	r1, #1
1000339c:	1bc0      	subs	r0, r0, r7
1000339e:	d200      	bcs.n	100033a2 <y64_x48+0x74>
100033a0:	3901      	subs	r1, #1
100033a2:	b29f      	uxth	r7, r3
100033a4:	4377      	muls	r7, r6
100033a6:	1bc9      	subs	r1, r1, r7
100033a8:	1bc9      	subs	r1, r1, r7
100033aa:	0c17      	lsrs	r7, r2, #16
100033ac:	4377      	muls	r7, r6
100033ae:	047e      	lsls	r6, r7, #17
100033b0:	0bff      	lsrs	r7, r7, #15
100033b2:	1b80      	subs	r0, r0, r6
100033b4:	41b9      	sbcs	r1, r7
100033b6:	08ce      	lsrs	r6, r1, #3
100033b8:	4366      	muls	r6, r4
100033ba:	0c36      	lsrs	r6, r6, #16
100033bc:	2d0c      	cmp	r5, #12
100033be:	db33      	blt.n	10003428 <last1>
100033c0:	44b6      	add	lr, r6
100033c2:	0b12      	lsrs	r2, r2, #12
100033c4:	051f      	lsls	r7, r3, #20
100033c6:	433a      	orrs	r2, r7
100033c8:	0b1b      	lsrs	r3, r3, #12
100033ca:	b297      	uxth	r7, r2
100033cc:	4377      	muls	r7, r6
100033ce:	1bc0      	subs	r0, r0, r7
100033d0:	d200      	bcs.n	100033d4 <y64_x48+0xa6>
100033d2:	3901      	subs	r1, #1
100033d4:	b29f      	uxth	r7, r3
100033d6:	4377      	muls	r7, r6
100033d8:	1bc9      	subs	r1, r1, r7
100033da:	0c17      	lsrs	r7, r2, #16
100033dc:	4377      	muls	r7, r6
100033de:	043e      	lsls	r6, r7, #16
100033e0:	0c3f      	lsrs	r7, r7, #16
100033e2:	1b80      	subs	r0, r0, r6
100033e4:	41b9      	sbcs	r1, r7
100033e6:	0d86      	lsrs	r6, r0, #22
100033e8:	028f      	lsls	r7, r1, #10
100033ea:	433e      	orrs	r6, r7
100033ec:	4366      	muls	r6, r4
100033ee:	2729      	movs	r7, #41	; 0x29
100033f0:	1b7f      	subs	r7, r7, r5
100033f2:	40fe      	lsrs	r6, r7
100033f4:	3d0c      	subs	r5, #12
100033f6:	4677      	mov	r7, lr
100033f8:	40af      	lsls	r7, r5
100033fa:	19bf      	adds	r7, r7, r6
100033fc:	bc30      	pop	{r4, r5}
100033fe:	b2a2      	uxth	r2, r4
10003400:	b2ab      	uxth	r3, r5
10003402:	4372      	muls	r2, r6
10003404:	4373      	muls	r3, r6
10003406:	1a80      	subs	r0, r0, r2
10003408:	4199      	sbcs	r1, r3
1000340a:	0c22      	lsrs	r2, r4, #16
1000340c:	4372      	muls	r2, r6
1000340e:	0c13      	lsrs	r3, r2, #16
10003410:	0412      	lsls	r2, r2, #16
10003412:	1a80      	subs	r0, r0, r2
10003414:	4199      	sbcs	r1, r3
10003416:	0002      	movs	r2, r0
10003418:	000b      	movs	r3, r1
1000341a:	3701      	adds	r7, #1
1000341c:	1b00      	subs	r0, r0, r4
1000341e:	41a9      	sbcs	r1, r5
10003420:	d2f9      	bcs.n	10003416 <y64_x48+0xe8>
10003422:	1e78      	subs	r0, r7, #1
10003424:	2100      	movs	r1, #0
10003426:	bdf0      	pop	{r4, r5, r6, r7, pc}

10003428 <last1>:
10003428:	270c      	movs	r7, #12
1000342a:	1b7f      	subs	r7, r7, r5
1000342c:	40fe      	lsrs	r6, r7
1000342e:	4677      	mov	r7, lr
10003430:	0b7f      	lsrs	r7, r7, #13
10003432:	40af      	lsls	r7, r5
10003434:	19ff      	adds	r7, r7, r7
10003436:	e7e0      	b.n	100033fa <y64_x48+0xcc>

10003438 <y64_x64>:
10003438:	2400      	movs	r4, #0
1000343a:	1c5d      	adds	r5, r3, #1
1000343c:	d007      	beq.n	1000344e <y64_x64+0x16>
1000343e:	4f14      	ldr	r7, [pc, #80]	; (10003490 <y64_x64+0x58>)
10003440:	667d      	str	r5, [r7, #100]	; 0x64
10003442:	6639      	str	r1, [r7, #96]	; 0x60
10003444:	e7ff      	b.n	10003446 <y64_x64+0xe>
10003446:	e7ff      	b.n	10003448 <y64_x64+0x10>
10003448:	e7ff      	b.n	1000344a <y64_x64+0x12>
1000344a:	e7ff      	b.n	1000344c <y64_x64+0x14>
1000344c:	6f3c      	ldr	r4, [r7, #112]	; 0x70
1000344e:	b295      	uxth	r5, r2
10003450:	b29e      	uxth	r6, r3
10003452:	4365      	muls	r5, r4
10003454:	4366      	muls	r6, r4
10003456:	1b40      	subs	r0, r0, r5
10003458:	41b1      	sbcs	r1, r6
1000345a:	0c15      	lsrs	r5, r2, #16
1000345c:	0c1e      	lsrs	r6, r3, #16
1000345e:	4365      	muls	r5, r4
10003460:	4366      	muls	r6, r4
10003462:	0436      	lsls	r6, r6, #16
10003464:	0c2f      	lsrs	r7, r5, #16
10003466:	433e      	orrs	r6, r7
10003468:	042d      	lsls	r5, r5, #16
1000346a:	1b40      	subs	r0, r0, r5
1000346c:	41b1      	sbcs	r1, r6
1000346e:	4299      	cmp	r1, r3
10003470:	d204      	bcs.n	1000347c <y64_x64+0x44>
10003472:	0002      	movs	r2, r0
10003474:	000b      	movs	r3, r1
10003476:	0020      	movs	r0, r4
10003478:	2100      	movs	r1, #0
1000347a:	bdf0      	pop	{r4, r5, r6, r7, pc}
1000347c:	d101      	bne.n	10003482 <y64_x64+0x4a>
1000347e:	4290      	cmp	r0, r2
10003480:	d3f7      	bcc.n	10003472 <y64_x64+0x3a>
10003482:	1a80      	subs	r0, r0, r2
10003484:	4199      	sbcs	r1, r3
10003486:	3401      	adds	r4, #1
10003488:	4299      	cmp	r1, r3
1000348a:	d3f2      	bcc.n	10003472 <y64_x64+0x3a>
1000348c:	e7f6      	b.n	1000347c <y64_x64+0x44>
1000348e:	0000      	.short	0x0000
10003490:	d0000000 	.word	0xd0000000
10003494:	ffffffff 	.word	0xffffffff

10003498 <__wrap___aeabi_drsub>:
10003498:	4048      	eors	r0, r1
1000349a:	4041      	eors	r1, r0
1000349c:	4048      	eors	r0, r1

1000349e <__wrap___aeabi_dsub>:
1000349e:	b418      	push	{r3, r4}
100034a0:	4b13      	ldr	r3, [pc, #76]	; (100034f0 <__wrap___aeabi_dmul+0xa>)
100034a2:	685b      	ldr	r3, [r3, #4]
100034a4:	9301      	str	r3, [sp, #4]
100034a6:	bd08      	pop	{r3, pc}

100034a8 <__wrap___aeabi_dadd>:
100034a8:	b418      	push	{r3, r4}
100034aa:	4b11      	ldr	r3, [pc, #68]	; (100034f0 <__wrap___aeabi_dmul+0xa>)
100034ac:	681b      	ldr	r3, [r3, #0]
100034ae:	9301      	str	r3, [sp, #4]
100034b0:	bd08      	pop	{r3, pc}

100034b2 <__wrap___aeabi_ddiv>:
100034b2:	4694      	mov	ip, r2
100034b4:	4a0f      	ldr	r2, [pc, #60]	; (100034f4 <__wrap___aeabi_dmul+0xe>)
100034b6:	6f92      	ldr	r2, [r2, #120]	; 0x78
100034b8:	0892      	lsrs	r2, r2, #2
100034ba:	d205      	bcs.n	100034c8 <ddiv_save_state>
100034bc:	4662      	mov	r2, ip

100034be <ddiv_shim_call>:
100034be:	b418      	push	{r3, r4}
100034c0:	4b0b      	ldr	r3, [pc, #44]	; (100034f0 <__wrap___aeabi_dmul+0xa>)
100034c2:	68db      	ldr	r3, [r3, #12]
100034c4:	9301      	str	r3, [sp, #4]
100034c6:	bd08      	pop	{r3, pc}

100034c8 <ddiv_save_state>:
100034c8:	4a0a      	ldr	r2, [pc, #40]	; (100034f4 <__wrap___aeabi_dmul+0xe>)
100034ca:	b5f0      	push	{r4, r5, r6, r7, lr}
100034cc:	6e14      	ldr	r4, [r2, #96]	; 0x60
100034ce:	6e55      	ldr	r5, [r2, #100]	; 0x64
100034d0:	6f57      	ldr	r7, [r2, #116]	; 0x74
100034d2:	6f16      	ldr	r6, [r2, #112]	; 0x70
100034d4:	4662      	mov	r2, ip
100034d6:	f7ff fff2 	bl	100034be <ddiv_shim_call>
100034da:	4a06      	ldr	r2, [pc, #24]	; (100034f4 <__wrap___aeabi_dmul+0xe>)
100034dc:	6614      	str	r4, [r2, #96]	; 0x60
100034de:	6655      	str	r5, [r2, #100]	; 0x64
100034e0:	6757      	str	r7, [r2, #116]	; 0x74
100034e2:	6716      	str	r6, [r2, #112]	; 0x70
100034e4:	bdf0      	pop	{r4, r5, r6, r7, pc}

100034e6 <__wrap___aeabi_dmul>:
100034e6:	b418      	push	{r3, r4}
100034e8:	4b01      	ldr	r3, [pc, #4]	; (100034f0 <__wrap___aeabi_dmul+0xa>)
100034ea:	689b      	ldr	r3, [r3, #8]
100034ec:	9301      	str	r3, [sp, #4]
100034ee:	bd08      	pop	{r3, pc}
100034f0:	20000dc8 	.word	0x20000dc8
100034f4:	d0000000 	.word	0xd0000000

100034f8 <__wrap___aeabi_cdrcmple>:
100034f8:	b5ff      	push	{r0, r1, r2, r3, r4, r5, r6, r7, lr}
100034fa:	4050      	eors	r0, r2
100034fc:	4042      	eors	r2, r0
100034fe:	4050      	eors	r0, r2
10003500:	4059      	eors	r1, r3
10003502:	404b      	eors	r3, r1
10003504:	4059      	eors	r1, r3
10003506:	e000      	b.n	1000350a <__aeabi_dfcmple_guts>

10003508 <__wrap___aeabi_cdcmpeq>:
10003508:	b5ff      	push	{r0, r1, r2, r3, r4, r5, r6, r7, lr}

1000350a <__aeabi_dfcmple_guts>:
1000350a:	4f15      	ldr	r7, [pc, #84]	; (10003560 <__aeabi_dfcmple_guts+0x56>)
1000350c:	004c      	lsls	r4, r1, #1
1000350e:	0d64      	lsrs	r4, r4, #21
10003510:	d003      	beq.n	1000351a <__aeabi_dfcmple_guts+0x10>
10003512:	42bc      	cmp	r4, r7
10003514:	d104      	bne.n	10003520 <__aeabi_dfcmple_guts+0x16>
10003516:	030c      	lsls	r4, r1, #12
10003518:	d814      	bhi.n	10003544 <__aeabi_dfcmple_guts+0x3a>
1000351a:	2000      	movs	r0, #0
1000351c:	0d09      	lsrs	r1, r1, #20
1000351e:	0509      	lsls	r1, r1, #20
10003520:	005c      	lsls	r4, r3, #1
10003522:	0d64      	lsrs	r4, r4, #21
10003524:	d003      	beq.n	1000352e <__aeabi_dfcmple_guts+0x24>
10003526:	42bc      	cmp	r4, r7
10003528:	d104      	bne.n	10003534 <__aeabi_dfcmple_guts+0x2a>
1000352a:	031c      	lsls	r4, r3, #12
1000352c:	d80a      	bhi.n	10003544 <__aeabi_dfcmple_guts+0x3a>
1000352e:	2200      	movs	r2, #0
10003530:	0d1b      	lsrs	r3, r3, #20
10003532:	051b      	lsls	r3, r3, #20
10003534:	2601      	movs	r6, #1
10003536:	404b      	eors	r3, r1
10003538:	d409      	bmi.n	1000354e <__aeabi_dfcmple_guts+0x44>
1000353a:	404b      	eors	r3, r1
1000353c:	d503      	bpl.n	10003546 <__aeabi_dfcmple_guts+0x3c>
1000353e:	428b      	cmp	r3, r1
10003540:	d100      	bne.n	10003544 <__aeabi_dfcmple_guts+0x3a>
10003542:	4282      	cmp	r2, r0
10003544:	bdff      	pop	{r0, r1, r2, r3, r4, r5, r6, r7, pc}
10003546:	4299      	cmp	r1, r3
10003548:	d1fc      	bne.n	10003544 <__aeabi_dfcmple_guts+0x3a>
1000354a:	4290      	cmp	r0, r2
1000354c:	bdff      	pop	{r0, r1, r2, r3, r4, r5, r6, r7, pc}
1000354e:	430b      	orrs	r3, r1
10003550:	18db      	adds	r3, r3, r3
10003552:	4303      	orrs	r3, r0
10003554:	4313      	orrs	r3, r2
10003556:	d0f5      	beq.n	10003544 <__aeabi_dfcmple_guts+0x3a>
10003558:	43c9      	mvns	r1, r1
1000355a:	1849      	adds	r1, r1, r1
1000355c:	bdff      	pop	{r0, r1, r2, r3, r4, r5, r6, r7, pc}
1000355e:	0000      	.short	0x0000
10003560:	000007ff 	.word	0x000007ff

10003564 <__wrap___aeabi_dcmpeq>:
10003564:	b500      	push	{lr}
10003566:	f7ff ffcf 	bl	10003508 <__wrap___aeabi_cdcmpeq>
1000356a:	d001      	beq.n	10003570 <__wrap___aeabi_dcmpeq+0xc>
1000356c:	2000      	movs	r0, #0
1000356e:	bd00      	pop	{pc}
10003570:	2001      	movs	r0, #1
10003572:	bd00      	pop	{pc}

10003574 <__wrap___aeabi_dcmplt>:
10003574:	b500      	push	{lr}
10003576:	f7ff ffc7 	bl	10003508 <__wrap___aeabi_cdcmpeq>
1000357a:	4180      	sbcs	r0, r0
1000357c:	bd00      	pop	{pc}
1000357e:	46c0      	nop			; (mov r8, r8)

10003580 <__wrap___aeabi_dcmple>:
10003580:	b500      	push	{lr}
10003582:	f7ff ffc1 	bl	10003508 <__wrap___aeabi_cdcmpeq>
10003586:	d901      	bls.n	1000358c <__wrap___aeabi_dcmple+0xc>
10003588:	2000      	movs	r0, #0
1000358a:	bd00      	pop	{pc}
1000358c:	2001      	movs	r0, #1
1000358e:	bd00      	pop	{pc}

10003590 <__wrap___aeabi_dcmpge>:
10003590:	b500      	push	{lr}
10003592:	f7ff ffb1 	bl	100034f8 <__wrap___aeabi_cdrcmple>
10003596:	d901      	bls.n	1000359c <__wrap___aeabi_dcmpge+0xc>
10003598:	2000      	movs	r0, #0
1000359a:	bd00      	pop	{pc}
1000359c:	2001      	movs	r0, #1
1000359e:	bd00      	pop	{pc}

100035a0 <__wrap___aeabi_dcmpgt>:
100035a0:	b500      	push	{lr}
100035a2:	f7ff ffa9 	bl	100034f8 <__wrap___aeabi_cdrcmple>
100035a6:	4180      	sbcs	r0, r0
100035a8:	bd00      	pop	{pc}

100035aa <__wrap___aeabi_dcmpun>:
100035aa:	2001      	movs	r0, #1
100035ac:	0540      	lsls	r0, r0, #21
100035ae:	004a      	lsls	r2, r1, #1
100035b0:	1812      	adds	r2, r2, r0
100035b2:	d804      	bhi.n	100035be <__wrap___aeabi_dcmpun+0x14>
100035b4:	005a      	lsls	r2, r3, #1
100035b6:	1812      	adds	r2, r2, r0
100035b8:	d801      	bhi.n	100035be <__wrap___aeabi_dcmpun+0x14>
100035ba:	2000      	movs	r0, #0
100035bc:	4770      	bx	lr
100035be:	2001      	movs	r0, #1
100035c0:	4770      	bx	lr
	...

100035c4 <__wrap___aeabi_ui2d>:
100035c4:	2100      	movs	r1, #0
100035c6:	2800      	cmp	r0, #0
100035c8:	d105      	bne.n	100035d6 <__wrap___aeabi_i2d+0xa>
100035ca:	4770      	bx	lr

100035cc <__wrap___aeabi_i2d>:
100035cc:	17c1      	asrs	r1, r0, #31
100035ce:	4048      	eors	r0, r1
100035d0:	1a40      	subs	r0, r0, r1
100035d2:	d0fa      	beq.n	100035ca <__wrap___aeabi_ui2d+0x6>
100035d4:	07c9      	lsls	r1, r1, #31
100035d6:	b513      	push	{r0, r1, r4, lr}
100035d8:	4b06      	ldr	r3, [pc, #24]	; (100035f4 <__wrap___aeabi_i2d+0x28>)
100035da:	681b      	ldr	r3, [r3, #0]
100035dc:	4798      	blx	r3
100035de:	bc0c      	pop	{r2, r3}
100035e0:	1c44      	adds	r4, r0, #1
100035e2:	40a2      	lsls	r2, r4
100035e4:	0510      	lsls	r0, r2, #20
100035e6:	0b12      	lsrs	r2, r2, #12
100035e8:	4903      	ldr	r1, [pc, #12]	; (100035f8 <__wrap___aeabi_i2d+0x2c>)
100035ea:	1b09      	subs	r1, r1, r4
100035ec:	0509      	lsls	r1, r1, #20
100035ee:	4319      	orrs	r1, r3
100035f0:	4311      	orrs	r1, r2
100035f2:	bd10      	pop	{r4, pc}
100035f4:	20000f8c 	.word	0x20000f8c
100035f8:	0000041f 	.word	0x0000041f

100035fc <__wrap___aeabi_d2iz>:
100035fc:	b510      	push	{r4, lr}
100035fe:	004c      	lsls	r4, r1, #1
10003600:	0d62      	lsrs	r2, r4, #21
10003602:	2380      	movs	r3, #128	; 0x80
10003604:	18d2      	adds	r2, r2, r3
10003606:	00db      	lsls	r3, r3, #3
10003608:	1ad2      	subs	r2, r2, r3
1000360a:	055b      	lsls	r3, r3, #21
1000360c:	2a7e      	cmp	r2, #126	; 0x7e
1000360e:	dd10      	ble.n	10003632 <__wrap___aeabi_d2iz+0x36>
10003610:	3a9e      	subs	r2, #158	; 0x9e
10003612:	da13      	bge.n	1000363c <__wrap___aeabi_d2iz+0x40>
10003614:	17cc      	asrs	r4, r1, #31
10003616:	0309      	lsls	r1, r1, #12
10003618:	0849      	lsrs	r1, r1, #1
1000361a:	4319      	orrs	r1, r3
1000361c:	4252      	negs	r2, r2
1000361e:	40d1      	lsrs	r1, r2
10003620:	0064      	lsls	r4, r4, #1
10003622:	3401      	adds	r4, #1
10003624:	3215      	adds	r2, #21
10003626:	2a20      	cmp	r2, #32
10003628:	da05      	bge.n	10003636 <__wrap___aeabi_d2iz+0x3a>
1000362a:	40d0      	lsrs	r0, r2
1000362c:	4308      	orrs	r0, r1
1000362e:	4360      	muls	r0, r4
10003630:	bd10      	pop	{r4, pc}
10003632:	2000      	movs	r0, #0
10003634:	bd10      	pop	{r4, pc}
10003636:	4608      	mov	r0, r1
10003638:	4360      	muls	r0, r4
1000363a:	bd10      	pop	{r4, pc}
1000363c:	0fc8      	lsrs	r0, r1, #31
1000363e:	18c0      	adds	r0, r0, r3
10003640:	3801      	subs	r0, #1
10003642:	bd10      	pop	{r4, pc}

10003644 <__wrap___aeabi_d2uiz>:
10003644:	b418      	push	{r3, r4}
10003646:	4b02      	ldr	r3, [pc, #8]	; (10003650 <__wrap___aeabi_d2uiz+0xc>)
10003648:	6a5b      	ldr	r3, [r3, #36]	; 0x24
1000364a:	9301      	str	r3, [sp, #4]
1000364c:	bd08      	pop	{r3, pc}
1000364e:	0000      	.short	0x0000
10003650:	20000dc8 	.word	0x20000dc8

10003654 <__wrap___aeabi_l2d>:
10003654:	b418      	push	{r3, r4}
10003656:	4b02      	ldr	r3, [pc, #8]	; (10003660 <__wrap___aeabi_l2d+0xc>)
10003658:	6ddb      	ldr	r3, [r3, #92]	; 0x5c
1000365a:	9301      	str	r3, [sp, #4]
1000365c:	bd08      	pop	{r3, pc}
1000365e:	0000      	.short	0x0000
10003660:	20000dc8 	.word	0x20000dc8

10003664 <__wrap___aeabi_d2lz>:
10003664:	42c9      	cmn	r1, r1
10003666:	d311      	bcc.n	1000368c <double2int64>
10003668:	b500      	push	{lr}
1000366a:	0049      	lsls	r1, r1, #1
1000366c:	0849      	lsrs	r1, r1, #1
1000366e:	2200      	movs	r2, #0
10003670:	f000 f814 	bl	1000369c <double2ufix64>
10003674:	2900      	cmp	r1, #0
10003676:	d404      	bmi.n	10003682 <__wrap___aeabi_d2lz+0x1e>
10003678:	2200      	movs	r2, #0
1000367a:	4240      	negs	r0, r0
1000367c:	418a      	sbcs	r2, r1
1000367e:	4611      	mov	r1, r2
10003680:	bd00      	pop	{pc}
10003682:	2180      	movs	r1, #128	; 0x80
10003684:	0609      	lsls	r1, r1, #24
10003686:	2000      	movs	r0, #0
10003688:	bd00      	pop	{pc}
	...

1000368c <double2int64>:
1000368c:	b418      	push	{r3, r4}
1000368e:	4b02      	ldr	r3, [pc, #8]	; (10003698 <double2int64+0xc>)
10003690:	6edb      	ldr	r3, [r3, #108]	; 0x6c
10003692:	9301      	str	r3, [sp, #4]
10003694:	bd08      	pop	{r3, pc}
10003696:	0000      	.short	0x0000
10003698:	20000dc8 	.word	0x20000dc8

1000369c <double2ufix64>:
1000369c:	b418      	push	{r3, r4}
1000369e:	4b02      	ldr	r3, [pc, #8]	; (100036a8 <double2ufix64+0xc>)
100036a0:	6f9b      	ldr	r3, [r3, #120]	; 0x78
100036a2:	9301      	str	r3, [sp, #4]
100036a4:	bd08      	pop	{r3, pc}
100036a6:	0000      	.short	0x0000
100036a8:	20000dc8 	.word	0x20000dc8

100036ac <__wrap___aeabi_d2f>:
100036ac:	b418      	push	{r3, r4}
100036ae:	4b02      	ldr	r3, [pc, #8]	; (100036b8 <__wrap___aeabi_d2f+0xc>)
100036b0:	6fdb      	ldr	r3, [r3, #124]	; 0x7c
100036b2:	9301      	str	r3, [sp, #4]
100036b4:	bd08      	pop	{r3, pc}
100036b6:	0000      	.short	0x0000
100036b8:	20000dc8 	.word	0x20000dc8

100036bc <missing_double_func_shim>:
100036bc:	b510      	push	{r4, lr}
100036be:	4801      	ldr	r0, [pc, #4]	; (100036c4 <missing_double_func_shim+0x8>)
100036c0:	f7fe f9e2 	bl	10001a88 <panic>
100036c4:	10008508 	.word	0x10008508

100036c8 <__aeabi_double_init>:
100036c8:	2313      	movs	r3, #19
100036ca:	b570      	push	{r4, r5, r6, lr}
100036cc:	781d      	ldrb	r5, [r3, #0]
100036ce:	2d01      	cmp	r5, #1
100036d0:	d015      	beq.n	100036fe <__aeabi_double_init+0x36>
100036d2:	dd39      	ble.n	10003748 <__aeabi_double_init+0x80>
100036d4:	481e      	ldr	r0, [pc, #120]	; (10003750 <__aeabi_double_init+0x88>)
100036d6:	f7ff fb15 	bl	10002d04 <rom_data_lookup>
100036da:	0006      	movs	r6, r0
100036dc:	481d      	ldr	r0, [pc, #116]	; (10003754 <__aeabi_double_init+0x8c>)
100036de:	f7ff fb11 	bl	10002d04 <rom_data_lookup>
100036e2:	4c1d      	ldr	r4, [pc, #116]	; (10003758 <__aeabi_double_init+0x90>)
100036e4:	2280      	movs	r2, #128	; 0x80
100036e6:	0031      	movs	r1, r6
100036e8:	0020      	movs	r0, r4
100036ea:	f000 f951 	bl	10003990 <__wrap___aeabi_memcpy>
100036ee:	2d02      	cmp	r5, #2
100036f0:	d027      	beq.n	10003742 <__aeabi_double_init+0x7a>
100036f2:	481a      	ldr	r0, [pc, #104]	; (1000375c <__aeabi_double_init+0x94>)
100036f4:	f7ff fafe 	bl	10002cf4 <rom_func_lookup>
100036f8:	4b19      	ldr	r3, [pc, #100]	; (10003760 <__aeabi_double_init+0x98>)
100036fa:	6018      	str	r0, [r3, #0]
100036fc:	bd70      	pop	{r4, r5, r6, pc}
100036fe:	4b19      	ldr	r3, [pc, #100]	; (10003764 <__aeabi_double_init+0x9c>)
10003700:	4c15      	ldr	r4, [pc, #84]	; (10003758 <__aeabi_double_init+0x90>)
10003702:	6023      	str	r3, [r4, #0]
10003704:	6063      	str	r3, [r4, #4]
10003706:	60a3      	str	r3, [r4, #8]
10003708:	60e3      	str	r3, [r4, #12]
1000370a:	6123      	str	r3, [r4, #16]
1000370c:	6163      	str	r3, [r4, #20]
1000370e:	61a3      	str	r3, [r4, #24]
10003710:	61e3      	str	r3, [r4, #28]
10003712:	6223      	str	r3, [r4, #32]
10003714:	6263      	str	r3, [r4, #36]	; 0x24
10003716:	62a3      	str	r3, [r4, #40]	; 0x28
10003718:	62e3      	str	r3, [r4, #44]	; 0x2c
1000371a:	6323      	str	r3, [r4, #48]	; 0x30
1000371c:	6363      	str	r3, [r4, #52]	; 0x34
1000371e:	63a3      	str	r3, [r4, #56]	; 0x38
10003720:	63e3      	str	r3, [r4, #60]	; 0x3c
10003722:	6423      	str	r3, [r4, #64]	; 0x40
10003724:	6463      	str	r3, [r4, #68]	; 0x44
10003726:	64a3      	str	r3, [r4, #72]	; 0x48
10003728:	64e3      	str	r3, [r4, #76]	; 0x4c
1000372a:	6523      	str	r3, [r4, #80]	; 0x50
1000372c:	6563      	str	r3, [r4, #84]	; 0x54
1000372e:	65a3      	str	r3, [r4, #88]	; 0x58
10003730:	65e3      	str	r3, [r4, #92]	; 0x5c
10003732:	6623      	str	r3, [r4, #96]	; 0x60
10003734:	6663      	str	r3, [r4, #100]	; 0x64
10003736:	66a3      	str	r3, [r4, #104]	; 0x68
10003738:	66e3      	str	r3, [r4, #108]	; 0x6c
1000373a:	6723      	str	r3, [r4, #112]	; 0x70
1000373c:	6763      	str	r3, [r4, #116]	; 0x74
1000373e:	67a3      	str	r3, [r4, #120]	; 0x78
10003740:	67e3      	str	r3, [r4, #124]	; 0x7c
10003742:	4b09      	ldr	r3, [pc, #36]	; (10003768 <__aeabi_double_init+0xa0>)
10003744:	64a3      	str	r3, [r4, #72]	; 0x48
10003746:	e7d4      	b.n	100036f2 <__aeabi_double_init+0x2a>
10003748:	4c03      	ldr	r4, [pc, #12]	; (10003758 <__aeabi_double_init+0x90>)
1000374a:	4b07      	ldr	r3, [pc, #28]	; (10003768 <__aeabi_double_init+0xa0>)
1000374c:	64a3      	str	r3, [r4, #72]	; 0x48
1000374e:	e7d0      	b.n	100036f2 <__aeabi_double_init+0x2a>
10003750:	00004453 	.word	0x00004453
10003754:	00004653 	.word	0x00004653
10003758:	20000dc8 	.word	0x20000dc8
1000375c:	0000334c 	.word	0x0000334c
10003760:	20000f8c 	.word	0x20000f8c
10003764:	100036bd 	.word	0x100036bd
10003768:	1000376d 	.word	0x1000376d

1000376c <double_table_shim_on_use_helper>:
1000376c:	b507      	push	{r0, r1, r2, lr}
1000376e:	4660      	mov	r0, ip
10003770:	8801      	ldrh	r1, [r0, #0]
10003772:	0a0a      	lsrs	r2, r1, #8
10003774:	3002      	adds	r0, #2
10003776:	2adf      	cmp	r2, #223	; 0xdf
10003778:	d1fa      	bne.n	10003770 <double_table_shim_on_use_helper+0x4>
1000377a:	b2c9      	uxtb	r1, r1
1000377c:	0882      	lsrs	r2, r0, #2
1000377e:	d304      	bcc.n	1000378a <double_table_shim_on_use_helper+0x1e>
10003780:	8802      	ldrh	r2, [r0, #0]
10003782:	8840      	ldrh	r0, [r0, #2]
10003784:	0400      	lsls	r0, r0, #16
10003786:	4310      	orrs	r0, r2
10003788:	e000      	b.n	1000378c <double_table_shim_on_use_helper+0x20>
1000378a:	6800      	ldr	r0, [r0, #0]
1000378c:	4a01      	ldr	r2, [pc, #4]	; (10003794 <double_table_shim_on_use_helper+0x28>)
1000378e:	5050      	str	r0, [r2, r1]
10003790:	9003      	str	r0, [sp, #12]
10003792:	bd07      	pop	{r0, r1, r2, pc}
10003794:	20000dc8 	.word	0x20000dc8

10003798 <__wrap___aeabi_lmul>:
10003798:	4351      	muls	r1, r2
1000379a:	4343      	muls	r3, r0
1000379c:	18c9      	adds	r1, r1, r3
1000379e:	468c      	mov	ip, r1
100037a0:	0c11      	lsrs	r1, r2, #16
100037a2:	b283      	uxth	r3, r0
100037a4:	434b      	muls	r3, r1
100037a6:	b410      	push	{r4}
100037a8:	0c04      	lsrs	r4, r0, #16
100037aa:	4361      	muls	r1, r4
100037ac:	b292      	uxth	r2, r2
100037ae:	b280      	uxth	r0, r0
100037b0:	4350      	muls	r0, r2
100037b2:	4362      	muls	r2, r4
100037b4:	041c      	lsls	r4, r3, #16
100037b6:	0c1b      	lsrs	r3, r3, #16
100037b8:	1900      	adds	r0, r0, r4
100037ba:	bc10      	pop	{r4}
100037bc:	4159      	adcs	r1, r3
100037be:	0413      	lsls	r3, r2, #16
100037c0:	0c12      	lsrs	r2, r2, #16
100037c2:	18c0      	adds	r0, r0, r3
100037c4:	4151      	adcs	r1, r2
100037c6:	4461      	add	r1, ip
100037c8:	4770      	bx	lr
	...

100037cc <__wrap___aeabi_frsub>:
100037cc:	4048      	eors	r0, r1
100037ce:	4041      	eors	r1, r0
100037d0:	4048      	eors	r0, r1

100037d2 <__wrap___aeabi_fsub>:
100037d2:	4b0e      	ldr	r3, [pc, #56]	; (1000380c <__wrap___aeabi_fmul+0x6>)
100037d4:	685b      	ldr	r3, [r3, #4]
100037d6:	4718      	bx	r3

100037d8 <__wrap___aeabi_fadd>:
100037d8:	4b0c      	ldr	r3, [pc, #48]	; (1000380c <__wrap___aeabi_fmul+0x6>)
100037da:	681b      	ldr	r3, [r3, #0]
100037dc:	4718      	bx	r3

100037de <__wrap___aeabi_fdiv>:
100037de:	4a0c      	ldr	r2, [pc, #48]	; (10003810 <__wrap___aeabi_fmul+0xa>)
100037e0:	6f93      	ldr	r3, [r2, #120]	; 0x78
100037e2:	089b      	lsrs	r3, r3, #2
100037e4:	d202      	bcs.n	100037ec <fdiv_save_state>

100037e6 <fdiv_shim_call>:
100037e6:	4b09      	ldr	r3, [pc, #36]	; (1000380c <__wrap___aeabi_fmul+0x6>)
100037e8:	68db      	ldr	r3, [r3, #12]
100037ea:	4718      	bx	r3

100037ec <fdiv_save_state>:
100037ec:	b5f0      	push	{r4, r5, r6, r7, lr}
100037ee:	6e14      	ldr	r4, [r2, #96]	; 0x60
100037f0:	6e55      	ldr	r5, [r2, #100]	; 0x64
100037f2:	6f57      	ldr	r7, [r2, #116]	; 0x74
100037f4:	6f16      	ldr	r6, [r2, #112]	; 0x70
100037f6:	f7ff fff6 	bl	100037e6 <fdiv_shim_call>
100037fa:	4a05      	ldr	r2, [pc, #20]	; (10003810 <__wrap___aeabi_fmul+0xa>)
100037fc:	6614      	str	r4, [r2, #96]	; 0x60
100037fe:	6655      	str	r5, [r2, #100]	; 0x64
10003800:	6757      	str	r7, [r2, #116]	; 0x74
10003802:	6716      	str	r6, [r2, #112]	; 0x70
10003804:	bdf0      	pop	{r4, r5, r6, r7, pc}

10003806 <__wrap___aeabi_fmul>:
10003806:	4b01      	ldr	r3, [pc, #4]	; (1000380c <__wrap___aeabi_fmul+0x6>)
10003808:	689b      	ldr	r3, [r3, #8]
1000380a:	4718      	bx	r3
1000380c:	20000f90 	.word	0x20000f90
10003810:	d0000000 	.word	0xd0000000

10003814 <__wrap___aeabi_cfrcmple>:
10003814:	b507      	push	{r0, r1, r2, lr}
10003816:	4048      	eors	r0, r1
10003818:	4041      	eors	r1, r0
1000381a:	4048      	eors	r0, r1
1000381c:	e001      	b.n	10003822 <__aeabi_cfcmple_guts>
1000381e:	46c0      	nop			; (mov r8, r8)

10003820 <__wrap___aeabi_cfcmpeq>:
10003820:	b507      	push	{r0, r1, r2, lr}

10003822 <__aeabi_cfcmple_guts>:
10003822:	0042      	lsls	r2, r0, #1
10003824:	0e12      	lsrs	r2, r2, #24
10003826:	d003      	beq.n	10003830 <__aeabi_cfcmple_guts+0xe>
10003828:	2aff      	cmp	r2, #255	; 0xff
1000382a:	d103      	bne.n	10003834 <__aeabi_cfcmple_guts+0x12>
1000382c:	0242      	lsls	r2, r0, #9
1000382e:	d818      	bhi.n	10003862 <__aeabi_cfcmple_guts+0x40>
10003830:	0dc0      	lsrs	r0, r0, #23
10003832:	05c0      	lsls	r0, r0, #23
10003834:	004a      	lsls	r2, r1, #1
10003836:	0e12      	lsrs	r2, r2, #24
10003838:	d003      	beq.n	10003842 <__aeabi_cfcmple_guts+0x20>
1000383a:	2aff      	cmp	r2, #255	; 0xff
1000383c:	d103      	bne.n	10003846 <__aeabi_cfcmple_guts+0x24>
1000383e:	024a      	lsls	r2, r1, #9
10003840:	d80f      	bhi.n	10003862 <__aeabi_cfcmple_guts+0x40>
10003842:	0dc9      	lsrs	r1, r1, #23
10003844:	05c9      	lsls	r1, r1, #23
10003846:	2201      	movs	r2, #1
10003848:	4041      	eors	r1, r0
1000384a:	d405      	bmi.n	10003858 <__aeabi_cfcmple_guts+0x36>
1000384c:	4041      	eors	r1, r0
1000384e:	d501      	bpl.n	10003854 <__aeabi_cfcmple_guts+0x32>
10003850:	4281      	cmp	r1, r0
10003852:	bd07      	pop	{r0, r1, r2, pc}
10003854:	4288      	cmp	r0, r1
10003856:	bd07      	pop	{r0, r1, r2, pc}
10003858:	4301      	orrs	r1, r0
1000385a:	1849      	adds	r1, r1, r1
1000385c:	d001      	beq.n	10003862 <__aeabi_cfcmple_guts+0x40>
1000385e:	43c0      	mvns	r0, r0
10003860:	1800      	adds	r0, r0, r0
10003862:	bd07      	pop	{r0, r1, r2, pc}

10003864 <__wrap___aeabi_fcmplt>:
10003864:	b500      	push	{lr}
10003866:	f7ff ffdb 	bl	10003820 <__wrap___aeabi_cfcmpeq>
1000386a:	4180      	sbcs	r0, r0
1000386c:	bd00      	pop	{pc}
1000386e:	46c0      	nop			; (mov r8, r8)

10003870 <__wrap___aeabi_fcmple>:
10003870:	b500      	push	{lr}
10003872:	f7ff ffd5 	bl	10003820 <__wrap___aeabi_cfcmpeq>
10003876:	d901      	bls.n	1000387c <__wrap___aeabi_fcmple+0xc>
10003878:	2000      	movs	r0, #0
1000387a:	bd00      	pop	{pc}
1000387c:	2001      	movs	r0, #1
1000387e:	bd00      	pop	{pc}

10003880 <__wrap___aeabi_fcmpge>:
10003880:	b500      	push	{lr}
10003882:	f7ff ffc7 	bl	10003814 <__wrap___aeabi_cfrcmple>
10003886:	d901      	bls.n	1000388c <__wrap___aeabi_fcmpge+0xc>
10003888:	2000      	movs	r0, #0
1000388a:	bd00      	pop	{pc}
1000388c:	2001      	movs	r0, #1
1000388e:	bd00      	pop	{pc}

10003890 <__wrap___aeabi_fcmpgt>:
10003890:	b500      	push	{lr}
10003892:	f7ff ffbf 	bl	10003814 <__wrap___aeabi_cfrcmple>
10003896:	4180      	sbcs	r0, r0
10003898:	bd00      	pop	{pc}

1000389a <__wrap___aeabi_fcmpun>:
1000389a:	2301      	movs	r3, #1
1000389c:	061b      	lsls	r3, r3, #24
1000389e:	0042      	lsls	r2, r0, #1
100038a0:	18d2      	adds	r2, r2, r3
100038a2:	d804      	bhi.n	100038ae <__wrap___aeabi_fcmpun+0x14>
100038a4:	004a      	lsls	r2, r1, #1
100038a6:	18d2      	adds	r2, r2, r3
100038a8:	d801      	bhi.n	100038ae <__wrap___aeabi_fcmpun+0x14>
100038aa:	2000      	movs	r0, #0
100038ac:	4770      	bx	lr
100038ae:	2001      	movs	r0, #1
100038b0:	4770      	bx	lr

100038b2 <__wrap___aeabi_ui2f>:
100038b2:	1a49      	subs	r1, r1, r1
100038b4:	2800      	cmp	r0, #0
100038b6:	d107      	bne.n	100038c8 <__aeabi_i2f_main>
100038b8:	4608      	mov	r0, r1
100038ba:	4770      	bx	lr

100038bc <__wrap___aeabi_i2f>:
100038bc:	0fc1      	lsrs	r1, r0, #31
100038be:	07c9      	lsls	r1, r1, #31
100038c0:	d500      	bpl.n	100038c4 <__wrap___aeabi_i2f+0x8>
100038c2:	4240      	negs	r0, r0
100038c4:	2800      	cmp	r0, #0
100038c6:	d017      	beq.n	100038f8 <__aeabi_i2f_main+0x30>

100038c8 <__aeabi_i2f_main>:
100038c8:	46f4      	mov	ip, lr
100038ca:	b403      	push	{r0, r1}
100038cc:	4b0b      	ldr	r3, [pc, #44]	; (100038fc <__aeabi_i2f_main+0x34>)
100038ce:	681b      	ldr	r3, [r3, #0]
100038d0:	4798      	blx	r3
100038d2:	bc06      	pop	{r1, r2}
100038d4:	4081      	lsls	r1, r0
100038d6:	389e      	subs	r0, #158	; 0x9e
100038d8:	4240      	negs	r0, r0
100038da:	3180      	adds	r1, #128	; 0x80
100038dc:	d207      	bcs.n	100038ee <__aeabi_i2f_main+0x26>
100038de:	060b      	lsls	r3, r1, #24
100038e0:	d007      	beq.n	100038f2 <__aeabi_i2f_main+0x2a>
100038e2:	0049      	lsls	r1, r1, #1
100038e4:	0a49      	lsrs	r1, r1, #9
100038e6:	05c0      	lsls	r0, r0, #23
100038e8:	4310      	orrs	r0, r2
100038ea:	4308      	orrs	r0, r1
100038ec:	4760      	bx	ip
100038ee:	3001      	adds	r0, #1
100038f0:	e7f8      	b.n	100038e4 <__aeabi_i2f_main+0x1c>
100038f2:	0a49      	lsrs	r1, r1, #9
100038f4:	0289      	lsls	r1, r1, #10
100038f6:	e7f5      	b.n	100038e4 <__aeabi_i2f_main+0x1c>
100038f8:	4770      	bx	lr
100038fa:	0000      	.short	0x0000
100038fc:	20000f8c 	.word	0x20000f8c

10003900 <__wrap___aeabi_f2uiz>:
10003900:	4b01      	ldr	r3, [pc, #4]	; (10003908 <__wrap___aeabi_f2uiz+0x8>)
10003902:	6a5b      	ldr	r3, [r3, #36]	; 0x24
10003904:	4718      	bx	r3
10003906:	0000      	.short	0x0000
10003908:	20000f90 	.word	0x20000f90

1000390c <missing_float_func_shim>:
1000390c:	b510      	push	{r4, lr}
1000390e:	4801      	ldr	r0, [pc, #4]	; (10003914 <missing_float_func_shim+0x8>)
10003910:	f7fe f8ba 	bl	10001a88 <panic>
10003914:	10008814 	.word	0x10008814

10003918 <__aeabi_float_init>:
10003918:	2313      	movs	r3, #19
1000391a:	b510      	push	{r4, lr}
1000391c:	4810      	ldr	r0, [pc, #64]	; (10003960 <__aeabi_float_init+0x48>)
1000391e:	781c      	ldrb	r4, [r3, #0]
10003920:	f7ff f9f0 	bl	10002d04 <rom_data_lookup>
10003924:	0001      	movs	r1, r0
10003926:	2c01      	cmp	r4, #1
10003928:	d00a      	beq.n	10003940 <__aeabi_float_init+0x28>
1000392a:	dd03      	ble.n	10003934 <__aeabi_float_init+0x1c>
1000392c:	2280      	movs	r2, #128	; 0x80
1000392e:	480d      	ldr	r0, [pc, #52]	; (10003964 <__aeabi_float_init+0x4c>)
10003930:	f000 f82e 	bl	10003990 <__wrap___aeabi_memcpy>
10003934:	480c      	ldr	r0, [pc, #48]	; (10003968 <__aeabi_float_init+0x50>)
10003936:	f7ff f9dd 	bl	10002cf4 <rom_func_lookup>
1000393a:	4b0c      	ldr	r3, [pc, #48]	; (1000396c <__aeabi_float_init+0x54>)
1000393c:	6018      	str	r0, [r3, #0]
1000393e:	bd10      	pop	{r4, pc}
10003940:	4c08      	ldr	r4, [pc, #32]	; (10003964 <__aeabi_float_init+0x4c>)
10003942:	2254      	movs	r2, #84	; 0x54
10003944:	0020      	movs	r0, r4
10003946:	f000 f823 	bl	10003990 <__wrap___aeabi_memcpy>
1000394a:	0023      	movs	r3, r4
1000394c:	4a08      	ldr	r2, [pc, #32]	; (10003970 <__aeabi_float_init+0x58>)
1000394e:	3380      	adds	r3, #128	; 0x80
10003950:	6821      	ldr	r1, [r4, #0]
10003952:	2900      	cmp	r1, #0
10003954:	d100      	bne.n	10003958 <__aeabi_float_init+0x40>
10003956:	6022      	str	r2, [r4, #0]
10003958:	3404      	adds	r4, #4
1000395a:	42a3      	cmp	r3, r4
1000395c:	d1f8      	bne.n	10003950 <__aeabi_float_init+0x38>
1000395e:	e7e9      	b.n	10003934 <__aeabi_float_init+0x1c>
10003960:	00004653 	.word	0x00004653
10003964:	20000f90 	.word	0x20000f90
10003968:	0000334c 	.word	0x0000334c
1000396c:	20000f8c 	.word	0x20000f8c
10003970:	1000390d 	.word	0x1000390d

10003974 <__aeabi_mem_init>:
10003974:	4801      	ldr	r0, [pc, #4]	; (1000397c <__aeabi_mem_init+0x8>)
10003976:	2104      	movs	r1, #4
10003978:	4b01      	ldr	r3, [pc, #4]	; (10003980 <__aeabi_mem_init+0xc>)
1000397a:	4718      	bx	r3
1000397c:	20000270 	.word	0x20000270
10003980:	10002d15 	.word	0x10002d15

10003984 <__wrap_memset>:
10003984:	4b01      	ldr	r3, [pc, #4]	; (1000398c <__wrap_memset+0x8>)
10003986:	681b      	ldr	r3, [r3, #0]
10003988:	4718      	bx	r3
1000398a:	0000      	.short	0x0000
1000398c:	20000270 	.word	0x20000270

10003990 <__wrap___aeabi_memcpy>:
10003990:	4b01      	ldr	r3, [pc, #4]	; (10003998 <__wrap___aeabi_memcpy+0x8>)
10003992:	685b      	ldr	r3, [r3, #4]
10003994:	4718      	bx	r3
10003996:	0000      	.short	0x0000
10003998:	20000270 	.word	0x20000270

1000399c <_out_buffer>:
1000399c:	429a      	cmp	r2, r3
1000399e:	d200      	bcs.n	100039a2 <_out_buffer+0x6>
100039a0:	5488      	strb	r0, [r1, r2]
100039a2:	4770      	bx	lr

100039a4 <_out_null>:
100039a4:	4770      	bx	lr
100039a6:	46c0      	nop			; (mov r8, r8)

100039a8 <_out_rev>:
100039a8:	b5f8      	push	{r3, r4, r5, r6, r7, lr}
100039aa:	4657      	mov	r7, sl
100039ac:	464e      	mov	r6, r9
100039ae:	4645      	mov	r5, r8
100039b0:	46de      	mov	lr, fp
100039b2:	b5e0      	push	{r5, r6, r7, lr}
100039b4:	4699      	mov	r9, r3
100039b6:	9b0a      	ldr	r3, [sp, #40]	; 0x28
100039b8:	0007      	movs	r7, r0
100039ba:	469a      	mov	sl, r3
100039bc:	9b0d      	ldr	r3, [sp, #52]	; 0x34
100039be:	4688      	mov	r8, r1
100039c0:	4693      	mov	fp, r2
100039c2:	0015      	movs	r5, r2
100039c4:	9e0b      	ldr	r6, [sp, #44]	; 0x2c
100039c6:	079b      	lsls	r3, r3, #30
100039c8:	d110      	bne.n	100039ec <_out_rev+0x44>
100039ca:	9b0c      	ldr	r3, [sp, #48]	; 0x30
100039cc:	429e      	cmp	r6, r3
100039ce:	d20d      	bcs.n	100039ec <_out_rev+0x44>
100039d0:	1b9d      	subs	r5, r3, r6
100039d2:	0014      	movs	r4, r2
100039d4:	000e      	movs	r6, r1
100039d6:	445d      	add	r5, fp
100039d8:	0022      	movs	r2, r4
100039da:	464b      	mov	r3, r9
100039dc:	3401      	adds	r4, #1
100039de:	0031      	movs	r1, r6
100039e0:	2020      	movs	r0, #32
100039e2:	47b8      	blx	r7
100039e4:	42a5      	cmp	r5, r4
100039e6:	d1f7      	bne.n	100039d8 <_out_rev+0x30>
100039e8:	46b0      	mov	r8, r6
100039ea:	9e0b      	ldr	r6, [sp, #44]	; 0x2c
100039ec:	2e00      	cmp	r6, #0
100039ee:	d027      	beq.n	10003a40 <_out_rev+0x98>
100039f0:	4644      	mov	r4, r8
100039f2:	1975      	adds	r5, r6, r5
100039f4:	4653      	mov	r3, sl
100039f6:	1baa      	subs	r2, r5, r6
100039f8:	3e01      	subs	r6, #1
100039fa:	5d98      	ldrb	r0, [r3, r6]
100039fc:	0021      	movs	r1, r4
100039fe:	464b      	mov	r3, r9
10003a00:	47b8      	blx	r7
10003a02:	2e00      	cmp	r6, #0
10003a04:	d1f6      	bne.n	100039f4 <_out_rev+0x4c>
10003a06:	0023      	movs	r3, r4
10003a08:	002c      	movs	r4, r5
10003a0a:	4698      	mov	r8, r3
10003a0c:	9b0d      	ldr	r3, [sp, #52]	; 0x34
10003a0e:	079b      	lsls	r3, r3, #30
10003a10:	d50f      	bpl.n	10003a32 <_out_rev+0x8a>
10003a12:	465b      	mov	r3, fp
10003a14:	1ae5      	subs	r5, r4, r3
10003a16:	9b0c      	ldr	r3, [sp, #48]	; 0x30
10003a18:	42ab      	cmp	r3, r5
10003a1a:	d90a      	bls.n	10003a32 <_out_rev+0x8a>
10003a1c:	4646      	mov	r6, r8
10003a1e:	4698      	mov	r8, r3
10003a20:	0022      	movs	r2, r4
10003a22:	464b      	mov	r3, r9
10003a24:	0031      	movs	r1, r6
10003a26:	2020      	movs	r0, #32
10003a28:	3501      	adds	r5, #1
10003a2a:	47b8      	blx	r7
10003a2c:	3401      	adds	r4, #1
10003a2e:	45a8      	cmp	r8, r5
10003a30:	d8f6      	bhi.n	10003a20 <_out_rev+0x78>
10003a32:	0020      	movs	r0, r4
10003a34:	bcf0      	pop	{r4, r5, r6, r7}
10003a36:	46bb      	mov	fp, r7
10003a38:	46b2      	mov	sl, r6
10003a3a:	46a9      	mov	r9, r5
10003a3c:	46a0      	mov	r8, r4
10003a3e:	bdf8      	pop	{r3, r4, r5, r6, r7, pc}
10003a40:	002c      	movs	r4, r5
10003a42:	e7e3      	b.n	10003a0c <_out_rev+0x64>

10003a44 <_ntoa_format>:
10003a44:	b5f0      	push	{r4, r5, r6, r7, lr}
10003a46:	464f      	mov	r7, r9
10003a48:	4646      	mov	r6, r8
10003a4a:	46d6      	mov	lr, sl
10003a4c:	b5c0      	push	{r6, r7, lr}
10003a4e:	b084      	sub	sp, #16
10003a50:	4698      	mov	r8, r3
10003a52:	ab0e      	add	r3, sp, #56	; 0x38
10003a54:	781b      	ldrb	r3, [r3, #0]
10003a56:	9f12      	ldr	r7, [sp, #72]	; 0x48
10003a58:	4699      	mov	r9, r3
10003a5a:	4694      	mov	ip, r2
10003a5c:	9c0d      	ldr	r4, [sp, #52]	; 0x34
10003a5e:	9b10      	ldr	r3, [sp, #64]	; 0x40
10003a60:	9e11      	ldr	r6, [sp, #68]	; 0x44
10003a62:	07ba      	lsls	r2, r7, #30
10003a64:	d425      	bmi.n	10003ab2 <_ntoa_format+0x6e>
10003a66:	2e00      	cmp	r6, #0
10003a68:	d14b      	bne.n	10003b02 <_ntoa_format+0xbe>
10003a6a:	429c      	cmp	r4, r3
10003a6c:	d300      	bcc.n	10003a70 <_ntoa_format+0x2c>
10003a6e:	e0bf      	b.n	10003bf0 <_ntoa_format+0x1ac>
10003a70:	2201      	movs	r2, #1
10003a72:	403a      	ands	r2, r7
10003a74:	4692      	mov	sl, r2
10003a76:	2c1f      	cmp	r4, #31
10003a78:	d900      	bls.n	10003a7c <_ntoa_format+0x38>
10003a7a:	e0b8      	b.n	10003bee <_ntoa_format+0x1aa>
10003a7c:	9a0c      	ldr	r2, [sp, #48]	; 0x30
10003a7e:	1e55      	subs	r5, r2, #1
10003a80:	2230      	movs	r2, #48	; 0x30
10003a82:	e001      	b.n	10003a88 <_ntoa_format+0x44>
10003a84:	2c20      	cmp	r4, #32
10003a86:	d003      	beq.n	10003a90 <_ntoa_format+0x4c>
10003a88:	3401      	adds	r4, #1
10003a8a:	552a      	strb	r2, [r5, r4]
10003a8c:	42a3      	cmp	r3, r4
10003a8e:	d8f9      	bhi.n	10003a84 <_ntoa_format+0x40>
10003a90:	4652      	mov	r2, sl
10003a92:	2a00      	cmp	r2, #0
10003a94:	d00d      	beq.n	10003ab2 <_ntoa_format+0x6e>
10003a96:	42a6      	cmp	r6, r4
10003a98:	d90b      	bls.n	10003ab2 <_ntoa_format+0x6e>
10003a9a:	2c20      	cmp	r4, #32
10003a9c:	d044      	beq.n	10003b28 <_ntoa_format+0xe4>
10003a9e:	9a0c      	ldr	r2, [sp, #48]	; 0x30
10003aa0:	1e55      	subs	r5, r2, #1
10003aa2:	2230      	movs	r2, #48	; 0x30
10003aa4:	e001      	b.n	10003aaa <_ntoa_format+0x66>
10003aa6:	2c20      	cmp	r4, #32
10003aa8:	d03e      	beq.n	10003b28 <_ntoa_format+0xe4>
10003aaa:	3401      	adds	r4, #1
10003aac:	552a      	strb	r2, [r5, r4]
10003aae:	42b4      	cmp	r4, r6
10003ab0:	d1f9      	bne.n	10003aa6 <_ntoa_format+0x62>
10003ab2:	06fa      	lsls	r2, r7, #27
10003ab4:	d54d      	bpl.n	10003b52 <_ntoa_format+0x10e>
10003ab6:	057a      	lsls	r2, r7, #21
10003ab8:	d43f      	bmi.n	10003b3a <_ntoa_format+0xf6>
10003aba:	2c00      	cmp	r4, #0
10003abc:	d139      	bne.n	10003b32 <_ntoa_format+0xee>
10003abe:	9b0f      	ldr	r3, [sp, #60]	; 0x3c
10003ac0:	2b10      	cmp	r3, #16
10003ac2:	d100      	bne.n	10003ac6 <_ntoa_format+0x82>
10003ac4:	e079      	b.n	10003bba <_ntoa_format+0x176>
10003ac6:	9b0f      	ldr	r3, [sp, #60]	; 0x3c
10003ac8:	2b02      	cmp	r3, #2
10003aca:	d100      	bne.n	10003ace <_ntoa_format+0x8a>
10003acc:	e08a      	b.n	10003be4 <_ntoa_format+0x1a0>
10003ace:	2330      	movs	r3, #48	; 0x30
10003ad0:	9a0c      	ldr	r2, [sp, #48]	; 0x30
10003ad2:	2401      	movs	r4, #1
10003ad4:	7013      	strb	r3, [r2, #0]
10003ad6:	464b      	mov	r3, r9
10003ad8:	2b00      	cmp	r3, #0
10003ada:	d03f      	beq.n	10003b5c <_ntoa_format+0x118>
10003adc:	232d      	movs	r3, #45	; 0x2d
10003ade:	9a0c      	ldr	r2, [sp, #48]	; 0x30
10003ae0:	5513      	strb	r3, [r2, r4]
10003ae2:	3401      	adds	r4, #1
10003ae4:	9b0c      	ldr	r3, [sp, #48]	; 0x30
10003ae6:	4662      	mov	r2, ip
10003ae8:	9300      	str	r3, [sp, #0]
10003aea:	9703      	str	r7, [sp, #12]
10003aec:	4643      	mov	r3, r8
10003aee:	9602      	str	r6, [sp, #8]
10003af0:	9401      	str	r4, [sp, #4]
10003af2:	f7ff ff59 	bl	100039a8 <_out_rev>
10003af6:	b004      	add	sp, #16
10003af8:	bce0      	pop	{r5, r6, r7}
10003afa:	46ba      	mov	sl, r7
10003afc:	46b1      	mov	r9, r6
10003afe:	46a8      	mov	r8, r5
10003b00:	bdf0      	pop	{r4, r5, r6, r7, pc}
10003b02:	2201      	movs	r2, #1
10003b04:	0015      	movs	r5, r2
10003b06:	403d      	ands	r5, r7
10003b08:	46aa      	mov	sl, r5
10003b0a:	423a      	tst	r2, r7
10003b0c:	d02f      	beq.n	10003b6e <_ntoa_format+0x12a>
10003b0e:	464a      	mov	r2, r9
10003b10:	2a00      	cmp	r2, #0
10003b12:	d102      	bne.n	10003b1a <_ntoa_format+0xd6>
10003b14:	320c      	adds	r2, #12
10003b16:	423a      	tst	r2, r7
10003b18:	d000      	beq.n	10003b1c <_ntoa_format+0xd8>
10003b1a:	3e01      	subs	r6, #1
10003b1c:	429c      	cmp	r4, r3
10003b1e:	d2ba      	bcs.n	10003a96 <_ntoa_format+0x52>
10003b20:	2c1f      	cmp	r4, #31
10003b22:	d9ab      	bls.n	10003a7c <_ntoa_format+0x38>
10003b24:	2e20      	cmp	r6, #32
10003b26:	d927      	bls.n	10003b78 <_ntoa_format+0x134>
10003b28:	2420      	movs	r4, #32
10003b2a:	06fa      	lsls	r2, r7, #27
10003b2c:	d5da      	bpl.n	10003ae4 <_ntoa_format+0xa0>
10003b2e:	057a      	lsls	r2, r7, #21
10003b30:	d403      	bmi.n	10003b3a <_ntoa_format+0xf6>
10003b32:	42a3      	cmp	r3, r4
10003b34:	d02d      	beq.n	10003b92 <_ntoa_format+0x14e>
10003b36:	42a6      	cmp	r6, r4
10003b38:	d02b      	beq.n	10003b92 <_ntoa_format+0x14e>
10003b3a:	9b0f      	ldr	r3, [sp, #60]	; 0x3c
10003b3c:	2b10      	cmp	r3, #16
10003b3e:	d032      	beq.n	10003ba6 <_ntoa_format+0x162>
10003b40:	2b02      	cmp	r3, #2
10003b42:	d020      	beq.n	10003b86 <_ntoa_format+0x142>
10003b44:	2c20      	cmp	r4, #32
10003b46:	d0cd      	beq.n	10003ae4 <_ntoa_format+0xa0>
10003b48:	2230      	movs	r2, #48	; 0x30
10003b4a:	9b0c      	ldr	r3, [sp, #48]	; 0x30
10003b4c:	191b      	adds	r3, r3, r4
10003b4e:	701a      	strb	r2, [r3, #0]
10003b50:	3401      	adds	r4, #1
10003b52:	2c20      	cmp	r4, #32
10003b54:	d0c6      	beq.n	10003ae4 <_ntoa_format+0xa0>
10003b56:	464b      	mov	r3, r9
10003b58:	2b00      	cmp	r3, #0
10003b5a:	d1bf      	bne.n	10003adc <_ntoa_format+0x98>
10003b5c:	077b      	lsls	r3, r7, #29
10003b5e:	d40d      	bmi.n	10003b7c <_ntoa_format+0x138>
10003b60:	073b      	lsls	r3, r7, #28
10003b62:	d5bf      	bpl.n	10003ae4 <_ntoa_format+0xa0>
10003b64:	2320      	movs	r3, #32
10003b66:	9a0c      	ldr	r2, [sp, #48]	; 0x30
10003b68:	5513      	strb	r3, [r2, r4]
10003b6a:	3401      	adds	r4, #1
10003b6c:	e7ba      	b.n	10003ae4 <_ntoa_format+0xa0>
10003b6e:	429c      	cmp	r4, r3
10003b70:	d29f      	bcs.n	10003ab2 <_ntoa_format+0x6e>
10003b72:	2c1f      	cmp	r4, #31
10003b74:	d800      	bhi.n	10003b78 <_ntoa_format+0x134>
10003b76:	e781      	b.n	10003a7c <_ntoa_format+0x38>
10003b78:	2420      	movs	r4, #32
10003b7a:	e79a      	b.n	10003ab2 <_ntoa_format+0x6e>
10003b7c:	232b      	movs	r3, #43	; 0x2b
10003b7e:	9a0c      	ldr	r2, [sp, #48]	; 0x30
10003b80:	5513      	strb	r3, [r2, r4]
10003b82:	3401      	adds	r4, #1
10003b84:	e7ae      	b.n	10003ae4 <_ntoa_format+0xa0>
10003b86:	2c20      	cmp	r4, #32
10003b88:	d0ac      	beq.n	10003ae4 <_ntoa_format+0xa0>
10003b8a:	9b0c      	ldr	r3, [sp, #48]	; 0x30
10003b8c:	191b      	adds	r3, r3, r4
10003b8e:	3401      	adds	r4, #1
10003b90:	e03a      	b.n	10003c08 <_ntoa_format+0x1c4>
10003b92:	1e63      	subs	r3, r4, #1
10003b94:	2c01      	cmp	r4, #1
10003b96:	d092      	beq.n	10003abe <_ntoa_format+0x7a>
10003b98:	9a0f      	ldr	r2, [sp, #60]	; 0x3c
10003b9a:	2a10      	cmp	r2, #16
10003b9c:	d02a      	beq.n	10003bf4 <_ntoa_format+0x1b0>
10003b9e:	2a02      	cmp	r2, #2
10003ba0:	d02f      	beq.n	10003c02 <_ntoa_format+0x1be>
10003ba2:	001c      	movs	r4, r3
10003ba4:	e7d0      	b.n	10003b48 <_ntoa_format+0x104>
10003ba6:	06bb      	lsls	r3, r7, #26
10003ba8:	d40e      	bmi.n	10003bc8 <_ntoa_format+0x184>
10003baa:	2c20      	cmp	r4, #32
10003bac:	d09a      	beq.n	10003ae4 <_ntoa_format+0xa0>
10003bae:	9b0c      	ldr	r3, [sp, #48]	; 0x30
10003bb0:	191a      	adds	r2, r3, r4
10003bb2:	3401      	adds	r4, #1
10003bb4:	2378      	movs	r3, #120	; 0x78
10003bb6:	7013      	strb	r3, [r2, #0]
10003bb8:	e7c4      	b.n	10003b44 <_ntoa_format+0x100>
10003bba:	06bb      	lsls	r3, r7, #26
10003bbc:	d40d      	bmi.n	10003bda <_ntoa_format+0x196>
10003bbe:	2378      	movs	r3, #120	; 0x78
10003bc0:	9a0c      	ldr	r2, [sp, #48]	; 0x30
10003bc2:	2401      	movs	r4, #1
10003bc4:	7013      	strb	r3, [r2, #0]
10003bc6:	e7bf      	b.n	10003b48 <_ntoa_format+0x104>
10003bc8:	2c20      	cmp	r4, #32
10003bca:	d100      	bne.n	10003bce <_ntoa_format+0x18a>
10003bcc:	e78a      	b.n	10003ae4 <_ntoa_format+0xa0>
10003bce:	2258      	movs	r2, #88	; 0x58
10003bd0:	9b0c      	ldr	r3, [sp, #48]	; 0x30
10003bd2:	191b      	adds	r3, r3, r4
10003bd4:	701a      	strb	r2, [r3, #0]
10003bd6:	3401      	adds	r4, #1
10003bd8:	e7b4      	b.n	10003b44 <_ntoa_format+0x100>
10003bda:	2358      	movs	r3, #88	; 0x58
10003bdc:	9a0c      	ldr	r2, [sp, #48]	; 0x30
10003bde:	2401      	movs	r4, #1
10003be0:	7013      	strb	r3, [r2, #0]
10003be2:	e7b1      	b.n	10003b48 <_ntoa_format+0x104>
10003be4:	9a0c      	ldr	r2, [sp, #48]	; 0x30
10003be6:	3360      	adds	r3, #96	; 0x60
10003be8:	2401      	movs	r4, #1
10003bea:	7013      	strb	r3, [r2, #0]
10003bec:	e7ac      	b.n	10003b48 <_ntoa_format+0x104>
10003bee:	2420      	movs	r4, #32
10003bf0:	2600      	movs	r6, #0
10003bf2:	e75e      	b.n	10003ab2 <_ntoa_format+0x6e>
10003bf4:	3c02      	subs	r4, #2
10003bf6:	06ba      	lsls	r2, r7, #26
10003bf8:	d4e9      	bmi.n	10003bce <_ntoa_format+0x18a>
10003bfa:	9a0c      	ldr	r2, [sp, #48]	; 0x30
10003bfc:	1912      	adds	r2, r2, r4
10003bfe:	001c      	movs	r4, r3
10003c00:	e7d8      	b.n	10003bb4 <_ntoa_format+0x170>
10003c02:	9a0c      	ldr	r2, [sp, #48]	; 0x30
10003c04:	4692      	mov	sl, r2
10003c06:	4453      	add	r3, sl
10003c08:	2262      	movs	r2, #98	; 0x62
10003c0a:	701a      	strb	r2, [r3, #0]
10003c0c:	e79a      	b.n	10003b44 <_ntoa_format+0x100>
10003c0e:	46c0      	nop			; (mov r8, r8)

10003c10 <_out_char>:
10003c10:	b510      	push	{r4, lr}
10003c12:	2800      	cmp	r0, #0
10003c14:	d100      	bne.n	10003c18 <_out_char+0x8>
10003c16:	bd10      	pop	{r4, pc}
10003c18:	f001 faf6 	bl	10005208 <__wrap_putchar>
10003c1c:	e7fb      	b.n	10003c16 <_out_char+0x6>
10003c1e:	46c0      	nop			; (mov r8, r8)

10003c20 <_etoa>:
10003c20:	b5f0      	push	{r4, r5, r6, r7, lr}
10003c22:	46de      	mov	lr, fp
10003c24:	4657      	mov	r7, sl
10003c26:	464e      	mov	r6, r9
10003c28:	4645      	mov	r5, r8
10003c2a:	b5e0      	push	{r5, r6, r7, lr}
10003c2c:	b09b      	sub	sp, #108	; 0x6c
10003c2e:	469b      	mov	fp, r3
10003c30:	9b24      	ldr	r3, [sp, #144]	; 0x90
10003c32:	4689      	mov	r9, r1
10003c34:	4698      	mov	r8, r3
10003c36:	9b25      	ldr	r3, [sp, #148]	; 0x94
10003c38:	900b      	str	r0, [sp, #44]	; 0x2c
10003c3a:	920c      	str	r2, [sp, #48]	; 0x30
10003c3c:	4640      	mov	r0, r8
10003c3e:	4642      	mov	r2, r8
10003c40:	0019      	movs	r1, r3
10003c42:	469a      	mov	sl, r3
10003c44:	f7ff fcb1 	bl	100035aa <__wrap___aeabi_dcmpun>
10003c48:	2800      	cmp	r0, #0
10003c4a:	d000      	beq.n	10003c4e <_etoa+0x2e>
10003c4c:	e0d8      	b.n	10003e00 <_etoa+0x1e0>
10003c4e:	2201      	movs	r2, #1
10003c50:	4640      	mov	r0, r8
10003c52:	4651      	mov	r1, sl
10003c54:	4b77      	ldr	r3, [pc, #476]	; (10003e34 <_etoa+0x214>)
10003c56:	4252      	negs	r2, r2
10003c58:	f7ff fca2 	bl	100035a0 <__wrap___aeabi_dcmpgt>
10003c5c:	2800      	cmp	r0, #0
10003c5e:	d000      	beq.n	10003c62 <_etoa+0x42>
10003c60:	e0ce      	b.n	10003e00 <_etoa+0x1e0>
10003c62:	2201      	movs	r2, #1
10003c64:	4640      	mov	r0, r8
10003c66:	4651      	mov	r1, sl
10003c68:	4b73      	ldr	r3, [pc, #460]	; (10003e38 <_etoa+0x218>)
10003c6a:	4252      	negs	r2, r2
10003c6c:	f7ff fc82 	bl	10003574 <__wrap___aeabi_dcmplt>
10003c70:	2800      	cmp	r0, #0
10003c72:	d000      	beq.n	10003c76 <_etoa+0x56>
10003c74:	e0c4      	b.n	10003e00 <_etoa+0x1e0>
10003c76:	2200      	movs	r2, #0
10003c78:	2300      	movs	r3, #0
10003c7a:	4640      	mov	r0, r8
10003c7c:	4651      	mov	r1, sl
10003c7e:	f7ff fc79 	bl	10003574 <__wrap___aeabi_dcmplt>
10003c82:	2800      	cmp	r0, #0
10003c84:	d000      	beq.n	10003c88 <_etoa+0x68>
10003c86:	e1b9      	b.n	10003ffc <_etoa+0x3dc>
10003c88:	4642      	mov	r2, r8
10003c8a:	4653      	mov	r3, sl
10003c8c:	920a      	str	r2, [sp, #40]	; 0x28
10003c8e:	9309      	str	r3, [sp, #36]	; 0x24
10003c90:	2380      	movs	r3, #128	; 0x80
10003c92:	9a28      	ldr	r2, [sp, #160]	; 0xa0
10003c94:	00db      	lsls	r3, r3, #3
10003c96:	401a      	ands	r2, r3
10003c98:	920e      	str	r2, [sp, #56]	; 0x38
10003c9a:	9a28      	ldr	r2, [sp, #160]	; 0xa0
10003c9c:	421a      	tst	r2, r3
10003c9e:	d101      	bne.n	10003ca4 <_etoa+0x84>
10003ca0:	2306      	movs	r3, #6
10003ca2:	9326      	str	r3, [sp, #152]	; 0x98
10003ca4:	9a0a      	ldr	r2, [sp, #40]	; 0x28
10003ca6:	9b09      	ldr	r3, [sp, #36]	; 0x24
10003ca8:	0016      	movs	r6, r2
10003caa:	4313      	orrs	r3, r2
10003cac:	d000      	beq.n	10003cb0 <_etoa+0x90>
10003cae:	e0c7      	b.n	10003e40 <_etoa+0x220>
10003cb0:	9b28      	ldr	r3, [sp, #160]	; 0xa0
10003cb2:	2500      	movs	r5, #0
10003cb4:	2600      	movs	r6, #0
10003cb6:	051b      	lsls	r3, r3, #20
10003cb8:	d400      	bmi.n	10003cbc <_etoa+0x9c>
10003cba:	e19b      	b.n	10003ff4 <_etoa+0x3d4>
10003cbc:	2300      	movs	r3, #0
10003cbe:	930d      	str	r3, [sp, #52]	; 0x34
10003cc0:	9a26      	ldr	r2, [sp, #152]	; 0x98
10003cc2:	9b0d      	ldr	r3, [sp, #52]	; 0x34
10003cc4:	429a      	cmp	r2, r3
10003cc6:	dc00      	bgt.n	10003cca <_etoa+0xaa>
10003cc8:	e19f      	b.n	1000400a <_etoa+0x3ea>
10003cca:	1ad0      	subs	r0, r2, r3
10003ccc:	1e43      	subs	r3, r0, #1
10003cce:	9326      	str	r3, [sp, #152]	; 0x98
10003cd0:	2380      	movs	r3, #128	; 0x80
10003cd2:	9a28      	ldr	r2, [sp, #160]	; 0xa0
10003cd4:	00db      	lsls	r3, r3, #3
10003cd6:	431a      	orrs	r2, r3
10003cd8:	2300      	movs	r3, #0
10003cda:	2700      	movs	r7, #0
10003cdc:	9228      	str	r2, [sp, #160]	; 0xa0
10003cde:	930d      	str	r3, [sp, #52]	; 0x34
10003ce0:	9b27      	ldr	r3, [sp, #156]	; 0x9c
10003ce2:	2400      	movs	r4, #0
10003ce4:	42bb      	cmp	r3, r7
10003ce6:	d900      	bls.n	10003cea <_etoa+0xca>
10003ce8:	1bdc      	subs	r4, r3, r7
10003cea:	2302      	movs	r3, #2
10003cec:	9a28      	ldr	r2, [sp, #160]	; 0xa0
10003cee:	401a      	ands	r2, r3
10003cf0:	920e      	str	r2, [sp, #56]	; 0x38
10003cf2:	9a28      	ldr	r2, [sp, #160]	; 0xa0
10003cf4:	4213      	tst	r3, r2
10003cf6:	d003      	beq.n	10003d00 <_etoa+0xe0>
10003cf8:	427b      	negs	r3, r7
10003cfa:	417b      	adcs	r3, r7
10003cfc:	425b      	negs	r3, r3
10003cfe:	401c      	ands	r4, r3
10003d00:	9b0d      	ldr	r3, [sp, #52]	; 0x34
10003d02:	2b00      	cmp	r3, #0
10003d04:	d007      	beq.n	10003d16 <_etoa+0xf6>
10003d06:	980a      	ldr	r0, [sp, #40]	; 0x28
10003d08:	9909      	ldr	r1, [sp, #36]	; 0x24
10003d0a:	002a      	movs	r2, r5
10003d0c:	0033      	movs	r3, r6
10003d0e:	f7ff fbd0 	bl	100034b2 <__wrap___aeabi_ddiv>
10003d12:	900a      	str	r0, [sp, #40]	; 0x28
10003d14:	9109      	str	r1, [sp, #36]	; 0x24
10003d16:	2200      	movs	r2, #0
10003d18:	2300      	movs	r3, #0
10003d1a:	4640      	mov	r0, r8
10003d1c:	4651      	mov	r1, sl
10003d1e:	f7ff fc29 	bl	10003574 <__wrap___aeabi_dcmplt>
10003d22:	2800      	cmp	r0, #0
10003d24:	d005      	beq.n	10003d32 <_etoa+0x112>
10003d26:	2080      	movs	r0, #128	; 0x80
10003d28:	0600      	lsls	r0, r0, #24
10003d2a:	4684      	mov	ip, r0
10003d2c:	9909      	ldr	r1, [sp, #36]	; 0x24
10003d2e:	4461      	add	r1, ip
10003d30:	9109      	str	r1, [sp, #36]	; 0x24
10003d32:	9a28      	ldr	r2, [sp, #160]	; 0xa0
10003d34:	4b41      	ldr	r3, [pc, #260]	; (10003e3c <_etoa+0x21c>)
10003d36:	9d0b      	ldr	r5, [sp, #44]	; 0x2c
10003d38:	4013      	ands	r3, r2
10003d3a:	9304      	str	r3, [sp, #16]
10003d3c:	9b26      	ldr	r3, [sp, #152]	; 0x98
10003d3e:	9a0a      	ldr	r2, [sp, #40]	; 0x28
10003d40:	9302      	str	r3, [sp, #8]
10003d42:	9b09      	ldr	r3, [sp, #36]	; 0x24
10003d44:	9403      	str	r4, [sp, #12]
10003d46:	9200      	str	r2, [sp, #0]
10003d48:	9301      	str	r3, [sp, #4]
10003d4a:	4649      	mov	r1, r9
10003d4c:	465b      	mov	r3, fp
10003d4e:	0028      	movs	r0, r5
10003d50:	9a0c      	ldr	r2, [sp, #48]	; 0x30
10003d52:	f000 f98b 	bl	1000406c <_ftoa>
10003d56:	0004      	movs	r4, r0
10003d58:	2f00      	cmp	r7, #0
10003d5a:	d062      	beq.n	10003e22 <_etoa+0x202>
10003d5c:	9b28      	ldr	r3, [sp, #160]	; 0xa0
10003d5e:	0022      	movs	r2, r4
10003d60:	0698      	lsls	r0, r3, #26
10003d62:	231f      	movs	r3, #31
10003d64:	17c0      	asrs	r0, r0, #31
10003d66:	4398      	bics	r0, r3
10003d68:	1c63      	adds	r3, r4, #1
10003d6a:	4698      	mov	r8, r3
10003d6c:	4649      	mov	r1, r9
10003d6e:	465b      	mov	r3, fp
10003d70:	3065      	adds	r0, #101	; 0x65
10003d72:	47a8      	blx	r5
10003d74:	9b0d      	ldr	r3, [sp, #52]	; 0x34
10003d76:	2500      	movs	r5, #0
10003d78:	17da      	asrs	r2, r3, #31
10003d7a:	189c      	adds	r4, r3, r2
10003d7c:	0fdb      	lsrs	r3, r3, #31
10003d7e:	469a      	mov	sl, r3
10003d80:	4054      	eors	r4, r2
10003d82:	3f01      	subs	r7, #1
10003d84:	e001      	b.n	10003d8a <_etoa+0x16a>
10003d86:	2d20      	cmp	r5, #32
10003d88:	d013      	beq.n	10003db2 <_etoa+0x192>
10003d8a:	aa0a      	add	r2, sp, #40	; 0x28
10003d8c:	4694      	mov	ip, r2
10003d8e:	231f      	movs	r3, #31
10003d90:	0020      	movs	r0, r4
10003d92:	4463      	add	r3, ip
10003d94:	210a      	movs	r1, #10
10003d96:	3501      	adds	r5, #1
10003d98:	195e      	adds	r6, r3, r5
10003d9a:	f7ff f945 	bl	10003028 <__wrap___aeabi_uidiv>
10003d9e:	3130      	adds	r1, #48	; 0x30
10003da0:	7031      	strb	r1, [r6, #0]
10003da2:	0020      	movs	r0, r4
10003da4:	210a      	movs	r1, #10
10003da6:	f7ff f93f 	bl	10003028 <__wrap___aeabi_uidiv>
10003daa:	0026      	movs	r6, r4
10003dac:	0004      	movs	r4, r0
10003dae:	2e09      	cmp	r6, #9
10003db0:	d8e9      	bhi.n	10003d86 <_etoa+0x166>
10003db2:	2305      	movs	r3, #5
10003db4:	9306      	str	r3, [sp, #24]
10003db6:	2300      	movs	r3, #0
10003db8:	9304      	str	r3, [sp, #16]
10003dba:	330a      	adds	r3, #10
10003dbc:	9303      	str	r3, [sp, #12]
10003dbe:	4653      	mov	r3, sl
10003dc0:	9705      	str	r7, [sp, #20]
10003dc2:	9f0b      	ldr	r7, [sp, #44]	; 0x2c
10003dc4:	9302      	str	r3, [sp, #8]
10003dc6:	ab12      	add	r3, sp, #72	; 0x48
10003dc8:	9300      	str	r3, [sp, #0]
10003dca:	4642      	mov	r2, r8
10003dcc:	465b      	mov	r3, fp
10003dce:	4649      	mov	r1, r9
10003dd0:	0038      	movs	r0, r7
10003dd2:	9501      	str	r5, [sp, #4]
10003dd4:	f7ff fe36 	bl	10003a44 <_ntoa_format>
10003dd8:	9b0e      	ldr	r3, [sp, #56]	; 0x38
10003dda:	0004      	movs	r4, r0
10003ddc:	2b00      	cmp	r3, #0
10003dde:	d020      	beq.n	10003e22 <_etoa+0x202>
10003de0:	9b0c      	ldr	r3, [sp, #48]	; 0x30
10003de2:	1ac5      	subs	r5, r0, r3
10003de4:	9b27      	ldr	r3, [sp, #156]	; 0x9c
10003de6:	42ab      	cmp	r3, r5
10003de8:	d91b      	bls.n	10003e22 <_etoa+0x202>
10003dea:	001e      	movs	r6, r3
10003dec:	0022      	movs	r2, r4
10003dee:	465b      	mov	r3, fp
10003df0:	4649      	mov	r1, r9
10003df2:	2020      	movs	r0, #32
10003df4:	3501      	adds	r5, #1
10003df6:	47b8      	blx	r7
10003df8:	3401      	adds	r4, #1
10003dfa:	42ae      	cmp	r6, r5
10003dfc:	d8f6      	bhi.n	10003dec <_etoa+0x1cc>
10003dfe:	e010      	b.n	10003e22 <_etoa+0x202>
10003e00:	9b28      	ldr	r3, [sp, #160]	; 0xa0
10003e02:	4642      	mov	r2, r8
10003e04:	9304      	str	r3, [sp, #16]
10003e06:	9b27      	ldr	r3, [sp, #156]	; 0x9c
10003e08:	4649      	mov	r1, r9
10003e0a:	9303      	str	r3, [sp, #12]
10003e0c:	9b26      	ldr	r3, [sp, #152]	; 0x98
10003e0e:	980b      	ldr	r0, [sp, #44]	; 0x2c
10003e10:	9302      	str	r3, [sp, #8]
10003e12:	4653      	mov	r3, sl
10003e14:	9200      	str	r2, [sp, #0]
10003e16:	9301      	str	r3, [sp, #4]
10003e18:	465b      	mov	r3, fp
10003e1a:	9a0c      	ldr	r2, [sp, #48]	; 0x30
10003e1c:	f000 f926 	bl	1000406c <_ftoa>
10003e20:	0004      	movs	r4, r0
10003e22:	0020      	movs	r0, r4
10003e24:	b01b      	add	sp, #108	; 0x6c
10003e26:	bcf0      	pop	{r4, r5, r6, r7}
10003e28:	46bb      	mov	fp, r7
10003e2a:	46b2      	mov	sl, r6
10003e2c:	46a9      	mov	r9, r5
10003e2e:	46a0      	mov	r8, r4
10003e30:	bdf0      	pop	{r4, r5, r6, r7, pc}
10003e32:	46c0      	nop			; (mov r8, r8)
10003e34:	7fefffff 	.word	0x7fefffff
10003e38:	ffefffff 	.word	0xffefffff
10003e3c:	fffff7ff 	.word	0xfffff7ff
10003e40:	4b73      	ldr	r3, [pc, #460]	; (10004010 <_etoa+0x3f0>)
10003e42:	9f09      	ldr	r7, [sp, #36]	; 0x24
10003e44:	469c      	mov	ip, r3
10003e46:	0078      	lsls	r0, r7, #1
10003e48:	0d40      	lsrs	r0, r0, #21
10003e4a:	4460      	add	r0, ip
10003e4c:	f7ff fbbe 	bl	100035cc <__wrap___aeabi_i2d>
10003e50:	4a70      	ldr	r2, [pc, #448]	; (10004014 <_etoa+0x3f4>)
10003e52:	4b71      	ldr	r3, [pc, #452]	; (10004018 <_etoa+0x3f8>)
10003e54:	f7ff fb47 	bl	100034e6 <__wrap___aeabi_dmul>
10003e58:	4a70      	ldr	r2, [pc, #448]	; (1000401c <_etoa+0x3fc>)
10003e5a:	4b71      	ldr	r3, [pc, #452]	; (10004020 <_etoa+0x400>)
10003e5c:	f7ff fb24 	bl	100034a8 <__wrap___aeabi_dadd>
10003e60:	033b      	lsls	r3, r7, #12
10003e62:	4a70      	ldr	r2, [pc, #448]	; (10004024 <_etoa+0x404>)
10003e64:	0b1b      	lsrs	r3, r3, #12
10003e66:	431a      	orrs	r2, r3
10003e68:	0004      	movs	r4, r0
10003e6a:	000d      	movs	r5, r1
10003e6c:	0030      	movs	r0, r6
10003e6e:	0011      	movs	r1, r2
10003e70:	4b6d      	ldr	r3, [pc, #436]	; (10004028 <_etoa+0x408>)
10003e72:	2200      	movs	r2, #0
10003e74:	f7ff fb13 	bl	1000349e <__wrap___aeabi_dsub>
10003e78:	4a6c      	ldr	r2, [pc, #432]	; (1000402c <_etoa+0x40c>)
10003e7a:	4b6d      	ldr	r3, [pc, #436]	; (10004030 <_etoa+0x410>)
10003e7c:	f7ff fb33 	bl	100034e6 <__wrap___aeabi_dmul>
10003e80:	0002      	movs	r2, r0
10003e82:	000b      	movs	r3, r1
10003e84:	0020      	movs	r0, r4
10003e86:	0029      	movs	r1, r5
10003e88:	f7ff fb0e 	bl	100034a8 <__wrap___aeabi_dadd>
10003e8c:	f7ff fbb6 	bl	100035fc <__wrap___aeabi_d2iz>
10003e90:	900d      	str	r0, [sp, #52]	; 0x34
10003e92:	f7ff fb9b 	bl	100035cc <__wrap___aeabi_i2d>
10003e96:	4a67      	ldr	r2, [pc, #412]	; (10004034 <_etoa+0x414>)
10003e98:	4b67      	ldr	r3, [pc, #412]	; (10004038 <_etoa+0x418>)
10003e9a:	0004      	movs	r4, r0
10003e9c:	000d      	movs	r5, r1
10003e9e:	f7ff fb22 	bl	100034e6 <__wrap___aeabi_dmul>
10003ea2:	2200      	movs	r2, #0
10003ea4:	4b65      	ldr	r3, [pc, #404]	; (1000403c <_etoa+0x41c>)
10003ea6:	f7ff faff 	bl	100034a8 <__wrap___aeabi_dadd>
10003eaa:	f7ff fba7 	bl	100035fc <__wrap___aeabi_d2iz>
10003eae:	4a64      	ldr	r2, [pc, #400]	; (10004040 <_etoa+0x420>)
10003eb0:	0006      	movs	r6, r0
10003eb2:	4b64      	ldr	r3, [pc, #400]	; (10004044 <_etoa+0x424>)
10003eb4:	0020      	movs	r0, r4
10003eb6:	0029      	movs	r1, r5
10003eb8:	f7ff fb15 	bl	100034e6 <__wrap___aeabi_dmul>
10003ebc:	0004      	movs	r4, r0
10003ebe:	0030      	movs	r0, r6
10003ec0:	000d      	movs	r5, r1
10003ec2:	960f      	str	r6, [sp, #60]	; 0x3c
10003ec4:	f7ff fb82 	bl	100035cc <__wrap___aeabi_i2d>
10003ec8:	4a5f      	ldr	r2, [pc, #380]	; (10004048 <_etoa+0x428>)
10003eca:	4b60      	ldr	r3, [pc, #384]	; (1000404c <_etoa+0x42c>)
10003ecc:	f7ff fb0b 	bl	100034e6 <__wrap___aeabi_dmul>
10003ed0:	0002      	movs	r2, r0
10003ed2:	000b      	movs	r3, r1
10003ed4:	0020      	movs	r0, r4
10003ed6:	0029      	movs	r1, r5
10003ed8:	f7ff fae1 	bl	1000349e <__wrap___aeabi_dsub>
10003edc:	0002      	movs	r2, r0
10003ede:	000b      	movs	r3, r1
10003ee0:	0006      	movs	r6, r0
10003ee2:	000f      	movs	r7, r1
10003ee4:	f7ff faff 	bl	100034e6 <__wrap___aeabi_dmul>
10003ee8:	0032      	movs	r2, r6
10003eea:	0004      	movs	r4, r0
10003eec:	000d      	movs	r5, r1
10003eee:	003b      	movs	r3, r7
10003ef0:	0030      	movs	r0, r6
10003ef2:	0039      	movs	r1, r7
10003ef4:	f7ff fad8 	bl	100034a8 <__wrap___aeabi_dadd>
10003ef8:	2200      	movs	r2, #0
10003efa:	9010      	str	r0, [sp, #64]	; 0x40
10003efc:	9111      	str	r1, [sp, #68]	; 0x44
10003efe:	4b54      	ldr	r3, [pc, #336]	; (10004050 <_etoa+0x430>)
10003f00:	0020      	movs	r0, r4
10003f02:	0029      	movs	r1, r5
10003f04:	f7ff fad5 	bl	100034b2 <__wrap___aeabi_ddiv>
10003f08:	2200      	movs	r2, #0
10003f0a:	4b52      	ldr	r3, [pc, #328]	; (10004054 <_etoa+0x434>)
10003f0c:	f7ff facc 	bl	100034a8 <__wrap___aeabi_dadd>
10003f10:	0002      	movs	r2, r0
10003f12:	000b      	movs	r3, r1
10003f14:	0020      	movs	r0, r4
10003f16:	0029      	movs	r1, r5
10003f18:	f7ff facb 	bl	100034b2 <__wrap___aeabi_ddiv>
10003f1c:	2200      	movs	r2, #0
10003f1e:	4b4e      	ldr	r3, [pc, #312]	; (10004058 <_etoa+0x438>)
10003f20:	f7ff fac2 	bl	100034a8 <__wrap___aeabi_dadd>
10003f24:	0002      	movs	r2, r0
10003f26:	000b      	movs	r3, r1
10003f28:	0020      	movs	r0, r4
10003f2a:	0029      	movs	r1, r5
10003f2c:	f7ff fac1 	bl	100034b2 <__wrap___aeabi_ddiv>
10003f30:	000d      	movs	r5, r1
10003f32:	2180      	movs	r1, #128	; 0x80
10003f34:	0004      	movs	r4, r0
10003f36:	0032      	movs	r2, r6
10003f38:	003b      	movs	r3, r7
10003f3a:	2000      	movs	r0, #0
10003f3c:	05c9      	lsls	r1, r1, #23
10003f3e:	f7ff faae 	bl	1000349e <__wrap___aeabi_dsub>
10003f42:	0002      	movs	r2, r0
10003f44:	000b      	movs	r3, r1
10003f46:	0020      	movs	r0, r4
10003f48:	0029      	movs	r1, r5
10003f4a:	f7ff faad 	bl	100034a8 <__wrap___aeabi_dadd>
10003f4e:	0002      	movs	r2, r0
10003f50:	000b      	movs	r3, r1
10003f52:	9810      	ldr	r0, [sp, #64]	; 0x40
10003f54:	9911      	ldr	r1, [sp, #68]	; 0x44
10003f56:	f7ff faac 	bl	100034b2 <__wrap___aeabi_ddiv>
10003f5a:	2200      	movs	r2, #0
10003f5c:	4b31      	ldr	r3, [pc, #196]	; (10004024 <_etoa+0x404>)
10003f5e:	f7ff faa3 	bl	100034a8 <__wrap___aeabi_dadd>
10003f62:	4b3e      	ldr	r3, [pc, #248]	; (1000405c <_etoa+0x43c>)
10003f64:	9c0f      	ldr	r4, [sp, #60]	; 0x3c
10003f66:	469c      	mov	ip, r3
10003f68:	4464      	add	r4, ip
10003f6a:	2200      	movs	r2, #0
10003f6c:	0523      	lsls	r3, r4, #20
10003f6e:	f7ff faba 	bl	100034e6 <__wrap___aeabi_dmul>
10003f72:	0005      	movs	r5, r0
10003f74:	000e      	movs	r6, r1
10003f76:	0002      	movs	r2, r0
10003f78:	000b      	movs	r3, r1
10003f7a:	980a      	ldr	r0, [sp, #40]	; 0x28
10003f7c:	9909      	ldr	r1, [sp, #36]	; 0x24
10003f7e:	f7ff faf9 	bl	10003574 <__wrap___aeabi_dcmplt>
10003f82:	2800      	cmp	r0, #0
10003f84:	d00a      	beq.n	10003f9c <_etoa+0x37c>
10003f86:	9b0d      	ldr	r3, [sp, #52]	; 0x34
10003f88:	0028      	movs	r0, r5
10003f8a:	3b01      	subs	r3, #1
10003f8c:	0031      	movs	r1, r6
10003f8e:	930d      	str	r3, [sp, #52]	; 0x34
10003f90:	2200      	movs	r2, #0
10003f92:	4b30      	ldr	r3, [pc, #192]	; (10004054 <_etoa+0x434>)
10003f94:	f7ff fa8d 	bl	100034b2 <__wrap___aeabi_ddiv>
10003f98:	0005      	movs	r5, r0
10003f9a:	000e      	movs	r6, r1
10003f9c:	27c6      	movs	r7, #198	; 0xc6
10003f9e:	990d      	ldr	r1, [sp, #52]	; 0x34
10003fa0:	002b      	movs	r3, r5
10003fa2:	3163      	adds	r1, #99	; 0x63
10003fa4:	428f      	cmp	r7, r1
10003fa6:	41bf      	sbcs	r7, r7
10003fa8:	9928      	ldr	r1, [sp, #160]	; 0xa0
10003faa:	427f      	negs	r7, r7
10003fac:	3704      	adds	r7, #4
10003fae:	0509      	lsls	r1, r1, #20
10003fb0:	d400      	bmi.n	10003fb4 <_etoa+0x394>
10003fb2:	e695      	b.n	10003ce0 <_etoa+0xc0>
10003fb4:	4333      	orrs	r3, r6
10003fb6:	d100      	bne.n	10003fba <_etoa+0x39a>
10003fb8:	e682      	b.n	10003cc0 <_etoa+0xa0>
10003fba:	9c09      	ldr	r4, [sp, #36]	; 0x24
10003fbc:	4a28      	ldr	r2, [pc, #160]	; (10004060 <_etoa+0x440>)
10003fbe:	0021      	movs	r1, r4
10003fc0:	4b28      	ldr	r3, [pc, #160]	; (10004064 <_etoa+0x444>)
10003fc2:	980a      	ldr	r0, [sp, #40]	; 0x28
10003fc4:	f7ff fae4 	bl	10003590 <__wrap___aeabi_dcmpge>
10003fc8:	2800      	cmp	r0, #0
10003fca:	d008      	beq.n	10003fde <_etoa+0x3be>
10003fcc:	2200      	movs	r2, #0
10003fce:	0021      	movs	r1, r4
10003fd0:	4b25      	ldr	r3, [pc, #148]	; (10004068 <_etoa+0x448>)
10003fd2:	980a      	ldr	r0, [sp, #40]	; 0x28
10003fd4:	f7ff face 	bl	10003574 <__wrap___aeabi_dcmplt>
10003fd8:	2800      	cmp	r0, #0
10003fda:	d000      	beq.n	10003fde <_etoa+0x3be>
10003fdc:	e670      	b.n	10003cc0 <_etoa+0xa0>
10003fde:	9b26      	ldr	r3, [sp, #152]	; 0x98
10003fe0:	2b00      	cmp	r3, #0
10003fe2:	d100      	bne.n	10003fe6 <_etoa+0x3c6>
10003fe4:	e67c      	b.n	10003ce0 <_etoa+0xc0>
10003fe6:	9b0e      	ldr	r3, [sp, #56]	; 0x38
10003fe8:	1e5a      	subs	r2, r3, #1
10003fea:	4193      	sbcs	r3, r2
10003fec:	9a26      	ldr	r2, [sp, #152]	; 0x98
10003fee:	1ad3      	subs	r3, r2, r3
10003ff0:	9326      	str	r3, [sp, #152]	; 0x98
10003ff2:	e675      	b.n	10003ce0 <_etoa+0xc0>
10003ff4:	2300      	movs	r3, #0
10003ff6:	2704      	movs	r7, #4
10003ff8:	930d      	str	r3, [sp, #52]	; 0x34
10003ffa:	e671      	b.n	10003ce0 <_etoa+0xc0>
10003ffc:	4643      	mov	r3, r8
10003ffe:	930a      	str	r3, [sp, #40]	; 0x28
10004000:	2380      	movs	r3, #128	; 0x80
10004002:	061b      	lsls	r3, r3, #24
10004004:	4453      	add	r3, sl
10004006:	9309      	str	r3, [sp, #36]	; 0x24
10004008:	e642      	b.n	10003c90 <_etoa+0x70>
1000400a:	2300      	movs	r3, #0
1000400c:	9326      	str	r3, [sp, #152]	; 0x98
1000400e:	e65f      	b.n	10003cd0 <_etoa+0xb0>
10004010:	fffffc01 	.word	0xfffffc01
10004014:	509f79fb 	.word	0x509f79fb
10004018:	3fd34413 	.word	0x3fd34413
1000401c:	8b60c8b3 	.word	0x8b60c8b3
10004020:	3fc68a28 	.word	0x3fc68a28
10004024:	3ff00000 	.word	0x3ff00000
10004028:	3ff80000 	.word	0x3ff80000
1000402c:	636f4361 	.word	0x636f4361
10004030:	3fd287a7 	.word	0x3fd287a7
10004034:	0979a371 	.word	0x0979a371
10004038:	400a934f 	.word	0x400a934f
1000403c:	3fe00000 	.word	0x3fe00000
10004040:	bbb55516 	.word	0xbbb55516
10004044:	40026bb1 	.word	0x40026bb1
10004048:	fefa39ef 	.word	0xfefa39ef
1000404c:	3fe62e42 	.word	0x3fe62e42
10004050:	402c0000 	.word	0x402c0000
10004054:	40240000 	.word	0x40240000
10004058:	40180000 	.word	0x40180000
1000405c:	000003ff 	.word	0x000003ff
10004060:	eb1c432d 	.word	0xeb1c432d
10004064:	3f1a36e2 	.word	0x3f1a36e2
10004068:	412e8480 	.word	0x412e8480

1000406c <_ftoa>:
1000406c:	b5f0      	push	{r4, r5, r6, r7, lr}
1000406e:	464e      	mov	r6, r9
10004070:	46de      	mov	lr, fp
10004072:	4657      	mov	r7, sl
10004074:	4645      	mov	r5, r8
10004076:	b5e0      	push	{r5, r6, r7, lr}
10004078:	b097      	sub	sp, #92	; 0x5c
1000407a:	4699      	mov	r9, r3
1000407c:	9e20      	ldr	r6, [sp, #128]	; 0x80
1000407e:	9f21      	ldr	r7, [sp, #132]	; 0x84
10004080:	9b22      	ldr	r3, [sp, #136]	; 0x88
10004082:	4683      	mov	fp, r0
10004084:	4698      	mov	r8, r3
10004086:	9107      	str	r1, [sp, #28]
10004088:	920c      	str	r2, [sp, #48]	; 0x30
1000408a:	003b      	movs	r3, r7
1000408c:	0032      	movs	r2, r6
1000408e:	0030      	movs	r0, r6
10004090:	0039      	movs	r1, r7
10004092:	f7ff fa8a 	bl	100035aa <__wrap___aeabi_dcmpun>
10004096:	2800      	cmp	r0, #0
10004098:	d000      	beq.n	1000409c <_ftoa+0x30>
1000409a:	e1a9      	b.n	100043f0 <_ftoa+0x384>
1000409c:	2201      	movs	r2, #1
1000409e:	0030      	movs	r0, r6
100040a0:	0039      	movs	r1, r7
100040a2:	4bca      	ldr	r3, [pc, #808]	; (100043cc <_ftoa+0x360>)
100040a4:	4252      	negs	r2, r2
100040a6:	f7ff fa65 	bl	10003574 <__wrap___aeabi_dcmplt>
100040aa:	2800      	cmp	r0, #0
100040ac:	d000      	beq.n	100040b0 <_ftoa+0x44>
100040ae:	e0e1      	b.n	10004274 <_ftoa+0x208>
100040b0:	2201      	movs	r2, #1
100040b2:	0030      	movs	r0, r6
100040b4:	0039      	movs	r1, r7
100040b6:	4bc6      	ldr	r3, [pc, #792]	; (100043d0 <_ftoa+0x364>)
100040b8:	4252      	negs	r2, r2
100040ba:	f7ff fa71 	bl	100035a0 <__wrap___aeabi_dcmpgt>
100040be:	2800      	cmp	r0, #0
100040c0:	d000      	beq.n	100040c4 <_ftoa+0x58>
100040c2:	e0b7      	b.n	10004234 <_ftoa+0x1c8>
100040c4:	2200      	movs	r2, #0
100040c6:	0030      	movs	r0, r6
100040c8:	0039      	movs	r1, r7
100040ca:	4bc2      	ldr	r3, [pc, #776]	; (100043d4 <_ftoa+0x368>)
100040cc:	f7ff fa68 	bl	100035a0 <__wrap___aeabi_dcmpgt>
100040d0:	2800      	cmp	r0, #0
100040d2:	d000      	beq.n	100040d6 <_ftoa+0x6a>
100040d4:	e099      	b.n	1000420a <_ftoa+0x19e>
100040d6:	2200      	movs	r2, #0
100040d8:	0030      	movs	r0, r6
100040da:	0039      	movs	r1, r7
100040dc:	4bbe      	ldr	r3, [pc, #760]	; (100043d8 <_ftoa+0x36c>)
100040de:	f7ff fa49 	bl	10003574 <__wrap___aeabi_dcmplt>
100040e2:	2800      	cmp	r0, #0
100040e4:	d000      	beq.n	100040e8 <_ftoa+0x7c>
100040e6:	e090      	b.n	1000420a <_ftoa+0x19e>
100040e8:	2200      	movs	r2, #0
100040ea:	2300      	movs	r3, #0
100040ec:	0030      	movs	r0, r6
100040ee:	0039      	movs	r1, r7
100040f0:	f7ff fa40 	bl	10003574 <__wrap___aeabi_dcmplt>
100040f4:	2800      	cmp	r0, #0
100040f6:	d000      	beq.n	100040fa <_ftoa+0x8e>
100040f8:	e0b1      	b.n	1000425e <_ftoa+0x1f2>
100040fa:	2300      	movs	r3, #0
100040fc:	930d      	str	r3, [sp, #52]	; 0x34
100040fe:	9b24      	ldr	r3, [sp, #144]	; 0x90
10004100:	055b      	lsls	r3, r3, #21
10004102:	d401      	bmi.n	10004108 <_ftoa+0x9c>
10004104:	2306      	movs	r3, #6
10004106:	4698      	mov	r8, r3
10004108:	ab08      	add	r3, sp, #32
1000410a:	469c      	mov	ip, r3
1000410c:	2217      	movs	r2, #23
1000410e:	2400      	movs	r4, #0
10004110:	2330      	movs	r3, #48	; 0x30
10004112:	4641      	mov	r1, r8
10004114:	4462      	add	r2, ip
10004116:	e004      	b.n	10004122 <_ftoa+0xb6>
10004118:	3401      	adds	r4, #1
1000411a:	5513      	strb	r3, [r2, r4]
1000411c:	3901      	subs	r1, #1
1000411e:	2c20      	cmp	r4, #32
10004120:	d001      	beq.n	10004126 <_ftoa+0xba>
10004122:	2909      	cmp	r1, #9
10004124:	d8f8      	bhi.n	10004118 <_ftoa+0xac>
10004126:	4688      	mov	r8, r1
10004128:	0030      	movs	r0, r6
1000412a:	0039      	movs	r1, r7
1000412c:	f7ff fa66 	bl	100035fc <__wrap___aeabi_d2iz>
10004130:	4643      	mov	r3, r8
10004132:	00da      	lsls	r2, r3, #3
10004134:	4ba9      	ldr	r3, [pc, #676]	; (100043dc <_ftoa+0x370>)
10004136:	0005      	movs	r5, r0
10004138:	189b      	adds	r3, r3, r2
1000413a:	681a      	ldr	r2, [r3, #0]
1000413c:	685b      	ldr	r3, [r3, #4]
1000413e:	9208      	str	r2, [sp, #32]
10004140:	9309      	str	r3, [sp, #36]	; 0x24
10004142:	f7ff fa43 	bl	100035cc <__wrap___aeabi_i2d>
10004146:	0002      	movs	r2, r0
10004148:	000b      	movs	r3, r1
1000414a:	0030      	movs	r0, r6
1000414c:	0039      	movs	r1, r7
1000414e:	f7ff f9a6 	bl	1000349e <__wrap___aeabi_dsub>
10004152:	9a08      	ldr	r2, [sp, #32]
10004154:	9b09      	ldr	r3, [sp, #36]	; 0x24
10004156:	f7ff f9c6 	bl	100034e6 <__wrap___aeabi_dmul>
1000415a:	900a      	str	r0, [sp, #40]	; 0x28
1000415c:	910b      	str	r1, [sp, #44]	; 0x2c
1000415e:	f7ff fa71 	bl	10003644 <__wrap___aeabi_d2uiz>
10004162:	4682      	mov	sl, r0
10004164:	f7ff fa2e 	bl	100035c4 <__wrap___aeabi_ui2d>
10004168:	0002      	movs	r2, r0
1000416a:	000b      	movs	r3, r1
1000416c:	980a      	ldr	r0, [sp, #40]	; 0x28
1000416e:	990b      	ldr	r1, [sp, #44]	; 0x2c
10004170:	f7ff f995 	bl	1000349e <__wrap___aeabi_dsub>
10004174:	2200      	movs	r2, #0
10004176:	4b9a      	ldr	r3, [pc, #616]	; (100043e0 <_ftoa+0x374>)
10004178:	900a      	str	r0, [sp, #40]	; 0x28
1000417a:	910b      	str	r1, [sp, #44]	; 0x2c
1000417c:	f7ff fa10 	bl	100035a0 <__wrap___aeabi_dcmpgt>
10004180:	2800      	cmp	r0, #0
10004182:	d100      	bne.n	10004186 <_ftoa+0x11a>
10004184:	e0c0      	b.n	10004308 <_ftoa+0x29c>
10004186:	2301      	movs	r3, #1
10004188:	469c      	mov	ip, r3
1000418a:	44e2      	add	sl, ip
1000418c:	4650      	mov	r0, sl
1000418e:	f7ff fa19 	bl	100035c4 <__wrap___aeabi_ui2d>
10004192:	0002      	movs	r2, r0
10004194:	000b      	movs	r3, r1
10004196:	9808      	ldr	r0, [sp, #32]
10004198:	9909      	ldr	r1, [sp, #36]	; 0x24
1000419a:	f7ff f9f1 	bl	10003580 <__wrap___aeabi_dcmple>
1000419e:	2800      	cmp	r0, #0
100041a0:	d002      	beq.n	100041a8 <_ftoa+0x13c>
100041a2:	2300      	movs	r3, #0
100041a4:	469a      	mov	sl, r3
100041a6:	3501      	adds	r5, #1
100041a8:	4643      	mov	r3, r8
100041aa:	2b00      	cmp	r3, #0
100041ac:	d06a      	beq.n	10004284 <_ftoa+0x218>
100041ae:	ab08      	add	r3, sp, #32
100041b0:	2617      	movs	r6, #23
100041b2:	469c      	mov	ip, r3
100041b4:	9508      	str	r5, [sp, #32]
100041b6:	4466      	add	r6, ip
100041b8:	4655      	mov	r5, sl
100041ba:	e014      	b.n	100041e6 <_ftoa+0x17a>
100041bc:	2301      	movs	r3, #1
100041be:	425b      	negs	r3, r3
100041c0:	4443      	add	r3, r8
100041c2:	210a      	movs	r1, #10
100041c4:	0028      	movs	r0, r5
100041c6:	469a      	mov	sl, r3
100041c8:	f7fe ff2e 	bl	10003028 <__wrap___aeabi_uidiv>
100041cc:	3401      	adds	r4, #1
100041ce:	3130      	adds	r1, #48	; 0x30
100041d0:	1937      	adds	r7, r6, r4
100041d2:	7039      	strb	r1, [r7, #0]
100041d4:	0028      	movs	r0, r5
100041d6:	210a      	movs	r1, #10
100041d8:	f7fe ff26 	bl	10003028 <__wrap___aeabi_uidiv>
100041dc:	2d09      	cmp	r5, #9
100041de:	d800      	bhi.n	100041e2 <_ftoa+0x176>
100041e0:	e0d0      	b.n	10004384 <_ftoa+0x318>
100041e2:	46d0      	mov	r8, sl
100041e4:	0005      	movs	r5, r0
100041e6:	2c20      	cmp	r4, #32
100041e8:	d1e8      	bne.n	100041bc <_ftoa+0x150>
100041ea:	ab0e      	add	r3, sp, #56	; 0x38
100041ec:	4698      	mov	r8, r3
100041ee:	2303      	movs	r3, #3
100041f0:	9a24      	ldr	r2, [sp, #144]	; 0x90
100041f2:	4013      	ands	r3, r2
100041f4:	2b01      	cmp	r3, #1
100041f6:	d100      	bne.n	100041fa <_ftoa+0x18e>
100041f8:	e096      	b.n	10004328 <_ftoa+0x2bc>
100041fa:	2320      	movs	r3, #32
100041fc:	9a24      	ldr	r2, [sp, #144]	; 0x90
100041fe:	9301      	str	r3, [sp, #4]
10004200:	9203      	str	r2, [sp, #12]
10004202:	9a23      	ldr	r2, [sp, #140]	; 0x8c
10004204:	4643      	mov	r3, r8
10004206:	9202      	str	r2, [sp, #8]
10004208:	e01e      	b.n	10004248 <_ftoa+0x1dc>
1000420a:	9b24      	ldr	r3, [sp, #144]	; 0x90
1000420c:	4658      	mov	r0, fp
1000420e:	9304      	str	r3, [sp, #16]
10004210:	9b23      	ldr	r3, [sp, #140]	; 0x8c
10004212:	9600      	str	r6, [sp, #0]
10004214:	9701      	str	r7, [sp, #4]
10004216:	9303      	str	r3, [sp, #12]
10004218:	4643      	mov	r3, r8
1000421a:	9a0c      	ldr	r2, [sp, #48]	; 0x30
1000421c:	9302      	str	r3, [sp, #8]
1000421e:	9907      	ldr	r1, [sp, #28]
10004220:	464b      	mov	r3, r9
10004222:	f7ff fcfd 	bl	10003c20 <_etoa>
10004226:	b017      	add	sp, #92	; 0x5c
10004228:	bcf0      	pop	{r4, r5, r6, r7}
1000422a:	46bb      	mov	fp, r7
1000422c:	46b2      	mov	sl, r6
1000422e:	46a9      	mov	r9, r5
10004230:	46a0      	mov	r8, r4
10004232:	bdf0      	pop	{r4, r5, r6, r7, pc}
10004234:	9b24      	ldr	r3, [sp, #144]	; 0x90
10004236:	075b      	lsls	r3, r3, #29
10004238:	d40e      	bmi.n	10004258 <_ftoa+0x1ec>
1000423a:	2203      	movs	r2, #3
1000423c:	4b69      	ldr	r3, [pc, #420]	; (100043e4 <_ftoa+0x378>)
1000423e:	9924      	ldr	r1, [sp, #144]	; 0x90
10004240:	9201      	str	r2, [sp, #4]
10004242:	9103      	str	r1, [sp, #12]
10004244:	9923      	ldr	r1, [sp, #140]	; 0x8c
10004246:	9102      	str	r1, [sp, #8]
10004248:	9300      	str	r3, [sp, #0]
1000424a:	4658      	mov	r0, fp
1000424c:	464b      	mov	r3, r9
1000424e:	9a0c      	ldr	r2, [sp, #48]	; 0x30
10004250:	9907      	ldr	r1, [sp, #28]
10004252:	f7ff fba9 	bl	100039a8 <_out_rev>
10004256:	e7e6      	b.n	10004226 <_ftoa+0x1ba>
10004258:	2204      	movs	r2, #4
1000425a:	4b63      	ldr	r3, [pc, #396]	; (100043e8 <_ftoa+0x37c>)
1000425c:	e7ef      	b.n	1000423e <_ftoa+0x1d2>
1000425e:	003b      	movs	r3, r7
10004260:	0032      	movs	r2, r6
10004262:	2000      	movs	r0, #0
10004264:	2100      	movs	r1, #0
10004266:	f7ff f91a 	bl	1000349e <__wrap___aeabi_dsub>
1000426a:	2301      	movs	r3, #1
1000426c:	0006      	movs	r6, r0
1000426e:	000f      	movs	r7, r1
10004270:	930d      	str	r3, [sp, #52]	; 0x34
10004272:	e744      	b.n	100040fe <_ftoa+0x92>
10004274:	9b24      	ldr	r3, [sp, #144]	; 0x90
10004276:	9303      	str	r3, [sp, #12]
10004278:	9b23      	ldr	r3, [sp, #140]	; 0x8c
1000427a:	9302      	str	r3, [sp, #8]
1000427c:	2304      	movs	r3, #4
1000427e:	9301      	str	r3, [sp, #4]
10004280:	4b5a      	ldr	r3, [pc, #360]	; (100043ec <_ftoa+0x380>)
10004282:	e7e1      	b.n	10004248 <_ftoa+0x1dc>
10004284:	0028      	movs	r0, r5
10004286:	f7ff f9a1 	bl	100035cc <__wrap___aeabi_i2d>
1000428a:	0002      	movs	r2, r0
1000428c:	000b      	movs	r3, r1
1000428e:	0030      	movs	r0, r6
10004290:	0039      	movs	r1, r7
10004292:	f7ff f904 	bl	1000349e <__wrap___aeabi_dsub>
10004296:	4b52      	ldr	r3, [pc, #328]	; (100043e0 <_ftoa+0x374>)
10004298:	2200      	movs	r2, #0
1000429a:	0006      	movs	r6, r0
1000429c:	000f      	movs	r7, r1
1000429e:	f7ff f969 	bl	10003574 <__wrap___aeabi_dcmplt>
100042a2:	ab0e      	add	r3, sp, #56	; 0x38
100042a4:	4698      	mov	r8, r3
100042a6:	2800      	cmp	r0, #0
100042a8:	d10a      	bne.n	100042c0 <_ftoa+0x254>
100042aa:	2200      	movs	r2, #0
100042ac:	0030      	movs	r0, r6
100042ae:	0039      	movs	r1, r7
100042b0:	4b4b      	ldr	r3, [pc, #300]	; (100043e0 <_ftoa+0x374>)
100042b2:	f7ff f975 	bl	100035a0 <__wrap___aeabi_dcmpgt>
100042b6:	2800      	cmp	r0, #0
100042b8:	d102      	bne.n	100042c0 <_ftoa+0x254>
100042ba:	07eb      	lsls	r3, r5, #31
100042bc:	d500      	bpl.n	100042c0 <_ftoa+0x254>
100042be:	3501      	adds	r5, #1
100042c0:	2c20      	cmp	r4, #32
100042c2:	d094      	beq.n	100041ee <_ftoa+0x182>
100042c4:	aa08      	add	r2, sp, #32
100042c6:	4694      	mov	ip, r2
100042c8:	2317      	movs	r3, #23
100042ca:	0028      	movs	r0, r5
100042cc:	4463      	add	r3, ip
100042ce:	210a      	movs	r1, #10
100042d0:	3401      	adds	r4, #1
100042d2:	191e      	adds	r6, r3, r4
100042d4:	f7fe fe80 	bl	10002fd8 <__wrap___aeabi_idiv>
100042d8:	3130      	adds	r1, #48	; 0x30
100042da:	0028      	movs	r0, r5
100042dc:	7031      	strb	r1, [r6, #0]
100042de:	210a      	movs	r1, #10
100042e0:	f7fe fe7a 	bl	10002fd8 <__wrap___aeabi_idiv>
100042e4:	1e05      	subs	r5, r0, #0
100042e6:	d1eb      	bne.n	100042c0 <_ftoa+0x254>
100042e8:	2303      	movs	r3, #3
100042ea:	9a24      	ldr	r2, [sp, #144]	; 0x90
100042ec:	4013      	ands	r3, r2
100042ee:	2b01      	cmp	r3, #1
100042f0:	d01b      	beq.n	1000432a <_ftoa+0x2be>
100042f2:	2c20      	cmp	r4, #32
100042f4:	d100      	bne.n	100042f8 <_ftoa+0x28c>
100042f6:	e780      	b.n	100041fa <_ftoa+0x18e>
100042f8:	9b0d      	ldr	r3, [sp, #52]	; 0x34
100042fa:	2b00      	cmp	r3, #0
100042fc:	d035      	beq.n	1000436a <_ftoa+0x2fe>
100042fe:	222d      	movs	r2, #45	; 0x2d
10004300:	4641      	mov	r1, r8
10004302:	1c63      	adds	r3, r4, #1
10004304:	550a      	strb	r2, [r1, r4]
10004306:	e779      	b.n	100041fc <_ftoa+0x190>
10004308:	2200      	movs	r2, #0
1000430a:	980a      	ldr	r0, [sp, #40]	; 0x28
1000430c:	990b      	ldr	r1, [sp, #44]	; 0x2c
1000430e:	4b34      	ldr	r3, [pc, #208]	; (100043e0 <_ftoa+0x374>)
10004310:	f7ff f930 	bl	10003574 <__wrap___aeabi_dcmplt>
10004314:	2800      	cmp	r0, #0
10004316:	d000      	beq.n	1000431a <_ftoa+0x2ae>
10004318:	e746      	b.n	100041a8 <_ftoa+0x13c>
1000431a:	4653      	mov	r3, sl
1000431c:	2b00      	cmp	r3, #0
1000431e:	d151      	bne.n	100043c4 <_ftoa+0x358>
10004320:	2301      	movs	r3, #1
10004322:	469c      	mov	ip, r3
10004324:	44e2      	add	sl, ip
10004326:	e73f      	b.n	100041a8 <_ftoa+0x13c>
10004328:	2420      	movs	r4, #32
1000432a:	9b23      	ldr	r3, [sp, #140]	; 0x8c
1000432c:	2b00      	cmp	r3, #0
1000432e:	d0e0      	beq.n	100042f2 <_ftoa+0x286>
10004330:	9b0d      	ldr	r3, [sp, #52]	; 0x34
10004332:	2b00      	cmp	r3, #0
10004334:	d103      	bne.n	1000433e <_ftoa+0x2d2>
10004336:	9a24      	ldr	r2, [sp, #144]	; 0x90
10004338:	330c      	adds	r3, #12
1000433a:	4213      	tst	r3, r2
1000433c:	d002      	beq.n	10004344 <_ftoa+0x2d8>
1000433e:	9b23      	ldr	r3, [sp, #140]	; 0x8c
10004340:	3b01      	subs	r3, #1
10004342:	9323      	str	r3, [sp, #140]	; 0x8c
10004344:	9b23      	ldr	r3, [sp, #140]	; 0x8c
10004346:	42a3      	cmp	r3, r4
10004348:	d9d3      	bls.n	100042f2 <_ftoa+0x286>
1000434a:	ab08      	add	r3, sp, #32
1000434c:	469c      	mov	ip, r3
1000434e:	2217      	movs	r2, #23
10004350:	2330      	movs	r3, #48	; 0x30
10004352:	4462      	add	r2, ip
10004354:	2c20      	cmp	r4, #32
10004356:	d100      	bne.n	1000435a <_ftoa+0x2ee>
10004358:	e74f      	b.n	100041fa <_ftoa+0x18e>
1000435a:	9923      	ldr	r1, [sp, #140]	; 0x8c
1000435c:	3401      	adds	r4, #1
1000435e:	5513      	strb	r3, [r2, r4]
10004360:	428c      	cmp	r4, r1
10004362:	d0c6      	beq.n	100042f2 <_ftoa+0x286>
10004364:	2c20      	cmp	r4, #32
10004366:	d1f8      	bne.n	1000435a <_ftoa+0x2ee>
10004368:	e747      	b.n	100041fa <_ftoa+0x18e>
1000436a:	9b24      	ldr	r3, [sp, #144]	; 0x90
1000436c:	075b      	lsls	r3, r3, #29
1000436e:	d424      	bmi.n	100043ba <_ftoa+0x34e>
10004370:	9a24      	ldr	r2, [sp, #144]	; 0x90
10004372:	0023      	movs	r3, r4
10004374:	0712      	lsls	r2, r2, #28
10004376:	d400      	bmi.n	1000437a <_ftoa+0x30e>
10004378:	e740      	b.n	100041fc <_ftoa+0x190>
1000437a:	2220      	movs	r2, #32
1000437c:	4641      	mov	r1, r8
1000437e:	3301      	adds	r3, #1
10004380:	550a      	strb	r2, [r1, r4]
10004382:	e73b      	b.n	100041fc <_ftoa+0x190>
10004384:	4657      	mov	r7, sl
10004386:	9d08      	ldr	r5, [sp, #32]
10004388:	2c20      	cmp	r4, #32
1000438a:	d100      	bne.n	1000438e <_ftoa+0x322>
1000438c:	e72d      	b.n	100041ea <_ftoa+0x17e>
1000438e:	0022      	movs	r2, r4
10004390:	2130      	movs	r1, #48	; 0x30
10004392:	4640      	mov	r0, r8
10004394:	2f00      	cmp	r7, #0
10004396:	d009      	beq.n	100043ac <_ftoa+0x340>
10004398:	3201      	adds	r2, #1
1000439a:	54b1      	strb	r1, [r6, r2]
1000439c:	2a20      	cmp	r2, #32
1000439e:	d100      	bne.n	100043a2 <_ftoa+0x336>
100043a0:	e723      	b.n	100041ea <_ftoa+0x17e>
100043a2:	43d3      	mvns	r3, r2
100043a4:	191b      	adds	r3, r3, r4
100043a6:	181b      	adds	r3, r3, r0
100043a8:	2b00      	cmp	r3, #0
100043aa:	d1f5      	bne.n	10004398 <_ftoa+0x32c>
100043ac:	ab0e      	add	r3, sp, #56	; 0x38
100043ae:	4698      	mov	r8, r3
100043b0:	232e      	movs	r3, #46	; 0x2e
100043b2:	4641      	mov	r1, r8
100043b4:	1c54      	adds	r4, r2, #1
100043b6:	548b      	strb	r3, [r1, r2]
100043b8:	e782      	b.n	100042c0 <_ftoa+0x254>
100043ba:	222b      	movs	r2, #43	; 0x2b
100043bc:	4641      	mov	r1, r8
100043be:	1c63      	adds	r3, r4, #1
100043c0:	550a      	strb	r2, [r1, r4]
100043c2:	e71b      	b.n	100041fc <_ftoa+0x190>
100043c4:	07db      	lsls	r3, r3, #31
100043c6:	d400      	bmi.n	100043ca <_ftoa+0x35e>
100043c8:	e6ee      	b.n	100041a8 <_ftoa+0x13c>
100043ca:	e7a9      	b.n	10004320 <_ftoa+0x2b4>
100043cc:	ffefffff 	.word	0xffefffff
100043d0:	7fefffff 	.word	0x7fefffff
100043d4:	41cdcd65 	.word	0x41cdcd65
100043d8:	c1cdcd65 	.word	0xc1cdcd65
100043dc:	100087b8 	.word	0x100087b8
100043e0:	3fe00000 	.word	0x3fe00000
100043e4:	100085c0 	.word	0x100085c0
100043e8:	100085c4 	.word	0x100085c4
100043ec:	100085d0 	.word	0x100085d0
100043f0:	9b24      	ldr	r3, [sp, #144]	; 0x90
100043f2:	9303      	str	r3, [sp, #12]
100043f4:	9b23      	ldr	r3, [sp, #140]	; 0x8c
100043f6:	9302      	str	r3, [sp, #8]
100043f8:	2303      	movs	r3, #3
100043fa:	9301      	str	r3, [sp, #4]
100043fc:	4b00      	ldr	r3, [pc, #0]	; (10004400 <_ftoa+0x394>)
100043fe:	e723      	b.n	10004248 <_ftoa+0x1dc>
10004400:	100085cc 	.word	0x100085cc

10004404 <_vsnprintf>:
10004404:	b5f0      	push	{r4, r5, r6, r7, lr}
10004406:	46de      	mov	lr, fp
10004408:	464e      	mov	r6, r9
1000440a:	4657      	mov	r7, sl
1000440c:	4645      	mov	r5, r8
1000440e:	b5e0      	push	{r5, r6, r7, lr}
10004410:	b09f      	sub	sp, #124	; 0x7c
10004412:	001c      	movs	r4, r3
10004414:	9b28      	ldr	r3, [sp, #160]	; 0xa0
10004416:	4691      	mov	r9, r2
10004418:	9309      	str	r3, [sp, #36]	; 0x24
1000441a:	4ac9      	ldr	r2, [pc, #804]	; (10004740 <_vsnprintf+0x33c>)
1000441c:	4bc9      	ldr	r3, [pc, #804]	; (10004744 <_vsnprintf+0x340>)
1000441e:	468b      	mov	fp, r1
10004420:	9008      	str	r0, [sp, #32]
10004422:	601a      	str	r2, [r3, #0]
10004424:	2900      	cmp	r1, #0
10004426:	d100      	bne.n	1000442a <_vsnprintf+0x26>
10004428:	e218      	b.n	1000485c <_vsnprintf+0x458>
1000442a:	2300      	movs	r3, #0
1000442c:	7820      	ldrb	r0, [r4, #0]
1000442e:	469a      	mov	sl, r3
10004430:	2800      	cmp	r0, #0
10004432:	d100      	bne.n	10004436 <_vsnprintf+0x32>
10004434:	e21a      	b.n	1000486c <_vsnprintf+0x468>
10004436:	0026      	movs	r6, r4
10004438:	001d      	movs	r5, r3
1000443a:	465c      	mov	r4, fp
1000443c:	e00a      	b.n	10004454 <_vsnprintf+0x50>
1000443e:	002a      	movs	r2, r5
10004440:	1c6f      	adds	r7, r5, #1
10004442:	464b      	mov	r3, r9
10004444:	9d08      	ldr	r5, [sp, #32]
10004446:	0021      	movs	r1, r4
10004448:	47a8      	blx	r5
1000444a:	003d      	movs	r5, r7
1000444c:	3601      	adds	r6, #1
1000444e:	7830      	ldrb	r0, [r6, #0]
10004450:	2800      	cmp	r0, #0
10004452:	d070      	beq.n	10004536 <_vsnprintf+0x132>
10004454:	2825      	cmp	r0, #37	; 0x25
10004456:	d1f2      	bne.n	1000443e <_vsnprintf+0x3a>
10004458:	2310      	movs	r3, #16
1000445a:	469b      	mov	fp, r3
1000445c:	3b08      	subs	r3, #8
1000445e:	469a      	mov	sl, r3
10004460:	3b04      	subs	r3, #4
10004462:	4698      	mov	r8, r3
10004464:	3b02      	subs	r3, #2
10004466:	2100      	movs	r1, #0
10004468:	469c      	mov	ip, r3
1000446a:	1c72      	adds	r2, r6, #1
1000446c:	7810      	ldrb	r0, [r2, #0]
1000446e:	0016      	movs	r6, r2
10004470:	0003      	movs	r3, r0
10004472:	3b20      	subs	r3, #32
10004474:	b2db      	uxtb	r3, r3
10004476:	2b10      	cmp	r3, #16
10004478:	d803      	bhi.n	10004482 <_vsnprintf+0x7e>
1000447a:	4fb3      	ldr	r7, [pc, #716]	; (10004748 <_vsnprintf+0x344>)
1000447c:	009b      	lsls	r3, r3, #2
1000447e:	58fb      	ldr	r3, [r7, r3]
10004480:	469f      	mov	pc, r3
10004482:	0003      	movs	r3, r0
10004484:	3b30      	subs	r3, #48	; 0x30
10004486:	2b09      	cmp	r3, #9
10004488:	d932      	bls.n	100044f0 <_vsnprintf+0xec>
1000448a:	2300      	movs	r3, #0
1000448c:	930a      	str	r3, [sp, #40]	; 0x28
1000448e:	282a      	cmp	r0, #42	; 0x2a
10004490:	d068      	beq.n	10004564 <_vsnprintf+0x160>
10004492:	2300      	movs	r3, #0
10004494:	4698      	mov	r8, r3
10004496:	282e      	cmp	r0, #46	; 0x2e
10004498:	d03e      	beq.n	10004518 <_vsnprintf+0x114>
1000449a:	0003      	movs	r3, r0
1000449c:	3b68      	subs	r3, #104	; 0x68
1000449e:	b2db      	uxtb	r3, r3
100044a0:	2b12      	cmp	r3, #18
100044a2:	d81c      	bhi.n	100044de <_vsnprintf+0xda>
100044a4:	4aa9      	ldr	r2, [pc, #676]	; (1000474c <_vsnprintf+0x348>)
100044a6:	009b      	lsls	r3, r3, #2
100044a8:	58d3      	ldr	r3, [r2, r3]
100044aa:	469f      	mov	pc, r3
100044ac:	2301      	movs	r3, #1
100044ae:	3201      	adds	r2, #1
100044b0:	4319      	orrs	r1, r3
100044b2:	e7db      	b.n	1000446c <_vsnprintf+0x68>
100044b4:	4663      	mov	r3, ip
100044b6:	3201      	adds	r2, #1
100044b8:	4319      	orrs	r1, r3
100044ba:	e7d7      	b.n	1000446c <_vsnprintf+0x68>
100044bc:	4643      	mov	r3, r8
100044be:	3201      	adds	r2, #1
100044c0:	4319      	orrs	r1, r3
100044c2:	e7d3      	b.n	1000446c <_vsnprintf+0x68>
100044c4:	465b      	mov	r3, fp
100044c6:	3201      	adds	r2, #1
100044c8:	4319      	orrs	r1, r3
100044ca:	e7cf      	b.n	1000446c <_vsnprintf+0x68>
100044cc:	4653      	mov	r3, sl
100044ce:	3201      	adds	r2, #1
100044d0:	4319      	orrs	r1, r3
100044d2:	e7cb      	b.n	1000446c <_vsnprintf+0x68>
100044d4:	2380      	movs	r3, #128	; 0x80
100044d6:	005b      	lsls	r3, r3, #1
100044d8:	7870      	ldrb	r0, [r6, #1]
100044da:	4319      	orrs	r1, r3
100044dc:	3601      	adds	r6, #1
100044de:	0003      	movs	r3, r0
100044e0:	3b25      	subs	r3, #37	; 0x25
100044e2:	b2db      	uxtb	r3, r3
100044e4:	2b53      	cmp	r3, #83	; 0x53
100044e6:	d8aa      	bhi.n	1000443e <_vsnprintf+0x3a>
100044e8:	4a99      	ldr	r2, [pc, #612]	; (10004750 <_vsnprintf+0x34c>)
100044ea:	009b      	lsls	r3, r3, #2
100044ec:	58d3      	ldr	r3, [r2, r3]
100044ee:	469f      	mov	pc, r3
100044f0:	2700      	movs	r7, #0
100044f2:	0003      	movs	r3, r0
100044f4:	00b8      	lsls	r0, r7, #2
100044f6:	19c0      	adds	r0, r0, r7
100044f8:	3601      	adds	r6, #1
100044fa:	0040      	lsls	r0, r0, #1
100044fc:	18c0      	adds	r0, r0, r3
100044fe:	7833      	ldrb	r3, [r6, #0]
10004500:	3830      	subs	r0, #48	; 0x30
10004502:	001a      	movs	r2, r3
10004504:	3a30      	subs	r2, #48	; 0x30
10004506:	0007      	movs	r7, r0
10004508:	2a09      	cmp	r2, #9
1000450a:	d9f3      	bls.n	100044f4 <_vsnprintf+0xf0>
1000450c:	900a      	str	r0, [sp, #40]	; 0x28
1000450e:	0018      	movs	r0, r3
10004510:	2300      	movs	r3, #0
10004512:	4698      	mov	r8, r3
10004514:	282e      	cmp	r0, #46	; 0x2e
10004516:	d1c0      	bne.n	1000449a <_vsnprintf+0x96>
10004518:	2380      	movs	r3, #128	; 0x80
1000451a:	7870      	ldrb	r0, [r6, #1]
1000451c:	00db      	lsls	r3, r3, #3
1000451e:	4319      	orrs	r1, r3
10004520:	0003      	movs	r3, r0
10004522:	3b30      	subs	r3, #48	; 0x30
10004524:	1c72      	adds	r2, r6, #1
10004526:	2b09      	cmp	r3, #9
10004528:	d800      	bhi.n	1000452c <_vsnprintf+0x128>
1000452a:	e1a1      	b.n	10004870 <_vsnprintf+0x46c>
1000452c:	282a      	cmp	r0, #42	; 0x2a
1000452e:	d100      	bne.n	10004532 <_vsnprintf+0x12e>
10004530:	e1b2      	b.n	10004898 <_vsnprintf+0x494>
10004532:	0016      	movs	r6, r2
10004534:	e7b1      	b.n	1000449a <_vsnprintf+0x96>
10004536:	46a3      	mov	fp, r4
10004538:	46aa      	mov	sl, r5
1000453a:	002c      	movs	r4, r5
1000453c:	45d1      	cmp	r9, sl
1000453e:	d803      	bhi.n	10004548 <_vsnprintf+0x144>
10004540:	2301      	movs	r3, #1
10004542:	425b      	negs	r3, r3
10004544:	444b      	add	r3, r9
10004546:	469a      	mov	sl, r3
10004548:	464b      	mov	r3, r9
1000454a:	4652      	mov	r2, sl
1000454c:	4659      	mov	r1, fp
1000454e:	2000      	movs	r0, #0
10004550:	9d08      	ldr	r5, [sp, #32]
10004552:	47a8      	blx	r5
10004554:	0020      	movs	r0, r4
10004556:	b01f      	add	sp, #124	; 0x7c
10004558:	bcf0      	pop	{r4, r5, r6, r7}
1000455a:	46bb      	mov	fp, r7
1000455c:	46b2      	mov	sl, r6
1000455e:	46a9      	mov	r9, r5
10004560:	46a0      	mov	r8, r4
10004562:	bdf0      	pop	{r4, r5, r6, r7, pc}
10004564:	9b09      	ldr	r3, [sp, #36]	; 0x24
10004566:	cb40      	ldmia	r3!, {r6}
10004568:	960a      	str	r6, [sp, #40]	; 0x28
1000456a:	2e00      	cmp	r6, #0
1000456c:	db03      	blt.n	10004576 <_vsnprintf+0x172>
1000456e:	7850      	ldrb	r0, [r2, #1]
10004570:	9309      	str	r3, [sp, #36]	; 0x24
10004572:	1c56      	adds	r6, r2, #1
10004574:	e78d      	b.n	10004492 <_vsnprintf+0x8e>
10004576:	3828      	subs	r0, #40	; 0x28
10004578:	4301      	orrs	r1, r0
1000457a:	4270      	negs	r0, r6
1000457c:	900a      	str	r0, [sp, #40]	; 0x28
1000457e:	9309      	str	r3, [sp, #36]	; 0x24
10004580:	7850      	ldrb	r0, [r2, #1]
10004582:	1c56      	adds	r6, r2, #1
10004584:	e785      	b.n	10004492 <_vsnprintf+0x8e>
10004586:	2878      	cmp	r0, #120	; 0x78
10004588:	d100      	bne.n	1000458c <_vsnprintf+0x188>
1000458a:	e1df      	b.n	1000494c <_vsnprintf+0x548>
1000458c:	2858      	cmp	r0, #88	; 0x58
1000458e:	d100      	bne.n	10004592 <_vsnprintf+0x18e>
10004590:	e24c      	b.n	10004a2c <_vsnprintf+0x628>
10004592:	286f      	cmp	r0, #111	; 0x6f
10004594:	d100      	bne.n	10004598 <_vsnprintf+0x194>
10004596:	e34f      	b.n	10004c38 <_vsnprintf+0x834>
10004598:	2862      	cmp	r0, #98	; 0x62
1000459a:	d101      	bne.n	100045a0 <_vsnprintf+0x19c>
1000459c:	f000 fc30 	bl	10004e00 <_vsnprintf+0x9fc>
100045a0:	2310      	movs	r3, #16
100045a2:	000a      	movs	r2, r1
100045a4:	439a      	bics	r2, r3
100045a6:	920b      	str	r2, [sp, #44]	; 0x2c
100045a8:	2869      	cmp	r0, #105	; 0x69
100045aa:	d001      	beq.n	100045b0 <_vsnprintf+0x1ac>
100045ac:	f000 fca9 	bl	10004f02 <_vsnprintf+0xafe>
100045b0:	230a      	movs	r3, #10
100045b2:	930c      	str	r3, [sp, #48]	; 0x30
100045b4:	054b      	lsls	r3, r1, #21
100045b6:	d500      	bpl.n	100045ba <_vsnprintf+0x1b6>
100045b8:	e1d0      	b.n	1000495c <_vsnprintf+0x558>
100045ba:	9a0b      	ldr	r2, [sp, #44]	; 0x2c
100045bc:	2380      	movs	r3, #128	; 0x80
100045be:	0011      	movs	r1, r2
100045c0:	009b      	lsls	r3, r3, #2
100045c2:	4019      	ands	r1, r3
100045c4:	468b      	mov	fp, r1
100045c6:	421a      	tst	r2, r3
100045c8:	d000      	beq.n	100045cc <_vsnprintf+0x1c8>
100045ca:	e2a1      	b.n	10004b10 <_vsnprintf+0x70c>
100045cc:	2380      	movs	r3, #128	; 0x80
100045ce:	0011      	movs	r1, r2
100045d0:	005b      	lsls	r3, r3, #1
100045d2:	4019      	ands	r1, r3
100045d4:	468a      	mov	sl, r1
100045d6:	421a      	tst	r2, r3
100045d8:	d000      	beq.n	100045dc <_vsnprintf+0x1d8>
100045da:	e3b6      	b.n	10004d4a <_vsnprintf+0x946>
100045dc:	0013      	movs	r3, r2
100045de:	065b      	lsls	r3, r3, #25
100045e0:	d500      	bpl.n	100045e4 <_vsnprintf+0x1e0>
100045e2:	e2ed      	b.n	10004bc0 <_vsnprintf+0x7bc>
100045e4:	0013      	movs	r3, r2
100045e6:	9909      	ldr	r1, [sp, #36]	; 0x24
100045e8:	061b      	lsls	r3, r3, #24
100045ea:	d401      	bmi.n	100045f0 <_vsnprintf+0x1ec>
100045ec:	f000 fc76 	bl	10004edc <_vsnprintf+0xad8>
100045f0:	c908      	ldmia	r1!, {r3}
100045f2:	b21b      	sxth	r3, r3
100045f4:	17d8      	asrs	r0, r3, #31
100045f6:	181a      	adds	r2, r3, r0
100045f8:	4042      	eors	r2, r0
100045fa:	b292      	uxth	r2, r2
100045fc:	9109      	str	r1, [sp, #36]	; 0x24
100045fe:	4693      	mov	fp, r2
10004600:	0fda      	lsrs	r2, r3, #31
10004602:	9212      	str	r2, [sp, #72]	; 0x48
10004604:	2b00      	cmp	r3, #0
10004606:	d109      	bne.n	1000461c <_vsnprintf+0x218>
10004608:	2380      	movs	r3, #128	; 0x80
1000460a:	2210      	movs	r2, #16
1000460c:	990b      	ldr	r1, [sp, #44]	; 0x2c
1000460e:	00db      	lsls	r3, r3, #3
10004610:	400b      	ands	r3, r1
10004612:	4391      	bics	r1, r2
10004614:	910b      	str	r1, [sp, #44]	; 0x2c
10004616:	2b00      	cmp	r3, #0
10004618:	d000      	beq.n	1000461c <_vsnprintf+0x218>
1000461a:	e2e4      	b.n	10004be6 <_vsnprintf+0x7e2>
1000461c:	9a0b      	ldr	r2, [sp, #44]	; 0x2c
1000461e:	2361      	movs	r3, #97	; 0x61
10004620:	0692      	lsls	r2, r2, #26
10004622:	d500      	bpl.n	10004626 <_vsnprintf+0x222>
10004624:	2341      	movs	r3, #65	; 0x41
10004626:	a90e      	add	r1, sp, #56	; 0x38
10004628:	221f      	movs	r2, #31
1000462a:	468c      	mov	ip, r1
1000462c:	b2db      	uxtb	r3, r3
1000462e:	4462      	add	r2, ip
10004630:	3b0a      	subs	r3, #10
10004632:	465f      	mov	r7, fp
10004634:	9513      	str	r5, [sp, #76]	; 0x4c
10004636:	46a3      	mov	fp, r4
10004638:	4655      	mov	r5, sl
1000463a:	9c0c      	ldr	r4, [sp, #48]	; 0x30
1000463c:	46b2      	mov	sl, r6
1000463e:	930d      	str	r3, [sp, #52]	; 0x34
10004640:	0016      	movs	r6, r2
10004642:	e00a      	b.n	1000465a <_vsnprintf+0x256>
10004644:	3330      	adds	r3, #48	; 0x30
10004646:	b2db      	uxtb	r3, r3
10004648:	3501      	adds	r5, #1
1000464a:	5573      	strb	r3, [r6, r5]
1000464c:	42a7      	cmp	r7, r4
1000464e:	d200      	bcs.n	10004652 <_vsnprintf+0x24e>
10004650:	e2ed      	b.n	10004c2e <_vsnprintf+0x82a>
10004652:	2d20      	cmp	r5, #32
10004654:	d100      	bne.n	10004658 <_vsnprintf+0x254>
10004656:	e2ea      	b.n	10004c2e <_vsnprintf+0x82a>
10004658:	0007      	movs	r7, r0
1000465a:	0021      	movs	r1, r4
1000465c:	0038      	movs	r0, r7
1000465e:	f7fe fce3 	bl	10003028 <__wrap___aeabi_uidiv>
10004662:	b2cb      	uxtb	r3, r1
10004664:	2909      	cmp	r1, #9
10004666:	d9ed      	bls.n	10004644 <_vsnprintf+0x240>
10004668:	9a0d      	ldr	r2, [sp, #52]	; 0x34
1000466a:	4694      	mov	ip, r2
1000466c:	4463      	add	r3, ip
1000466e:	b2db      	uxtb	r3, r3
10004670:	e7ea      	b.n	10004648 <_vsnprintf+0x244>
10004672:	2380      	movs	r3, #128	; 0x80
10004674:	009b      	lsls	r3, r3, #2
10004676:	7870      	ldrb	r0, [r6, #1]
10004678:	4319      	orrs	r1, r3
1000467a:	3601      	adds	r6, #1
1000467c:	e72f      	b.n	100044de <_vsnprintf+0xda>
1000467e:	7870      	ldrb	r0, [r6, #1]
10004680:	2868      	cmp	r0, #104	; 0x68
10004682:	d100      	bne.n	10004686 <_vsnprintf+0x282>
10004684:	e1cd      	b.n	10004a22 <_vsnprintf+0x61e>
10004686:	2380      	movs	r3, #128	; 0x80
10004688:	3601      	adds	r6, #1
1000468a:	4319      	orrs	r1, r3
1000468c:	e727      	b.n	100044de <_vsnprintf+0xda>
1000468e:	7870      	ldrb	r0, [r6, #1]
10004690:	286c      	cmp	r0, #108	; 0x6c
10004692:	d100      	bne.n	10004696 <_vsnprintf+0x292>
10004694:	e1bf      	b.n	10004a16 <_vsnprintf+0x612>
10004696:	2380      	movs	r3, #128	; 0x80
10004698:	005b      	lsls	r3, r3, #1
1000469a:	4319      	orrs	r1, r3
1000469c:	3601      	adds	r6, #1
1000469e:	e71e      	b.n	100044de <_vsnprintf+0xda>
100046a0:	2846      	cmp	r0, #70	; 0x46
100046a2:	d100      	bne.n	100046a6 <_vsnprintf+0x2a2>
100046a4:	e19b      	b.n	100049de <_vsnprintf+0x5da>
100046a6:	2207      	movs	r2, #7
100046a8:	9b09      	ldr	r3, [sp, #36]	; 0x24
100046aa:	9104      	str	r1, [sp, #16]
100046ac:	3307      	adds	r3, #7
100046ae:	4393      	bics	r3, r2
100046b0:	9a0a      	ldr	r2, [sp, #40]	; 0x28
100046b2:	0019      	movs	r1, r3
100046b4:	9203      	str	r2, [sp, #12]
100046b6:	4642      	mov	r2, r8
100046b8:	9202      	str	r2, [sp, #8]
100046ba:	c90c      	ldmia	r1!, {r2, r3}
100046bc:	9808      	ldr	r0, [sp, #32]
100046be:	9200      	str	r2, [sp, #0]
100046c0:	9301      	str	r3, [sp, #4]
100046c2:	9109      	str	r1, [sp, #36]	; 0x24
100046c4:	002a      	movs	r2, r5
100046c6:	464b      	mov	r3, r9
100046c8:	0021      	movs	r1, r4
100046ca:	f7ff fccf 	bl	1000406c <_ftoa>
100046ce:	3601      	adds	r6, #1
100046d0:	0005      	movs	r5, r0
100046d2:	e6bc      	b.n	1000444e <_vsnprintf+0x4a>
100046d4:	002a      	movs	r2, r5
100046d6:	1c6f      	adds	r7, r5, #1
100046d8:	464b      	mov	r3, r9
100046da:	9d08      	ldr	r5, [sp, #32]
100046dc:	0021      	movs	r1, r4
100046de:	2025      	movs	r0, #37	; 0x25
100046e0:	47a8      	blx	r5
100046e2:	3601      	adds	r6, #1
100046e4:	003d      	movs	r5, r7
100046e6:	e6b2      	b.n	1000444e <_vsnprintf+0x4a>
100046e8:	078b      	lsls	r3, r1, #30
100046ea:	d400      	bmi.n	100046ee <_vsnprintf+0x2ea>
100046ec:	e1ad      	b.n	10004a4a <_vsnprintf+0x646>
100046ee:	9b09      	ldr	r3, [sp, #36]	; 0x24
100046f0:	002a      	movs	r2, r5
100046f2:	469a      	mov	sl, r3
100046f4:	1c6b      	adds	r3, r5, #1
100046f6:	4698      	mov	r8, r3
100046f8:	4653      	mov	r3, sl
100046fa:	cb01      	ldmia	r3!, {r0}
100046fc:	0021      	movs	r1, r4
100046fe:	469a      	mov	sl, r3
10004700:	9f08      	ldr	r7, [sp, #32]
10004702:	464b      	mov	r3, r9
10004704:	b2c0      	uxtb	r0, r0
10004706:	47b8      	blx	r7
10004708:	9b0a      	ldr	r3, [sp, #40]	; 0x28
1000470a:	469c      	mov	ip, r3
1000470c:	4465      	add	r5, ip
1000470e:	2b01      	cmp	r3, #1
10004710:	d800      	bhi.n	10004714 <_vsnprintf+0x310>
10004712:	e286      	b.n	10004c22 <_vsnprintf+0x81e>
10004714:	9b08      	ldr	r3, [sp, #32]
10004716:	4647      	mov	r7, r8
10004718:	46b0      	mov	r8, r6
1000471a:	0026      	movs	r6, r4
1000471c:	464c      	mov	r4, r9
1000471e:	4699      	mov	r9, r3
10004720:	003a      	movs	r2, r7
10004722:	0023      	movs	r3, r4
10004724:	3701      	adds	r7, #1
10004726:	0031      	movs	r1, r6
10004728:	2020      	movs	r0, #32
1000472a:	47c8      	blx	r9
1000472c:	42af      	cmp	r7, r5
1000472e:	d1f7      	bne.n	10004720 <_vsnprintf+0x31c>
10004730:	46a1      	mov	r9, r4
10004732:	4653      	mov	r3, sl
10004734:	0034      	movs	r4, r6
10004736:	4646      	mov	r6, r8
10004738:	9309      	str	r3, [sp, #36]	; 0x24
1000473a:	3601      	adds	r6, #1
1000473c:	e687      	b.n	1000444e <_vsnprintf+0x4a>
1000473e:	46c0      	nop			; (mov r8, r8)
10004740:	10004405 	.word	0x10004405
10004744:	20000f40 	.word	0x20000f40
10004748:	100085d8 	.word	0x100085d8
1000474c:	1000861c 	.word	0x1000861c
10004750:	10008668 	.word	0x10008668
10004754:	9b09      	ldr	r3, [sp, #36]	; 0x24
10004756:	cb04      	ldmia	r3!, {r2}
10004758:	469b      	mov	fp, r3
1000475a:	4643      	mov	r3, r8
1000475c:	9209      	str	r2, [sp, #36]	; 0x24
1000475e:	2b00      	cmp	r3, #0
10004760:	d100      	bne.n	10004764 <_vsnprintf+0x360>
10004762:	e0c6      	b.n	100048f2 <_vsnprintf+0x4ee>
10004764:	7813      	ldrb	r3, [r2, #0]
10004766:	469c      	mov	ip, r3
10004768:	2b00      	cmp	r3, #0
1000476a:	d100      	bne.n	1000476e <_vsnprintf+0x36a>
1000476c:	e3bd      	b.n	10004eea <_vsnprintf+0xae6>
1000476e:	4643      	mov	r3, r8
10004770:	3b01      	subs	r3, #1
10004772:	9a09      	ldr	r2, [sp, #36]	; 0x24
10004774:	3301      	adds	r3, #1
10004776:	18d0      	adds	r0, r2, r3
10004778:	9f0a      	ldr	r7, [sp, #40]	; 0x28
1000477a:	0013      	movs	r3, r2
1000477c:	e001      	b.n	10004782 <_vsnprintf+0x37e>
1000477e:	4283      	cmp	r3, r0
10004780:	d003      	beq.n	1000478a <_vsnprintf+0x386>
10004782:	785a      	ldrb	r2, [r3, #1]
10004784:	3301      	adds	r3, #1
10004786:	2a00      	cmp	r2, #0
10004788:	d1f9      	bne.n	1000477e <_vsnprintf+0x37a>
1000478a:	9a09      	ldr	r2, [sp, #36]	; 0x24
1000478c:	970a      	str	r7, [sp, #40]	; 0x28
1000478e:	1a9b      	subs	r3, r3, r2
10004790:	930b      	str	r3, [sp, #44]	; 0x2c
10004792:	2380      	movs	r3, #128	; 0x80
10004794:	000a      	movs	r2, r1
10004796:	00db      	lsls	r3, r3, #3
10004798:	401a      	ands	r2, r3
1000479a:	920c      	str	r2, [sp, #48]	; 0x30
1000479c:	4219      	tst	r1, r3
1000479e:	d004      	beq.n	100047aa <_vsnprintf+0x3a6>
100047a0:	9b0b      	ldr	r3, [sp, #44]	; 0x2c
100047a2:	4543      	cmp	r3, r8
100047a4:	d901      	bls.n	100047aa <_vsnprintf+0x3a6>
100047a6:	4643      	mov	r3, r8
100047a8:	930b      	str	r3, [sp, #44]	; 0x2c
100047aa:	2302      	movs	r3, #2
100047ac:	001a      	movs	r2, r3
100047ae:	400a      	ands	r2, r1
100047b0:	920d      	str	r2, [sp, #52]	; 0x34
100047b2:	420b      	tst	r3, r1
100047b4:	d100      	bne.n	100047b8 <_vsnprintf+0x3b4>
100047b6:	e187      	b.n	10004ac8 <_vsnprintf+0x6c4>
100047b8:	4660      	mov	r0, ip
100047ba:	2800      	cmp	r0, #0
100047bc:	d100      	bne.n	100047c0 <_vsnprintf+0x3bc>
100047be:	e168      	b.n	10004a92 <_vsnprintf+0x68e>
100047c0:	9b0c      	ldr	r3, [sp, #48]	; 0x30
100047c2:	2b00      	cmp	r3, #0
100047c4:	d100      	bne.n	100047c8 <_vsnprintf+0x3c4>
100047c6:	e10d      	b.n	100049e4 <_vsnprintf+0x5e0>
100047c8:	44a8      	add	r8, r5
100047ca:	46c2      	mov	sl, r8
100047cc:	9b09      	ldr	r3, [sp, #36]	; 0x24
100047ce:	4657      	mov	r7, sl
100047d0:	1b5b      	subs	r3, r3, r5
100047d2:	4698      	mov	r8, r3
100047d4:	9b08      	ldr	r3, [sp, #32]
100047d6:	46b2      	mov	sl, r6
100047d8:	002a      	movs	r2, r5
100047da:	0026      	movs	r6, r4
100047dc:	464c      	mov	r4, r9
100047de:	4699      	mov	r9, r3
100047e0:	e009      	b.n	100047f6 <_vsnprintf+0x3f2>
100047e2:	0023      	movs	r3, r4
100047e4:	0031      	movs	r1, r6
100047e6:	1c55      	adds	r5, r2, #1
100047e8:	47c8      	blx	r9
100047ea:	4643      	mov	r3, r8
100047ec:	5d58      	ldrb	r0, [r3, r5]
100047ee:	2800      	cmp	r0, #0
100047f0:	d100      	bne.n	100047f4 <_vsnprintf+0x3f0>
100047f2:	e126      	b.n	10004a42 <_vsnprintf+0x63e>
100047f4:	002a      	movs	r2, r5
100047f6:	4297      	cmp	r7, r2
100047f8:	d1f3      	bne.n	100047e2 <_vsnprintf+0x3de>
100047fa:	46a1      	mov	r9, r4
100047fc:	003d      	movs	r5, r7
100047fe:	0034      	movs	r4, r6
10004800:	4656      	mov	r6, sl
10004802:	9b0d      	ldr	r3, [sp, #52]	; 0x34
10004804:	2b00      	cmp	r3, #0
10004806:	d000      	beq.n	1000480a <_vsnprintf+0x406>
10004808:	e143      	b.n	10004a92 <_vsnprintf+0x68e>
1000480a:	465b      	mov	r3, fp
1000480c:	3601      	adds	r6, #1
1000480e:	9309      	str	r3, [sp, #36]	; 0x24
10004810:	e61d      	b.n	1000444e <_vsnprintf+0x4a>
10004812:	9b09      	ldr	r3, [sp, #36]	; 0x24
10004814:	001a      	movs	r2, r3
10004816:	ca08      	ldmia	r2!, {r3}
10004818:	4692      	mov	sl, r2
1000481a:	2b00      	cmp	r3, #0
1000481c:	d048      	beq.n	100048b0 <_vsnprintf+0x4ac>
1000481e:	2221      	movs	r2, #33	; 0x21
10004820:	4311      	orrs	r1, r2
10004822:	468b      	mov	fp, r1
10004824:	a80e      	add	r0, sp, #56	; 0x38
10004826:	4684      	mov	ip, r0
10004828:	211f      	movs	r1, #31
1000482a:	4461      	add	r1, ip
1000482c:	9509      	str	r5, [sp, #36]	; 0x24
1000482e:	2200      	movs	r2, #0
10004830:	270f      	movs	r7, #15
10004832:	46a4      	mov	ip, r4
10004834:	000d      	movs	r5, r1
10004836:	e002      	b.n	1000483e <_vsnprintf+0x43a>
10004838:	2a20      	cmp	r2, #32
1000483a:	d00c      	beq.n	10004856 <_vsnprintf+0x452>
1000483c:	000b      	movs	r3, r1
1000483e:	003c      	movs	r4, r7
10004840:	401c      	ands	r4, r3
10004842:	0020      	movs	r0, r4
10004844:	3037      	adds	r0, #55	; 0x37
10004846:	2c09      	cmp	r4, #9
10004848:	d800      	bhi.n	1000484c <_vsnprintf+0x448>
1000484a:	3807      	subs	r0, #7
1000484c:	3201      	adds	r2, #1
1000484e:	54a8      	strb	r0, [r5, r2]
10004850:	0919      	lsrs	r1, r3, #4
10004852:	2b0f      	cmp	r3, #15
10004854:	d8f0      	bhi.n	10004838 <_vsnprintf+0x434>
10004856:	4664      	mov	r4, ip
10004858:	9d09      	ldr	r5, [sp, #36]	; 0x24
1000485a:	e032      	b.n	100048c2 <_vsnprintf+0x4be>
1000485c:	4bdc      	ldr	r3, [pc, #880]	; (10004bd0 <_vsnprintf+0x7cc>)
1000485e:	7820      	ldrb	r0, [r4, #0]
10004860:	9308      	str	r3, [sp, #32]
10004862:	2300      	movs	r3, #0
10004864:	469a      	mov	sl, r3
10004866:	2800      	cmp	r0, #0
10004868:	d000      	beq.n	1000486c <_vsnprintf+0x468>
1000486a:	e5e4      	b.n	10004436 <_vsnprintf+0x32>
1000486c:	2400      	movs	r4, #0
1000486e:	e665      	b.n	1000453c <_vsnprintf+0x138>
10004870:	4643      	mov	r3, r8
10004872:	0006      	movs	r6, r0
10004874:	9f0a      	ldr	r7, [sp, #40]	; 0x28
10004876:	0098      	lsls	r0, r3, #2
10004878:	18c0      	adds	r0, r0, r3
1000487a:	3201      	adds	r2, #1
1000487c:	0040      	lsls	r0, r0, #1
1000487e:	1980      	adds	r0, r0, r6
10004880:	7816      	ldrb	r6, [r2, #0]
10004882:	0003      	movs	r3, r0
10004884:	0030      	movs	r0, r6
10004886:	3830      	subs	r0, #48	; 0x30
10004888:	3b30      	subs	r3, #48	; 0x30
1000488a:	2809      	cmp	r0, #9
1000488c:	d9f3      	bls.n	10004876 <_vsnprintf+0x472>
1000488e:	0030      	movs	r0, r6
10004890:	4698      	mov	r8, r3
10004892:	0016      	movs	r6, r2
10004894:	970a      	str	r7, [sp, #40]	; 0x28
10004896:	e600      	b.n	1000449a <_vsnprintf+0x96>
10004898:	9b09      	ldr	r3, [sp, #36]	; 0x24
1000489a:	3602      	adds	r6, #2
1000489c:	cb04      	ldmia	r3!, {r2}
1000489e:	4690      	mov	r8, r2
100048a0:	43d2      	mvns	r2, r2
100048a2:	4640      	mov	r0, r8
100048a4:	17d2      	asrs	r2, r2, #31
100048a6:	4010      	ands	r0, r2
100048a8:	4680      	mov	r8, r0
100048aa:	9309      	str	r3, [sp, #36]	; 0x24
100048ac:	7830      	ldrb	r0, [r6, #0]
100048ae:	e5f4      	b.n	1000449a <_vsnprintf+0x96>
100048b0:	2210      	movs	r2, #16
100048b2:	0008      	movs	r0, r1
100048b4:	4390      	bics	r0, r2
100048b6:	3211      	adds	r2, #17
100048b8:	4310      	orrs	r0, r2
100048ba:	4683      	mov	fp, r0
100048bc:	2200      	movs	r2, #0
100048be:	0549      	lsls	r1, r1, #21
100048c0:	d5b0      	bpl.n	10004824 <_vsnprintf+0x420>
100048c2:	465b      	mov	r3, fp
100048c4:	9306      	str	r3, [sp, #24]
100048c6:	2308      	movs	r3, #8
100048c8:	9305      	str	r3, [sp, #20]
100048ca:	4643      	mov	r3, r8
100048cc:	9304      	str	r3, [sp, #16]
100048ce:	2310      	movs	r3, #16
100048d0:	9303      	str	r3, [sp, #12]
100048d2:	2300      	movs	r3, #0
100048d4:	9302      	str	r3, [sp, #8]
100048d6:	ab16      	add	r3, sp, #88	; 0x58
100048d8:	9201      	str	r2, [sp, #4]
100048da:	9300      	str	r3, [sp, #0]
100048dc:	002a      	movs	r2, r5
100048de:	464b      	mov	r3, r9
100048e0:	0021      	movs	r1, r4
100048e2:	9808      	ldr	r0, [sp, #32]
100048e4:	f7ff f8ae 	bl	10003a44 <_ntoa_format>
100048e8:	4653      	mov	r3, sl
100048ea:	0005      	movs	r5, r0
100048ec:	3601      	adds	r6, #1
100048ee:	9309      	str	r3, [sp, #36]	; 0x24
100048f0:	e5ad      	b.n	1000444e <_vsnprintf+0x4a>
100048f2:	7813      	ldrb	r3, [r2, #0]
100048f4:	469c      	mov	ip, r3
100048f6:	2b00      	cmp	r3, #0
100048f8:	d100      	bne.n	100048fc <_vsnprintf+0x4f8>
100048fa:	e2f7      	b.n	10004eec <_vsnprintf+0xae8>
100048fc:	2302      	movs	r3, #2
100048fe:	425b      	negs	r3, r3
10004900:	e737      	b.n	10004772 <_vsnprintf+0x36e>
10004902:	2320      	movs	r3, #32
10004904:	0002      	movs	r2, r0
10004906:	439a      	bics	r2, r3
10004908:	2a47      	cmp	r2, #71	; 0x47
1000490a:	d104      	bne.n	10004916 <_vsnprintf+0x512>
1000490c:	2380      	movs	r3, #128	; 0x80
1000490e:	011b      	lsls	r3, r3, #4
10004910:	4319      	orrs	r1, r3
10004912:	2302      	movs	r3, #2
10004914:	4398      	bics	r0, r3
10004916:	2845      	cmp	r0, #69	; 0x45
10004918:	d101      	bne.n	1000491e <_vsnprintf+0x51a>
1000491a:	2320      	movs	r3, #32
1000491c:	4319      	orrs	r1, r3
1000491e:	2207      	movs	r2, #7
10004920:	9b09      	ldr	r3, [sp, #36]	; 0x24
10004922:	9104      	str	r1, [sp, #16]
10004924:	3307      	adds	r3, #7
10004926:	4393      	bics	r3, r2
10004928:	9a0a      	ldr	r2, [sp, #40]	; 0x28
1000492a:	0019      	movs	r1, r3
1000492c:	9203      	str	r2, [sp, #12]
1000492e:	4642      	mov	r2, r8
10004930:	9202      	str	r2, [sp, #8]
10004932:	c90c      	ldmia	r1!, {r2, r3}
10004934:	9808      	ldr	r0, [sp, #32]
10004936:	9200      	str	r2, [sp, #0]
10004938:	9301      	str	r3, [sp, #4]
1000493a:	9109      	str	r1, [sp, #36]	; 0x24
1000493c:	002a      	movs	r2, r5
1000493e:	464b      	mov	r3, r9
10004940:	0021      	movs	r1, r4
10004942:	f7ff f96d 	bl	10003c20 <_etoa>
10004946:	3601      	adds	r6, #1
10004948:	0005      	movs	r5, r0
1000494a:	e580      	b.n	1000444e <_vsnprintf+0x4a>
1000494c:	2310      	movs	r3, #16
1000494e:	930c      	str	r3, [sp, #48]	; 0x30
10004950:	230c      	movs	r3, #12
10004952:	000a      	movs	r2, r1
10004954:	439a      	bics	r2, r3
10004956:	920b      	str	r2, [sp, #44]	; 0x2c
10004958:	054b      	lsls	r3, r1, #21
1000495a:	d503      	bpl.n	10004964 <_vsnprintf+0x560>
1000495c:	2301      	movs	r3, #1
1000495e:	9a0b      	ldr	r2, [sp, #44]	; 0x2c
10004960:	439a      	bics	r2, r3
10004962:	920b      	str	r2, [sp, #44]	; 0x2c
10004964:	2869      	cmp	r0, #105	; 0x69
10004966:	d100      	bne.n	1000496a <_vsnprintf+0x566>
10004968:	e627      	b.n	100045ba <_vsnprintf+0x1b6>
1000496a:	2864      	cmp	r0, #100	; 0x64
1000496c:	d100      	bne.n	10004970 <_vsnprintf+0x56c>
1000496e:	e624      	b.n	100045ba <_vsnprintf+0x1b6>
10004970:	9a0b      	ldr	r2, [sp, #44]	; 0x2c
10004972:	2380      	movs	r3, #128	; 0x80
10004974:	0011      	movs	r1, r2
10004976:	009b      	lsls	r3, r3, #2
10004978:	4019      	ands	r1, r3
1000497a:	468b      	mov	fp, r1
1000497c:	421a      	tst	r2, r3
1000497e:	d000      	beq.n	10004982 <_vsnprintf+0x57e>
10004980:	e166      	b.n	10004c50 <_vsnprintf+0x84c>
10004982:	2380      	movs	r3, #128	; 0x80
10004984:	0011      	movs	r1, r2
10004986:	005b      	lsls	r3, r3, #1
10004988:	4019      	ands	r1, r3
1000498a:	468a      	mov	sl, r1
1000498c:	421a      	tst	r2, r3
1000498e:	d000      	beq.n	10004992 <_vsnprintf+0x58e>
10004990:	e239      	b.n	10004e06 <_vsnprintf+0xa02>
10004992:	0013      	movs	r3, r2
10004994:	065b      	lsls	r3, r3, #25
10004996:	d500      	bpl.n	1000499a <_vsnprintf+0x596>
10004998:	e13c      	b.n	10004c14 <_vsnprintf+0x810>
1000499a:	0013      	movs	r3, r2
1000499c:	061b      	lsls	r3, r3, #24
1000499e:	d400      	bmi.n	100049a2 <_vsnprintf+0x59e>
100049a0:	e2a6      	b.n	10004ef0 <_vsnprintf+0xaec>
100049a2:	9b09      	ldr	r3, [sp, #36]	; 0x24
100049a4:	cb04      	ldmia	r3!, {r2}
100049a6:	0412      	lsls	r2, r2, #16
100049a8:	0c12      	lsrs	r2, r2, #16
100049aa:	4693      	mov	fp, r2
100049ac:	9309      	str	r3, [sp, #36]	; 0x24
100049ae:	465b      	mov	r3, fp
100049b0:	2b00      	cmp	r3, #0
100049b2:	d000      	beq.n	100049b6 <_vsnprintf+0x5b2>
100049b4:	e19a      	b.n	10004cec <_vsnprintf+0x8e8>
100049b6:	9a0b      	ldr	r2, [sp, #44]	; 0x2c
100049b8:	3310      	adds	r3, #16
100049ba:	0011      	movs	r1, r2
100049bc:	4399      	bics	r1, r3
100049be:	910b      	str	r1, [sp, #44]	; 0x2c
100049c0:	0552      	lsls	r2, r2, #21
100049c2:	d400      	bmi.n	100049c6 <_vsnprintf+0x5c2>
100049c4:	e192      	b.n	10004cec <_vsnprintf+0x8e8>
100049c6:	2300      	movs	r3, #0
100049c8:	469a      	mov	sl, r3
100049ca:	9b0b      	ldr	r3, [sp, #44]	; 0x2c
100049cc:	9306      	str	r3, [sp, #24]
100049ce:	9b0a      	ldr	r3, [sp, #40]	; 0x28
100049d0:	9305      	str	r3, [sp, #20]
100049d2:	4643      	mov	r3, r8
100049d4:	9304      	str	r3, [sp, #16]
100049d6:	9b0c      	ldr	r3, [sp, #48]	; 0x30
100049d8:	9303      	str	r3, [sp, #12]
100049da:	2300      	movs	r3, #0
100049dc:	e10c      	b.n	10004bf8 <_vsnprintf+0x7f4>
100049de:	2320      	movs	r3, #32
100049e0:	4319      	orrs	r1, r3
100049e2:	e660      	b.n	100046a6 <_vsnprintf+0x2a2>
100049e4:	9b09      	ldr	r3, [sp, #36]	; 0x24
100049e6:	9a0a      	ldr	r2, [sp, #40]	; 0x28
100049e8:	1b5b      	subs	r3, r3, r5
100049ea:	4698      	mov	r8, r3
100049ec:	464b      	mov	r3, r9
100049ee:	4691      	mov	r9, r2
100049f0:	001f      	movs	r7, r3
100049f2:	46b2      	mov	sl, r6
100049f4:	0026      	movs	r6, r4
100049f6:	9c08      	ldr	r4, [sp, #32]
100049f8:	002a      	movs	r2, r5
100049fa:	003b      	movs	r3, r7
100049fc:	0031      	movs	r1, r6
100049fe:	47a0      	blx	r4
10004a00:	4643      	mov	r3, r8
10004a02:	3501      	adds	r5, #1
10004a04:	5d58      	ldrb	r0, [r3, r5]
10004a06:	2800      	cmp	r0, #0
10004a08:	d1f6      	bne.n	100049f8 <_vsnprintf+0x5f4>
10004a0a:	464a      	mov	r2, r9
10004a0c:	0034      	movs	r4, r6
10004a0e:	46b9      	mov	r9, r7
10004a10:	4656      	mov	r6, sl
10004a12:	920a      	str	r2, [sp, #40]	; 0x28
10004a14:	e6f5      	b.n	10004802 <_vsnprintf+0x3fe>
10004a16:	23c0      	movs	r3, #192	; 0xc0
10004a18:	009b      	lsls	r3, r3, #2
10004a1a:	78b0      	ldrb	r0, [r6, #2]
10004a1c:	4319      	orrs	r1, r3
10004a1e:	3602      	adds	r6, #2
10004a20:	e55d      	b.n	100044de <_vsnprintf+0xda>
10004a22:	23c0      	movs	r3, #192	; 0xc0
10004a24:	78b0      	ldrb	r0, [r6, #2]
10004a26:	4319      	orrs	r1, r3
10004a28:	3602      	adds	r6, #2
10004a2a:	e558      	b.n	100044de <_vsnprintf+0xda>
10004a2c:	230c      	movs	r3, #12
10004a2e:	000a      	movs	r2, r1
10004a30:	439a      	bics	r2, r3
10004a32:	3314      	adds	r3, #20
10004a34:	431a      	orrs	r2, r3
10004a36:	3b10      	subs	r3, #16
10004a38:	920b      	str	r2, [sp, #44]	; 0x2c
10004a3a:	930c      	str	r3, [sp, #48]	; 0x30
10004a3c:	054b      	lsls	r3, r1, #21
10004a3e:	d48d      	bmi.n	1000495c <_vsnprintf+0x558>
10004a40:	e796      	b.n	10004970 <_vsnprintf+0x56c>
10004a42:	46a1      	mov	r9, r4
10004a44:	0034      	movs	r4, r6
10004a46:	4656      	mov	r6, sl
10004a48:	e6db      	b.n	10004802 <_vsnprintf+0x3fe>
10004a4a:	9a0a      	ldr	r2, [sp, #40]	; 0x28
10004a4c:	2a01      	cmp	r2, #1
10004a4e:	d800      	bhi.n	10004a52 <_vsnprintf+0x64e>
10004a50:	e253      	b.n	10004efa <_vsnprintf+0xaf6>
10004a52:	1e6b      	subs	r3, r5, #1
10004a54:	189f      	adds	r7, r3, r2
10004a56:	9b08      	ldr	r3, [sp, #32]
10004a58:	46b0      	mov	r8, r6
10004a5a:	0026      	movs	r6, r4
10004a5c:	464c      	mov	r4, r9
10004a5e:	4699      	mov	r9, r3
10004a60:	002a      	movs	r2, r5
10004a62:	0023      	movs	r3, r4
10004a64:	3501      	adds	r5, #1
10004a66:	0031      	movs	r1, r6
10004a68:	2020      	movs	r0, #32
10004a6a:	47c8      	blx	r9
10004a6c:	42bd      	cmp	r5, r7
10004a6e:	d1f7      	bne.n	10004a60 <_vsnprintf+0x65c>
10004a70:	46a1      	mov	r9, r4
10004a72:	0034      	movs	r4, r6
10004a74:	4646      	mov	r6, r8
10004a76:	9b09      	ldr	r3, [sp, #36]	; 0x24
10004a78:	003a      	movs	r2, r7
10004a7a:	cb01      	ldmia	r3!, {r0}
10004a7c:	0021      	movs	r1, r4
10004a7e:	4698      	mov	r8, r3
10004a80:	1c7d      	adds	r5, r7, #1
10004a82:	464b      	mov	r3, r9
10004a84:	9f08      	ldr	r7, [sp, #32]
10004a86:	b2c0      	uxtb	r0, r0
10004a88:	47b8      	blx	r7
10004a8a:	4643      	mov	r3, r8
10004a8c:	3601      	adds	r6, #1
10004a8e:	9309      	str	r3, [sp, #36]	; 0x24
10004a90:	e4dd      	b.n	1000444e <_vsnprintf+0x4a>
10004a92:	9b0b      	ldr	r3, [sp, #44]	; 0x2c
10004a94:	9a0a      	ldr	r2, [sp, #40]	; 0x28
10004a96:	46a8      	mov	r8, r5
10004a98:	429a      	cmp	r2, r3
10004a9a:	d800      	bhi.n	10004a9e <_vsnprintf+0x69a>
10004a9c:	e6b5      	b.n	1000480a <_vsnprintf+0x406>
10004a9e:	4694      	mov	ip, r2
10004aa0:	4465      	add	r5, ip
10004aa2:	1aed      	subs	r5, r5, r3
10004aa4:	9b08      	ldr	r3, [sp, #32]
10004aa6:	4647      	mov	r7, r8
10004aa8:	46b0      	mov	r8, r6
10004aaa:	0026      	movs	r6, r4
10004aac:	464c      	mov	r4, r9
10004aae:	4699      	mov	r9, r3
10004ab0:	003a      	movs	r2, r7
10004ab2:	0023      	movs	r3, r4
10004ab4:	3701      	adds	r7, #1
10004ab6:	0031      	movs	r1, r6
10004ab8:	2020      	movs	r0, #32
10004aba:	47c8      	blx	r9
10004abc:	42af      	cmp	r7, r5
10004abe:	d1f7      	bne.n	10004ab0 <_vsnprintf+0x6ac>
10004ac0:	46a1      	mov	r9, r4
10004ac2:	0034      	movs	r4, r6
10004ac4:	4646      	mov	r6, r8
10004ac6:	e6a0      	b.n	1000480a <_vsnprintf+0x406>
10004ac8:	9a0b      	ldr	r2, [sp, #44]	; 0x2c
10004aca:	990a      	ldr	r1, [sp, #40]	; 0x28
10004acc:	1c53      	adds	r3, r2, #1
10004ace:	4291      	cmp	r1, r2
10004ad0:	d800      	bhi.n	10004ad4 <_vsnprintf+0x6d0>
10004ad2:	e214      	b.n	10004efe <_vsnprintf+0xafa>
10004ad4:	194b      	adds	r3, r1, r5
10004ad6:	1a9b      	subs	r3, r3, r2
10004ad8:	001f      	movs	r7, r3
10004ada:	9b08      	ldr	r3, [sp, #32]
10004adc:	46b2      	mov	sl, r6
10004ade:	0026      	movs	r6, r4
10004ae0:	464c      	mov	r4, r9
10004ae2:	4699      	mov	r9, r3
10004ae4:	002a      	movs	r2, r5
10004ae6:	0023      	movs	r3, r4
10004ae8:	3501      	adds	r5, #1
10004aea:	0031      	movs	r1, r6
10004aec:	2020      	movs	r0, #32
10004aee:	47c8      	blx	r9
10004af0:	42bd      	cmp	r5, r7
10004af2:	d1f7      	bne.n	10004ae4 <_vsnprintf+0x6e0>
10004af4:	9b0a      	ldr	r3, [sp, #40]	; 0x28
10004af6:	46a1      	mov	r9, r4
10004af8:	3301      	adds	r3, #1
10004afa:	930b      	str	r3, [sp, #44]	; 0x2c
10004afc:	9b09      	ldr	r3, [sp, #36]	; 0x24
10004afe:	0034      	movs	r4, r6
10004b00:	781b      	ldrb	r3, [r3, #0]
10004b02:	4656      	mov	r6, sl
10004b04:	469c      	mov	ip, r3
10004b06:	4660      	mov	r0, ip
10004b08:	2800      	cmp	r0, #0
10004b0a:	d000      	beq.n	10004b0e <_vsnprintf+0x70a>
10004b0c:	e658      	b.n	100047c0 <_vsnprintf+0x3bc>
10004b0e:	e67c      	b.n	1000480a <_vsnprintf+0x406>
10004b10:	2207      	movs	r2, #7
10004b12:	9b09      	ldr	r3, [sp, #36]	; 0x24
10004b14:	3307      	adds	r3, #7
10004b16:	4393      	bics	r3, r2
10004b18:	3201      	adds	r2, #1
10004b1a:	4694      	mov	ip, r2
10004b1c:	449c      	add	ip, r3
10004b1e:	4662      	mov	r2, ip
10004b20:	685f      	ldr	r7, [r3, #4]
10004b22:	9209      	str	r2, [sp, #36]	; 0x24
10004b24:	681a      	ldr	r2, [r3, #0]
10004b26:	17fb      	asrs	r3, r7, #31
10004b28:	9310      	str	r3, [sp, #64]	; 0x40
10004b2a:	9311      	str	r3, [sp, #68]	; 0x44
10004b2c:	9810      	ldr	r0, [sp, #64]	; 0x40
10004b2e:	9911      	ldr	r1, [sp, #68]	; 0x44
10004b30:	0003      	movs	r3, r0
10004b32:	4053      	eors	r3, r2
10004b34:	930e      	str	r3, [sp, #56]	; 0x38
10004b36:	000b      	movs	r3, r1
10004b38:	407b      	eors	r3, r7
10004b3a:	930f      	str	r3, [sp, #60]	; 0x3c
10004b3c:	4694      	mov	ip, r2
10004b3e:	9a0e      	ldr	r2, [sp, #56]	; 0x38
10004b40:	9b0f      	ldr	r3, [sp, #60]	; 0x3c
10004b42:	1a12      	subs	r2, r2, r0
10004b44:	418b      	sbcs	r3, r1
10004b46:	920e      	str	r2, [sp, #56]	; 0x38
10004b48:	930f      	str	r3, [sp, #60]	; 0x3c
10004b4a:	0ffb      	lsrs	r3, r7, #31
10004b4c:	4662      	mov	r2, ip
10004b4e:	9312      	str	r3, [sp, #72]	; 0x48
10004b50:	2300      	movs	r3, #0
10004b52:	433a      	orrs	r2, r7
10004b54:	469b      	mov	fp, r3
10004b56:	d03d      	beq.n	10004bd4 <_vsnprintf+0x7d0>
10004b58:	9a0b      	ldr	r2, [sp, #44]	; 0x2c
10004b5a:	2361      	movs	r3, #97	; 0x61
10004b5c:	0692      	lsls	r2, r2, #26
10004b5e:	d500      	bpl.n	10004b62 <_vsnprintf+0x75e>
10004b60:	2341      	movs	r3, #65	; 0x41
10004b62:	2200      	movs	r2, #0
10004b64:	b2db      	uxtb	r3, r3
10004b66:	a90e      	add	r1, sp, #56	; 0x38
10004b68:	3b0a      	subs	r3, #10
10004b6a:	468c      	mov	ip, r1
10004b6c:	4692      	mov	sl, r2
10004b6e:	930d      	str	r3, [sp, #52]	; 0x34
10004b70:	4643      	mov	r3, r8
10004b72:	321f      	adds	r2, #31
10004b74:	4462      	add	r2, ip
10004b76:	9513      	str	r5, [sp, #76]	; 0x4c
10004b78:	9615      	str	r6, [sp, #84]	; 0x54
10004b7a:	4655      	mov	r5, sl
10004b7c:	9e0e      	ldr	r6, [sp, #56]	; 0x38
10004b7e:	9f0f      	ldr	r7, [sp, #60]	; 0x3c
10004b80:	46a2      	mov	sl, r4
10004b82:	4690      	mov	r8, r2
10004b84:	9c0c      	ldr	r4, [sp, #48]	; 0x30
10004b86:	9314      	str	r3, [sp, #80]	; 0x50
10004b88:	e00c      	b.n	10004ba4 <_vsnprintf+0x7a0>
10004b8a:	3230      	adds	r2, #48	; 0x30
10004b8c:	b2d2      	uxtb	r2, r2
10004b8e:	4643      	mov	r3, r8
10004b90:	3501      	adds	r5, #1
10004b92:	555a      	strb	r2, [r3, r5]
10004b94:	45bb      	cmp	fp, r7
10004b96:	d100      	bne.n	10004b9a <_vsnprintf+0x796>
10004b98:	e18a      	b.n	10004eb0 <_vsnprintf+0xaac>
10004b9a:	2d20      	cmp	r5, #32
10004b9c:	d100      	bne.n	10004ba0 <_vsnprintf+0x79c>
10004b9e:	e18a      	b.n	10004eb6 <_vsnprintf+0xab2>
10004ba0:	0006      	movs	r6, r0
10004ba2:	000f      	movs	r7, r1
10004ba4:	0022      	movs	r2, r4
10004ba6:	2300      	movs	r3, #0
10004ba8:	0030      	movs	r0, r6
10004baa:	0039      	movs	r1, r7
10004bac:	f7fe fa7a 	bl	100030a4 <__wrap___aeabi_uldivmod>
10004bb0:	b2d2      	uxtb	r2, r2
10004bb2:	2a09      	cmp	r2, #9
10004bb4:	d9e9      	bls.n	10004b8a <_vsnprintf+0x786>
10004bb6:	9b0d      	ldr	r3, [sp, #52]	; 0x34
10004bb8:	469c      	mov	ip, r3
10004bba:	4462      	add	r2, ip
10004bbc:	b2d2      	uxtb	r2, r2
10004bbe:	e7e6      	b.n	10004b8e <_vsnprintf+0x78a>
10004bc0:	23ff      	movs	r3, #255	; 0xff
10004bc2:	9909      	ldr	r1, [sp, #36]	; 0x24
10004bc4:	c904      	ldmia	r1!, {r2}
10004bc6:	4013      	ands	r3, r2
10004bc8:	001a      	movs	r2, r3
10004bca:	9109      	str	r1, [sp, #36]	; 0x24
10004bcc:	e517      	b.n	100045fe <_vsnprintf+0x1fa>
10004bce:	46c0      	nop			; (mov r8, r8)
10004bd0:	100039a5 	.word	0x100039a5
10004bd4:	9a0b      	ldr	r2, [sp, #44]	; 0x2c
10004bd6:	3310      	adds	r3, #16
10004bd8:	0011      	movs	r1, r2
10004bda:	4399      	bics	r1, r3
10004bdc:	910b      	str	r1, [sp, #44]	; 0x2c
10004bde:	0552      	lsls	r2, r2, #21
10004be0:	d5ba      	bpl.n	10004b58 <_vsnprintf+0x754>
10004be2:	2300      	movs	r3, #0
10004be4:	469a      	mov	sl, r3
10004be6:	9b0b      	ldr	r3, [sp, #44]	; 0x2c
10004be8:	9306      	str	r3, [sp, #24]
10004bea:	9b0a      	ldr	r3, [sp, #40]	; 0x28
10004bec:	9305      	str	r3, [sp, #20]
10004bee:	4643      	mov	r3, r8
10004bf0:	9304      	str	r3, [sp, #16]
10004bf2:	9b0c      	ldr	r3, [sp, #48]	; 0x30
10004bf4:	9303      	str	r3, [sp, #12]
10004bf6:	9b12      	ldr	r3, [sp, #72]	; 0x48
10004bf8:	9302      	str	r3, [sp, #8]
10004bfa:	4653      	mov	r3, sl
10004bfc:	9301      	str	r3, [sp, #4]
10004bfe:	ab16      	add	r3, sp, #88	; 0x58
10004c00:	002a      	movs	r2, r5
10004c02:	9300      	str	r3, [sp, #0]
10004c04:	0021      	movs	r1, r4
10004c06:	464b      	mov	r3, r9
10004c08:	9808      	ldr	r0, [sp, #32]
10004c0a:	f7fe ff1b 	bl	10003a44 <_ntoa_format>
10004c0e:	3601      	adds	r6, #1
10004c10:	0005      	movs	r5, r0
10004c12:	e41c      	b.n	1000444e <_vsnprintf+0x4a>
10004c14:	22ff      	movs	r2, #255	; 0xff
10004c16:	9b09      	ldr	r3, [sp, #36]	; 0x24
10004c18:	cb02      	ldmia	r3!, {r1}
10004c1a:	4011      	ands	r1, r2
10004c1c:	468b      	mov	fp, r1
10004c1e:	9309      	str	r3, [sp, #36]	; 0x24
10004c20:	e6c5      	b.n	100049ae <_vsnprintf+0x5aa>
10004c22:	4653      	mov	r3, sl
10004c24:	4645      	mov	r5, r8
10004c26:	9309      	str	r3, [sp, #36]	; 0x24
10004c28:	3601      	adds	r6, #1
10004c2a:	f7ff fc10 	bl	1000444e <_vsnprintf+0x4a>
10004c2e:	4656      	mov	r6, sl
10004c30:	465c      	mov	r4, fp
10004c32:	46aa      	mov	sl, r5
10004c34:	9d13      	ldr	r5, [sp, #76]	; 0x4c
10004c36:	e7d6      	b.n	10004be6 <_vsnprintf+0x7e2>
10004c38:	2308      	movs	r3, #8
10004c3a:	930c      	str	r3, [sp, #48]	; 0x30
10004c3c:	910b      	str	r1, [sp, #44]	; 0x2c
10004c3e:	990b      	ldr	r1, [sp, #44]	; 0x2c
10004c40:	2864      	cmp	r0, #100	; 0x64
10004c42:	d000      	beq.n	10004c46 <_vsnprintf+0x842>
10004c44:	e684      	b.n	10004950 <_vsnprintf+0x54c>
10004c46:	9b0b      	ldr	r3, [sp, #44]	; 0x2c
10004c48:	055b      	lsls	r3, r3, #21
10004c4a:	d500      	bpl.n	10004c4e <_vsnprintf+0x84a>
10004c4c:	e686      	b.n	1000495c <_vsnprintf+0x558>
10004c4e:	e4b4      	b.n	100045ba <_vsnprintf+0x1b6>
10004c50:	2207      	movs	r2, #7
10004c52:	9b09      	ldr	r3, [sp, #36]	; 0x24
10004c54:	3307      	adds	r3, #7
10004c56:	4393      	bics	r3, r2
10004c58:	3201      	adds	r2, #1
10004c5a:	4694      	mov	ip, r2
10004c5c:	449c      	add	ip, r3
10004c5e:	4662      	mov	r2, ip
10004c60:	9209      	str	r2, [sp, #36]	; 0x24
10004c62:	681a      	ldr	r2, [r3, #0]
10004c64:	685b      	ldr	r3, [r3, #4]
10004c66:	0010      	movs	r0, r2
10004c68:	469b      	mov	fp, r3
10004c6a:	0013      	movs	r3, r2
10004c6c:	465a      	mov	r2, fp
10004c6e:	4313      	orrs	r3, r2
10004c70:	d107      	bne.n	10004c82 <_vsnprintf+0x87e>
10004c72:	9a0b      	ldr	r2, [sp, #44]	; 0x2c
10004c74:	3310      	adds	r3, #16
10004c76:	0011      	movs	r1, r2
10004c78:	4399      	bics	r1, r3
10004c7a:	910b      	str	r1, [sp, #44]	; 0x2c
10004c7c:	0552      	lsls	r2, r2, #21
10004c7e:	d500      	bpl.n	10004c82 <_vsnprintf+0x87e>
10004c80:	e6a1      	b.n	100049c6 <_vsnprintf+0x5c2>
10004c82:	9a0b      	ldr	r2, [sp, #44]	; 0x2c
10004c84:	2361      	movs	r3, #97	; 0x61
10004c86:	0692      	lsls	r2, r2, #26
10004c88:	d500      	bpl.n	10004c8c <_vsnprintf+0x888>
10004c8a:	2341      	movs	r3, #65	; 0x41
10004c8c:	2200      	movs	r2, #0
10004c8e:	b2db      	uxtb	r3, r3
10004c90:	a90e      	add	r1, sp, #56	; 0x38
10004c92:	3b0a      	subs	r3, #10
10004c94:	468c      	mov	ip, r1
10004c96:	4692      	mov	sl, r2
10004c98:	930d      	str	r3, [sp, #52]	; 0x34
10004c9a:	4643      	mov	r3, r8
10004c9c:	321f      	adds	r2, #31
10004c9e:	4462      	add	r2, ip
10004ca0:	465f      	mov	r7, fp
10004ca2:	9512      	str	r5, [sp, #72]	; 0x48
10004ca4:	46a3      	mov	fp, r4
10004ca6:	4655      	mov	r5, sl
10004ca8:	0004      	movs	r4, r0
10004caa:	46b2      	mov	sl, r6
10004cac:	4690      	mov	r8, r2
10004cae:	9e0c      	ldr	r6, [sp, #48]	; 0x30
10004cb0:	9313      	str	r3, [sp, #76]	; 0x4c
10004cb2:	e00d      	b.n	10004cd0 <_vsnprintf+0x8cc>
10004cb4:	3230      	adds	r2, #48	; 0x30
10004cb6:	b2d2      	uxtb	r2, r2
10004cb8:	4643      	mov	r3, r8
10004cba:	3501      	adds	r5, #1
10004cbc:	555a      	strb	r2, [r3, r5]
10004cbe:	2300      	movs	r3, #0
10004cc0:	42bb      	cmp	r3, r7
10004cc2:	d100      	bne.n	10004cc6 <_vsnprintf+0x8c2>
10004cc4:	e100      	b.n	10004ec8 <_vsnprintf+0xac4>
10004cc6:	2d20      	cmp	r5, #32
10004cc8:	d100      	bne.n	10004ccc <_vsnprintf+0x8c8>
10004cca:	e100      	b.n	10004ece <_vsnprintf+0xaca>
10004ccc:	0004      	movs	r4, r0
10004cce:	000f      	movs	r7, r1
10004cd0:	0032      	movs	r2, r6
10004cd2:	2300      	movs	r3, #0
10004cd4:	0020      	movs	r0, r4
10004cd6:	0039      	movs	r1, r7
10004cd8:	f7fe f9e4 	bl	100030a4 <__wrap___aeabi_uldivmod>
10004cdc:	b2d2      	uxtb	r2, r2
10004cde:	2a09      	cmp	r2, #9
10004ce0:	d9e8      	bls.n	10004cb4 <_vsnprintf+0x8b0>
10004ce2:	9b0d      	ldr	r3, [sp, #52]	; 0x34
10004ce4:	469c      	mov	ip, r3
10004ce6:	4462      	add	r2, ip
10004ce8:	b2d2      	uxtb	r2, r2
10004cea:	e7e5      	b.n	10004cb8 <_vsnprintf+0x8b4>
10004cec:	9a0b      	ldr	r2, [sp, #44]	; 0x2c
10004cee:	2361      	movs	r3, #97	; 0x61
10004cf0:	0692      	lsls	r2, r2, #26
10004cf2:	d500      	bpl.n	10004cf6 <_vsnprintf+0x8f2>
10004cf4:	2341      	movs	r3, #65	; 0x41
10004cf6:	b2db      	uxtb	r3, r3
10004cf8:	a90e      	add	r1, sp, #56	; 0x38
10004cfa:	3b0a      	subs	r3, #10
10004cfc:	221f      	movs	r2, #31
10004cfe:	468c      	mov	ip, r1
10004d00:	930d      	str	r3, [sp, #52]	; 0x34
10004d02:	0023      	movs	r3, r4
10004d04:	4462      	add	r2, ip
10004d06:	465c      	mov	r4, fp
10004d08:	9512      	str	r5, [sp, #72]	; 0x48
10004d0a:	0017      	movs	r7, r2
10004d0c:	4655      	mov	r5, sl
10004d0e:	469b      	mov	fp, r3
10004d10:	46b2      	mov	sl, r6
10004d12:	9e0c      	ldr	r6, [sp, #48]	; 0x30
10004d14:	e008      	b.n	10004d28 <_vsnprintf+0x924>
10004d16:	3330      	adds	r3, #48	; 0x30
10004d18:	b2db      	uxtb	r3, r3
10004d1a:	3501      	adds	r5, #1
10004d1c:	557b      	strb	r3, [r7, r5]
10004d1e:	42b4      	cmp	r4, r6
10004d20:	d30e      	bcc.n	10004d40 <_vsnprintf+0x93c>
10004d22:	2d20      	cmp	r5, #32
10004d24:	d00c      	beq.n	10004d40 <_vsnprintf+0x93c>
10004d26:	0004      	movs	r4, r0
10004d28:	0031      	movs	r1, r6
10004d2a:	0020      	movs	r0, r4
10004d2c:	f7fe f97c 	bl	10003028 <__wrap___aeabi_uidiv>
10004d30:	b2cb      	uxtb	r3, r1
10004d32:	2909      	cmp	r1, #9
10004d34:	d9ef      	bls.n	10004d16 <_vsnprintf+0x912>
10004d36:	9a0d      	ldr	r2, [sp, #52]	; 0x34
10004d38:	4694      	mov	ip, r2
10004d3a:	4463      	add	r3, ip
10004d3c:	b2db      	uxtb	r3, r3
10004d3e:	e7ec      	b.n	10004d1a <_vsnprintf+0x916>
10004d40:	4656      	mov	r6, sl
10004d42:	465c      	mov	r4, fp
10004d44:	46aa      	mov	sl, r5
10004d46:	9d12      	ldr	r5, [sp, #72]	; 0x48
10004d48:	e63f      	b.n	100049ca <_vsnprintf+0x5c6>
10004d4a:	9b09      	ldr	r3, [sp, #36]	; 0x24
10004d4c:	001a      	movs	r2, r3
10004d4e:	ca08      	ldmia	r2!, {r3}
10004d50:	17d9      	asrs	r1, r3, #31
10004d52:	9213      	str	r2, [sp, #76]	; 0x4c
10004d54:	185a      	adds	r2, r3, r1
10004d56:	404a      	eors	r2, r1
10004d58:	4692      	mov	sl, r2
10004d5a:	0fda      	lsrs	r2, r3, #31
10004d5c:	9212      	str	r2, [sp, #72]	; 0x48
10004d5e:	2b00      	cmp	r3, #0
10004d60:	d108      	bne.n	10004d74 <_vsnprintf+0x970>
10004d62:	2380      	movs	r3, #128	; 0x80
10004d64:	2210      	movs	r2, #16
10004d66:	990b      	ldr	r1, [sp, #44]	; 0x2c
10004d68:	00db      	lsls	r3, r3, #3
10004d6a:	400b      	ands	r3, r1
10004d6c:	4391      	bics	r1, r2
10004d6e:	910b      	str	r1, [sp, #44]	; 0x2c
10004d70:	2b00      	cmp	r3, #0
10004d72:	d12b      	bne.n	10004dcc <_vsnprintf+0x9c8>
10004d74:	9a0b      	ldr	r2, [sp, #44]	; 0x2c
10004d76:	2361      	movs	r3, #97	; 0x61
10004d78:	0692      	lsls	r2, r2, #26
10004d7a:	d500      	bpl.n	10004d7e <_vsnprintf+0x97a>
10004d7c:	2341      	movs	r3, #65	; 0x41
10004d7e:	aa0e      	add	r2, sp, #56	; 0x38
10004d80:	271f      	movs	r7, #31
10004d82:	4694      	mov	ip, r2
10004d84:	b2db      	uxtb	r3, r3
10004d86:	3b0a      	subs	r3, #10
10004d88:	950d      	str	r5, [sp, #52]	; 0x34
10004d8a:	4467      	add	r7, ip
10004d8c:	465d      	mov	r5, fp
10004d8e:	9309      	str	r3, [sp, #36]	; 0x24
10004d90:	46a3      	mov	fp, r4
10004d92:	4654      	mov	r4, sl
10004d94:	46b2      	mov	sl, r6
10004d96:	9e0c      	ldr	r6, [sp, #48]	; 0x30
10004d98:	e008      	b.n	10004dac <_vsnprintf+0x9a8>
10004d9a:	3330      	adds	r3, #48	; 0x30
10004d9c:	b2db      	uxtb	r3, r3
10004d9e:	3501      	adds	r5, #1
10004da0:	557b      	strb	r3, [r7, r5]
10004da2:	42b4      	cmp	r4, r6
10004da4:	d30e      	bcc.n	10004dc4 <_vsnprintf+0x9c0>
10004da6:	2d20      	cmp	r5, #32
10004da8:	d00c      	beq.n	10004dc4 <_vsnprintf+0x9c0>
10004daa:	0004      	movs	r4, r0
10004dac:	0031      	movs	r1, r6
10004dae:	0020      	movs	r0, r4
10004db0:	f7fe f93a 	bl	10003028 <__wrap___aeabi_uidiv>
10004db4:	b2cb      	uxtb	r3, r1
10004db6:	2909      	cmp	r1, #9
10004db8:	d9ef      	bls.n	10004d9a <_vsnprintf+0x996>
10004dba:	9a09      	ldr	r2, [sp, #36]	; 0x24
10004dbc:	4694      	mov	ip, r2
10004dbe:	4463      	add	r3, ip
10004dc0:	b2db      	uxtb	r3, r3
10004dc2:	e7ec      	b.n	10004d9e <_vsnprintf+0x99a>
10004dc4:	4656      	mov	r6, sl
10004dc6:	465c      	mov	r4, fp
10004dc8:	46ab      	mov	fp, r5
10004dca:	9d0d      	ldr	r5, [sp, #52]	; 0x34
10004dcc:	9b0b      	ldr	r3, [sp, #44]	; 0x2c
10004dce:	002a      	movs	r2, r5
10004dd0:	9306      	str	r3, [sp, #24]
10004dd2:	9b0a      	ldr	r3, [sp, #40]	; 0x28
10004dd4:	0021      	movs	r1, r4
10004dd6:	9305      	str	r3, [sp, #20]
10004dd8:	4643      	mov	r3, r8
10004dda:	9304      	str	r3, [sp, #16]
10004ddc:	9b0c      	ldr	r3, [sp, #48]	; 0x30
10004dde:	9808      	ldr	r0, [sp, #32]
10004de0:	9303      	str	r3, [sp, #12]
10004de2:	9b12      	ldr	r3, [sp, #72]	; 0x48
10004de4:	3601      	adds	r6, #1
10004de6:	9302      	str	r3, [sp, #8]
10004de8:	465b      	mov	r3, fp
10004dea:	9301      	str	r3, [sp, #4]
10004dec:	ab16      	add	r3, sp, #88	; 0x58
10004dee:	9300      	str	r3, [sp, #0]
10004df0:	464b      	mov	r3, r9
10004df2:	f7fe fe27 	bl	10003a44 <_ntoa_format>
10004df6:	9b13      	ldr	r3, [sp, #76]	; 0x4c
10004df8:	0005      	movs	r5, r0
10004dfa:	9309      	str	r3, [sp, #36]	; 0x24
10004dfc:	f7ff fb27 	bl	1000444e <_vsnprintf+0x4a>
10004e00:	2302      	movs	r3, #2
10004e02:	930c      	str	r3, [sp, #48]	; 0x30
10004e04:	e71a      	b.n	10004c3c <_vsnprintf+0x838>
10004e06:	9b09      	ldr	r3, [sp, #36]	; 0x24
10004e08:	cb04      	ldmia	r3!, {r2}
10004e0a:	4692      	mov	sl, r2
10004e0c:	9312      	str	r3, [sp, #72]	; 0x48
10004e0e:	2a00      	cmp	r2, #0
10004e10:	d108      	bne.n	10004e24 <_vsnprintf+0xa20>
10004e12:	2380      	movs	r3, #128	; 0x80
10004e14:	2210      	movs	r2, #16
10004e16:	990b      	ldr	r1, [sp, #44]	; 0x2c
10004e18:	00db      	lsls	r3, r3, #3
10004e1a:	400b      	ands	r3, r1
10004e1c:	4391      	bics	r1, r2
10004e1e:	910b      	str	r1, [sp, #44]	; 0x2c
10004e20:	2b00      	cmp	r3, #0
10004e22:	d12b      	bne.n	10004e7c <_vsnprintf+0xa78>
10004e24:	9a0b      	ldr	r2, [sp, #44]	; 0x2c
10004e26:	2361      	movs	r3, #97	; 0x61
10004e28:	0692      	lsls	r2, r2, #26
10004e2a:	d500      	bpl.n	10004e2e <_vsnprintf+0xa2a>
10004e2c:	2341      	movs	r3, #65	; 0x41
10004e2e:	aa0e      	add	r2, sp, #56	; 0x38
10004e30:	271f      	movs	r7, #31
10004e32:	4694      	mov	ip, r2
10004e34:	b2db      	uxtb	r3, r3
10004e36:	3b0a      	subs	r3, #10
10004e38:	950d      	str	r5, [sp, #52]	; 0x34
10004e3a:	4467      	add	r7, ip
10004e3c:	465d      	mov	r5, fp
10004e3e:	9309      	str	r3, [sp, #36]	; 0x24
10004e40:	46a3      	mov	fp, r4
10004e42:	4654      	mov	r4, sl
10004e44:	46b2      	mov	sl, r6
10004e46:	9e0c      	ldr	r6, [sp, #48]	; 0x30
10004e48:	e008      	b.n	10004e5c <_vsnprintf+0xa58>
10004e4a:	3330      	adds	r3, #48	; 0x30
10004e4c:	b2db      	uxtb	r3, r3
10004e4e:	3501      	adds	r5, #1
10004e50:	557b      	strb	r3, [r7, r5]
10004e52:	42b4      	cmp	r4, r6
10004e54:	d30e      	bcc.n	10004e74 <_vsnprintf+0xa70>
10004e56:	2d20      	cmp	r5, #32
10004e58:	d00c      	beq.n	10004e74 <_vsnprintf+0xa70>
10004e5a:	0004      	movs	r4, r0
10004e5c:	0031      	movs	r1, r6
10004e5e:	0020      	movs	r0, r4
10004e60:	f7fe f8e2 	bl	10003028 <__wrap___aeabi_uidiv>
10004e64:	b2cb      	uxtb	r3, r1
10004e66:	2909      	cmp	r1, #9
10004e68:	d9ef      	bls.n	10004e4a <_vsnprintf+0xa46>
10004e6a:	9a09      	ldr	r2, [sp, #36]	; 0x24
10004e6c:	4694      	mov	ip, r2
10004e6e:	4463      	add	r3, ip
10004e70:	b2db      	uxtb	r3, r3
10004e72:	e7ec      	b.n	10004e4e <_vsnprintf+0xa4a>
10004e74:	4656      	mov	r6, sl
10004e76:	465c      	mov	r4, fp
10004e78:	46ab      	mov	fp, r5
10004e7a:	9d0d      	ldr	r5, [sp, #52]	; 0x34
10004e7c:	9b0b      	ldr	r3, [sp, #44]	; 0x2c
10004e7e:	002a      	movs	r2, r5
10004e80:	9306      	str	r3, [sp, #24]
10004e82:	9b0a      	ldr	r3, [sp, #40]	; 0x28
10004e84:	0021      	movs	r1, r4
10004e86:	9305      	str	r3, [sp, #20]
10004e88:	4643      	mov	r3, r8
10004e8a:	9304      	str	r3, [sp, #16]
10004e8c:	9b0c      	ldr	r3, [sp, #48]	; 0x30
10004e8e:	9808      	ldr	r0, [sp, #32]
10004e90:	9303      	str	r3, [sp, #12]
10004e92:	2300      	movs	r3, #0
10004e94:	9302      	str	r3, [sp, #8]
10004e96:	465b      	mov	r3, fp
10004e98:	9301      	str	r3, [sp, #4]
10004e9a:	ab16      	add	r3, sp, #88	; 0x58
10004e9c:	9300      	str	r3, [sp, #0]
10004e9e:	464b      	mov	r3, r9
10004ea0:	f7fe fdd0 	bl	10003a44 <_ntoa_format>
10004ea4:	9b12      	ldr	r3, [sp, #72]	; 0x48
10004ea6:	0005      	movs	r5, r0
10004ea8:	9309      	str	r3, [sp, #36]	; 0x24
10004eaa:	3601      	adds	r6, #1
10004eac:	f7ff facf 	bl	1000444e <_vsnprintf+0x4a>
10004eb0:	42b4      	cmp	r4, r6
10004eb2:	d800      	bhi.n	10004eb6 <_vsnprintf+0xab2>
10004eb4:	e671      	b.n	10004b9a <_vsnprintf+0x796>
10004eb6:	9b14      	ldr	r3, [sp, #80]	; 0x50
10004eb8:	4654      	mov	r4, sl
10004eba:	960e      	str	r6, [sp, #56]	; 0x38
10004ebc:	970f      	str	r7, [sp, #60]	; 0x3c
10004ebe:	46aa      	mov	sl, r5
10004ec0:	4698      	mov	r8, r3
10004ec2:	9e15      	ldr	r6, [sp, #84]	; 0x54
10004ec4:	9d13      	ldr	r5, [sp, #76]	; 0x4c
10004ec6:	e68e      	b.n	10004be6 <_vsnprintf+0x7e2>
10004ec8:	42a6      	cmp	r6, r4
10004eca:	d800      	bhi.n	10004ece <_vsnprintf+0xaca>
10004ecc:	e6fb      	b.n	10004cc6 <_vsnprintf+0x8c2>
10004ece:	9b13      	ldr	r3, [sp, #76]	; 0x4c
10004ed0:	4656      	mov	r6, sl
10004ed2:	4698      	mov	r8, r3
10004ed4:	46aa      	mov	sl, r5
10004ed6:	465c      	mov	r4, fp
10004ed8:	9d12      	ldr	r5, [sp, #72]	; 0x48
10004eda:	e576      	b.n	100049ca <_vsnprintf+0x5c6>
10004edc:	c908      	ldmia	r1!, {r3}
10004ede:	17d8      	asrs	r0, r3, #31
10004ee0:	181a      	adds	r2, r3, r0
10004ee2:	4042      	eors	r2, r0
10004ee4:	9109      	str	r1, [sp, #36]	; 0x24
10004ee6:	f7ff fb8a 	bl	100045fe <_vsnprintf+0x1fa>
10004eea:	2300      	movs	r3, #0
10004eec:	930b      	str	r3, [sp, #44]	; 0x2c
10004eee:	e450      	b.n	10004792 <_vsnprintf+0x38e>
10004ef0:	9b09      	ldr	r3, [sp, #36]	; 0x24
10004ef2:	cb04      	ldmia	r3!, {r2}
10004ef4:	4693      	mov	fp, r2
10004ef6:	9309      	str	r3, [sp, #36]	; 0x24
10004ef8:	e559      	b.n	100049ae <_vsnprintf+0x5aa>
10004efa:	002f      	movs	r7, r5
10004efc:	e5bb      	b.n	10004a76 <_vsnprintf+0x672>
10004efe:	930b      	str	r3, [sp, #44]	; 0x2c
10004f00:	e601      	b.n	10004b06 <_vsnprintf+0x702>
10004f02:	3b06      	subs	r3, #6
10004f04:	930c      	str	r3, [sp, #48]	; 0x30
10004f06:	e69a      	b.n	10004c3e <_vsnprintf+0x83a>

10004f08 <__wrap_snprintf>:
10004f08:	b40c      	push	{r2, r3}
10004f0a:	b510      	push	{r4, lr}
10004f0c:	b084      	sub	sp, #16
10004f0e:	ac06      	add	r4, sp, #24
10004f10:	cc08      	ldmia	r4!, {r3}
10004f12:	000a      	movs	r2, r1
10004f14:	9400      	str	r4, [sp, #0]
10004f16:	0001      	movs	r1, r0
10004f18:	4804      	ldr	r0, [pc, #16]	; (10004f2c <__wrap_snprintf+0x24>)
10004f1a:	9403      	str	r4, [sp, #12]
10004f1c:	f7ff fa72 	bl	10004404 <_vsnprintf>
10004f20:	b004      	add	sp, #16
10004f22:	bc10      	pop	{r4}
10004f24:	bc08      	pop	{r3}
10004f26:	b002      	add	sp, #8
10004f28:	4718      	bx	r3
10004f2a:	46c0      	nop			; (mov r8, r8)
10004f2c:	1000399d 	.word	0x1000399d

10004f30 <weak_raw_printf>:
10004f30:	b40f      	push	{r0, r1, r2, r3}
10004f32:	b510      	push	{r4, lr}
10004f34:	490c      	ldr	r1, [pc, #48]	; (10004f68 <weak_raw_printf+0x38>)
10004f36:	b084      	sub	sp, #16
10004f38:	aa06      	add	r2, sp, #24
10004f3a:	ca08      	ldmia	r2!, {r3}
10004f3c:	680c      	ldr	r4, [r1, #0]
10004f3e:	9203      	str	r2, [sp, #12]
10004f40:	2c00      	cmp	r4, #0
10004f42:	d00b      	beq.n	10004f5c <weak_raw_printf+0x2c>
10004f44:	9200      	str	r2, [sp, #0]
10004f46:	2201      	movs	r2, #1
10004f48:	4808      	ldr	r0, [pc, #32]	; (10004f6c <weak_raw_printf+0x3c>)
10004f4a:	4252      	negs	r2, r2
10004f4c:	a902      	add	r1, sp, #8
10004f4e:	47a0      	blx	r4
10004f50:	2001      	movs	r0, #1
10004f52:	b004      	add	sp, #16
10004f54:	bc10      	pop	{r4}
10004f56:	bc08      	pop	{r3}
10004f58:	b004      	add	sp, #16
10004f5a:	4718      	bx	r3
10004f5c:	0018      	movs	r0, r3
10004f5e:	f000 f99f 	bl	100052a0 <__wrap_puts>
10004f62:	2000      	movs	r0, #0
10004f64:	e7f5      	b.n	10004f52 <weak_raw_printf+0x22>
10004f66:	46c0      	nop			; (mov r8, r8)
10004f68:	20000f40 	.word	0x20000f40
10004f6c:	10003c11 	.word	0x10003c11

10004f70 <weak_raw_vprintf>:
10004f70:	b510      	push	{r4, lr}
10004f72:	4a09      	ldr	r2, [pc, #36]	; (10004f98 <weak_raw_vprintf+0x28>)
10004f74:	0003      	movs	r3, r0
10004f76:	6814      	ldr	r4, [r2, #0]
10004f78:	b084      	sub	sp, #16
10004f7a:	2c00      	cmp	r4, #0
10004f7c:	d008      	beq.n	10004f90 <weak_raw_vprintf+0x20>
10004f7e:	2201      	movs	r2, #1
10004f80:	9100      	str	r1, [sp, #0]
10004f82:	4806      	ldr	r0, [pc, #24]	; (10004f9c <weak_raw_vprintf+0x2c>)
10004f84:	4252      	negs	r2, r2
10004f86:	a903      	add	r1, sp, #12
10004f88:	47a0      	blx	r4
10004f8a:	2001      	movs	r0, #1
10004f8c:	b004      	add	sp, #16
10004f8e:	bd10      	pop	{r4, pc}
10004f90:	f000 f986 	bl	100052a0 <__wrap_puts>
10004f94:	2000      	movs	r0, #0
10004f96:	e7f9      	b.n	10004f8c <weak_raw_vprintf+0x1c>
10004f98:	20000f40 	.word	0x20000f40
10004f9c:	10003c11 	.word	0x10003c11

10004fa0 <_exit>:
10004fa0:	be00      	bkpt	0x0000
10004fa2:	e7fd      	b.n	10004fa0 <_exit>

10004fa4 <_fini>:
10004fa4:	4770      	bx	lr
10004fa6:	46c0      	nop			; (mov r8, r8)

10004fa8 <_sbrk>:
10004fa8:	4a09      	ldr	r2, [pc, #36]	; (10004fd0 <_sbrk+0x28>)
10004faa:	0003      	movs	r3, r0
10004fac:	6810      	ldr	r0, [r2, #0]
10004fae:	2800      	cmp	r0, #0
10004fb0:	d005      	beq.n	10004fbe <_sbrk+0x16>
10004fb2:	4908      	ldr	r1, [pc, #32]	; (10004fd4 <_sbrk+0x2c>)
10004fb4:	18c3      	adds	r3, r0, r3
10004fb6:	428b      	cmp	r3, r1
10004fb8:	d807      	bhi.n	10004fca <_sbrk+0x22>
10004fba:	6013      	str	r3, [r2, #0]
10004fbc:	4770      	bx	lr
10004fbe:	4806      	ldr	r0, [pc, #24]	; (10004fd8 <_sbrk+0x30>)
10004fc0:	4904      	ldr	r1, [pc, #16]	; (10004fd4 <_sbrk+0x2c>)
10004fc2:	18c3      	adds	r3, r0, r3
10004fc4:	6010      	str	r0, [r2, #0]
10004fc6:	428b      	cmp	r3, r1
10004fc8:	d9f7      	bls.n	10004fba <_sbrk+0x12>
10004fca:	2001      	movs	r0, #1
10004fcc:	4240      	negs	r0, r0
10004fce:	e7f5      	b.n	10004fbc <_sbrk+0x14>
10004fd0:	20000f3c 	.word	0x20000f3c
10004fd4:	20040000 	.word	0x20040000
10004fd8:	200010a0 	.word	0x200010a0

10004fdc <exit>:
10004fdc:	b510      	push	{r4, lr}
10004fde:	f7ff ffdf 	bl	10004fa0 <_exit>
10004fe2:	46c0      	nop			; (mov r8, r8)

10004fe4 <__assert_func>:
10004fe4:	b510      	push	{r4, lr}
10004fe6:	000c      	movs	r4, r1
10004fe8:	b082      	sub	sp, #8
10004fea:	0019      	movs	r1, r3
10004fec:	2a00      	cmp	r2, #0
10004fee:	d00a      	beq.n	10005006 <__assert_func+0x22>
10004ff0:	4b06      	ldr	r3, [pc, #24]	; (1000500c <__assert_func+0x28>)
10004ff2:	9201      	str	r2, [sp, #4]
10004ff4:	9300      	str	r3, [sp, #0]
10004ff6:	0002      	movs	r2, r0
10004ff8:	0023      	movs	r3, r4
10004ffa:	4805      	ldr	r0, [pc, #20]	; (10005010 <__assert_func+0x2c>)
10004ffc:	f7ff ff98 	bl	10004f30 <weak_raw_printf>
10005000:	2001      	movs	r0, #1
10005002:	f7ff ffcd 	bl	10004fa0 <_exit>
10005006:	4b03      	ldr	r3, [pc, #12]	; (10005014 <__assert_func+0x30>)
10005008:	001a      	movs	r2, r3
1000500a:	e7f2      	b.n	10004ff2 <__assert_func+0xe>
1000500c:	10008808 	.word	0x10008808
10005010:	10008818 	.word	0x10008818
10005014:	10008814 	.word	0x10008814

10005018 <runtime_init>:
10005018:	b570      	push	{r4, r5, r6, lr}
1000501a:	f7fd feb9 	bl	10002d90 <runtime_run_initializers>
1000501e:	4d07      	ldr	r5, [pc, #28]	; (1000503c <runtime_init+0x24>)
10005020:	4e07      	ldr	r6, [pc, #28]	; (10005040 <runtime_init+0x28>)
10005022:	42b5      	cmp	r5, r6
10005024:	d209      	bcs.n	1000503a <runtime_init+0x22>
10005026:	2400      	movs	r4, #0
10005028:	3e01      	subs	r6, #1
1000502a:	1b76      	subs	r6, r6, r5
1000502c:	08b6      	lsrs	r6, r6, #2
1000502e:	cd08      	ldmia	r5!, {r3}
10005030:	4798      	blx	r3
10005032:	0023      	movs	r3, r4
10005034:	3401      	adds	r4, #1
10005036:	42b3      	cmp	r3, r6
10005038:	d1f9      	bne.n	1000502e <runtime_init+0x16>
1000503a:	bd70      	pop	{r4, r5, r6, pc}
1000503c:	1000829c 	.word	0x1000829c
10005040:	1000829c 	.word	0x1000829c

10005044 <stdio_out_chars_no_crlf>:
10005044:	0003      	movs	r3, r0
10005046:	b510      	push	{r4, lr}
10005048:	0008      	movs	r0, r1
1000504a:	0011      	movs	r1, r2
1000504c:	681b      	ldr	r3, [r3, #0]
1000504e:	4798      	blx	r3
10005050:	bd10      	pop	{r4, pc}
10005052:	46c0      	nop			; (mov r8, r8)

10005054 <stdio_out_chars_crlf>:
10005054:	b5f0      	push	{r4, r5, r6, r7, lr}
10005056:	4646      	mov	r6, r8
10005058:	464f      	mov	r7, r9
1000505a:	46d6      	mov	lr, sl
1000505c:	b5c0      	push	{r6, r7, lr}
1000505e:	7d43      	ldrb	r3, [r0, #21]
10005060:	4680      	mov	r8, r0
10005062:	000e      	movs	r6, r1
10005064:	0017      	movs	r7, r2
10005066:	2b00      	cmp	r3, #0
10005068:	d046      	beq.n	100050f8 <stdio_out_chars_crlf+0xa4>
1000506a:	2a00      	cmp	r2, #0
1000506c:	dd3f      	ble.n	100050ee <stdio_out_chars_crlf+0x9a>
1000506e:	1e4b      	subs	r3, r1, #1
10005070:	4699      	mov	r9, r3
10005072:	4b24      	ldr	r3, [pc, #144]	; (10005104 <stdio_out_chars_crlf+0xb0>)
10005074:	2501      	movs	r5, #1
10005076:	2400      	movs	r4, #0
10005078:	2000      	movs	r0, #0
1000507a:	469a      	mov	sl, r3
1000507c:	e00d      	b.n	1000509a <stdio_out_chars_crlf+0x46>
1000507e:	464b      	mov	r3, r9
10005080:	5d1b      	ldrb	r3, [r3, r4]
10005082:	3b0d      	subs	r3, #13
10005084:	425a      	negs	r2, r3
10005086:	4153      	adcs	r3, r2
10005088:	5d32      	ldrb	r2, [r6, r4]
1000508a:	b2db      	uxtb	r3, r3
1000508c:	2a0a      	cmp	r2, #10
1000508e:	d00b      	beq.n	100050a8 <stdio_out_chars_crlf+0x54>
10005090:	002b      	movs	r3, r5
10005092:	3401      	adds	r4, #1
10005094:	3501      	adds	r5, #1
10005096:	429f      	cmp	r7, r3
10005098:	dd1a      	ble.n	100050d0 <stdio_out_chars_crlf+0x7c>
1000509a:	2c00      	cmp	r4, #0
1000509c:	d1ef      	bne.n	1000507e <stdio_out_chars_crlf+0x2a>
1000509e:	4643      	mov	r3, r8
100050a0:	5d32      	ldrb	r2, [r6, r4]
100050a2:	7d1b      	ldrb	r3, [r3, #20]
100050a4:	2a0a      	cmp	r2, #10
100050a6:	d1f3      	bne.n	10005090 <stdio_out_chars_crlf+0x3c>
100050a8:	2b00      	cmp	r3, #0
100050aa:	d1f1      	bne.n	10005090 <stdio_out_chars_crlf+0x3c>
100050ac:	42a0      	cmp	r0, r4
100050ae:	da04      	bge.n	100050ba <stdio_out_chars_crlf+0x66>
100050b0:	4643      	mov	r3, r8
100050b2:	1a21      	subs	r1, r4, r0
100050b4:	681b      	ldr	r3, [r3, #0]
100050b6:	1830      	adds	r0, r6, r0
100050b8:	4798      	blx	r3
100050ba:	4643      	mov	r3, r8
100050bc:	4650      	mov	r0, sl
100050be:	681b      	ldr	r3, [r3, #0]
100050c0:	2102      	movs	r1, #2
100050c2:	4798      	blx	r3
100050c4:	3401      	adds	r4, #1
100050c6:	0028      	movs	r0, r5
100050c8:	002b      	movs	r3, r5
100050ca:	3501      	adds	r5, #1
100050cc:	429f      	cmp	r7, r3
100050ce:	dce4      	bgt.n	1000509a <stdio_out_chars_crlf+0x46>
100050d0:	4287      	cmp	r7, r0
100050d2:	dd04      	ble.n	100050de <stdio_out_chars_crlf+0x8a>
100050d4:	4643      	mov	r3, r8
100050d6:	1a39      	subs	r1, r7, r0
100050d8:	681b      	ldr	r3, [r3, #0]
100050da:	1830      	adds	r0, r6, r0
100050dc:	4798      	blx	r3
100050de:	19f6      	adds	r6, r6, r7
100050e0:	3e01      	subs	r6, #1
100050e2:	7833      	ldrb	r3, [r6, #0]
100050e4:	3b0d      	subs	r3, #13
100050e6:	425a      	negs	r2, r3
100050e8:	4153      	adcs	r3, r2
100050ea:	4642      	mov	r2, r8
100050ec:	7513      	strb	r3, [r2, #20]
100050ee:	bce0      	pop	{r5, r6, r7}
100050f0:	46ba      	mov	sl, r7
100050f2:	46b1      	mov	r9, r6
100050f4:	46a8      	mov	r8, r5
100050f6:	bdf0      	pop	{r4, r5, r6, r7, pc}
100050f8:	6803      	ldr	r3, [r0, #0]
100050fa:	0011      	movs	r1, r2
100050fc:	0030      	movs	r0, r6
100050fe:	4798      	blx	r3
10005100:	e7f5      	b.n	100050ee <stdio_out_chars_crlf+0x9a>
10005102:	46c0      	nop			; (mov r8, r8)
10005104:	10008848 	.word	0x10008848

10005108 <stdio_put_string>:
10005108:	b5f0      	push	{r4, r5, r6, r7, lr}
1000510a:	46de      	mov	lr, fp
1000510c:	4657      	mov	r7, sl
1000510e:	464e      	mov	r6, r9
10005110:	4645      	mov	r5, r8
10005112:	b5e0      	push	{r5, r6, r7, lr}
10005114:	b085      	sub	sp, #20
10005116:	0017      	movs	r7, r2
10005118:	001c      	movs	r4, r3
1000511a:	0006      	movs	r6, r0
1000511c:	000d      	movs	r5, r1
1000511e:	f7fd fb5f 	bl	100027e0 <time_us_64>
10005122:	2300      	movs	r3, #0
10005124:	4a31      	ldr	r2, [pc, #196]	; (100051ec <stdio_put_string+0xe4>)
10005126:	1812      	adds	r2, r2, r0
10005128:	414b      	adcs	r3, r1
1000512a:	2b00      	cmp	r3, #0
1000512c:	db59      	blt.n	100051e2 <stdio_put_string+0xda>
1000512e:	4930      	ldr	r1, [pc, #192]	; (100051f0 <stdio_put_string+0xe8>)
10005130:	0008      	movs	r0, r1
10005132:	468a      	mov	sl, r1
10005134:	f003 f88c 	bl	10008250 <__mutex_try_enter_block_until_veneer>
10005138:	9001      	str	r0, [sp, #4]
1000513a:	1c6b      	adds	r3, r5, #1
1000513c:	d103      	bne.n	10005146 <stdio_put_string+0x3e>
1000513e:	0030      	movs	r0, r6
10005140:	f000 fc0e 	bl	10005960 <strlen>
10005144:	0005      	movs	r5, r0
10005146:	2c00      	cmp	r4, #0
10005148:	d126      	bne.n	10005198 <stdio_put_string+0x90>
1000514a:	4b2a      	ldr	r3, [pc, #168]	; (100051f4 <stdio_put_string+0xec>)
1000514c:	4698      	mov	r8, r3
1000514e:	4b2a      	ldr	r3, [pc, #168]	; (100051f8 <stdio_put_string+0xf0>)
10005150:	681c      	ldr	r4, [r3, #0]
10005152:	2c00      	cmp	r4, #0
10005154:	d015      	beq.n	10005182 <stdio_put_string+0x7a>
10005156:	2f00      	cmp	r7, #0
10005158:	d121      	bne.n	1000519e <stdio_put_string+0x96>
1000515a:	4f28      	ldr	r7, [pc, #160]	; (100051fc <stdio_put_string+0xf4>)
1000515c:	e002      	b.n	10005164 <stdio_put_string+0x5c>
1000515e:	6924      	ldr	r4, [r4, #16]
10005160:	2c00      	cmp	r4, #0
10005162:	d00e      	beq.n	10005182 <stdio_put_string+0x7a>
10005164:	6823      	ldr	r3, [r4, #0]
10005166:	2b00      	cmp	r3, #0
10005168:	d0f9      	beq.n	1000515e <stdio_put_string+0x56>
1000516a:	683b      	ldr	r3, [r7, #0]
1000516c:	2b00      	cmp	r3, #0
1000516e:	d001      	beq.n	10005174 <stdio_put_string+0x6c>
10005170:	42a3      	cmp	r3, r4
10005172:	d1f4      	bne.n	1000515e <stdio_put_string+0x56>
10005174:	0020      	movs	r0, r4
10005176:	002a      	movs	r2, r5
10005178:	0031      	movs	r1, r6
1000517a:	47c0      	blx	r8
1000517c:	6924      	ldr	r4, [r4, #16]
1000517e:	2c00      	cmp	r4, #0
10005180:	d1f0      	bne.n	10005164 <stdio_put_string+0x5c>
10005182:	9b01      	ldr	r3, [sp, #4]
10005184:	2b00      	cmp	r3, #0
10005186:	d128      	bne.n	100051da <stdio_put_string+0xd2>
10005188:	0028      	movs	r0, r5
1000518a:	b005      	add	sp, #20
1000518c:	bcf0      	pop	{r4, r5, r6, r7}
1000518e:	46bb      	mov	fp, r7
10005190:	46b2      	mov	sl, r6
10005192:	46a9      	mov	r9, r5
10005194:	46a0      	mov	r8, r4
10005196:	bdf0      	pop	{r4, r5, r6, r7, pc}
10005198:	4b19      	ldr	r3, [pc, #100]	; (10005200 <stdio_put_string+0xf8>)
1000519a:	4698      	mov	r8, r3
1000519c:	e7d7      	b.n	1000514e <stdio_put_string+0x46>
1000519e:	4b17      	ldr	r3, [pc, #92]	; (100051fc <stdio_put_string+0xf4>)
100051a0:	4699      	mov	r9, r3
100051a2:	ab02      	add	r3, sp, #8
100051a4:	1ddf      	adds	r7, r3, #7
100051a6:	230a      	movs	r3, #10
100051a8:	469b      	mov	fp, r3
100051aa:	e002      	b.n	100051b2 <stdio_put_string+0xaa>
100051ac:	6924      	ldr	r4, [r4, #16]
100051ae:	2c00      	cmp	r4, #0
100051b0:	d0e7      	beq.n	10005182 <stdio_put_string+0x7a>
100051b2:	6823      	ldr	r3, [r4, #0]
100051b4:	2b00      	cmp	r3, #0
100051b6:	d0f9      	beq.n	100051ac <stdio_put_string+0xa4>
100051b8:	464b      	mov	r3, r9
100051ba:	681b      	ldr	r3, [r3, #0]
100051bc:	2b00      	cmp	r3, #0
100051be:	d001      	beq.n	100051c4 <stdio_put_string+0xbc>
100051c0:	42a3      	cmp	r3, r4
100051c2:	d1f3      	bne.n	100051ac <stdio_put_string+0xa4>
100051c4:	002a      	movs	r2, r5
100051c6:	0031      	movs	r1, r6
100051c8:	0020      	movs	r0, r4
100051ca:	47c0      	blx	r8
100051cc:	465b      	mov	r3, fp
100051ce:	2201      	movs	r2, #1
100051d0:	0039      	movs	r1, r7
100051d2:	0020      	movs	r0, r4
100051d4:	703b      	strb	r3, [r7, #0]
100051d6:	47c0      	blx	r8
100051d8:	e7e8      	b.n	100051ac <stdio_put_string+0xa4>
100051da:	4650      	mov	r0, sl
100051dc:	f003 f820 	bl	10008220 <__mutex_exit_veneer>
100051e0:	e7d2      	b.n	10005188 <stdio_put_string+0x80>
100051e2:	2201      	movs	r2, #1
100051e4:	4b07      	ldr	r3, [pc, #28]	; (10005204 <stdio_put_string+0xfc>)
100051e6:	4252      	negs	r2, r2
100051e8:	e7a1      	b.n	1000512e <stdio_put_string+0x26>
100051ea:	46c0      	nop			; (mov r8, r8)
100051ec:	000f4240 	.word	0x000f4240
100051f0:	20000c30 	.word	0x20000c30
100051f4:	10005045 	.word	0x10005045
100051f8:	20000f34 	.word	0x20000f34
100051fc:	20000f38 	.word	0x20000f38
10005200:	10005055 	.word	0x10005055
10005204:	7fffffff 	.word	0x7fffffff

10005208 <__wrap_putchar>:
10005208:	b5f0      	push	{r4, r5, r6, r7, lr}
1000520a:	46ce      	mov	lr, r9
1000520c:	4647      	mov	r7, r8
1000520e:	b580      	push	{r7, lr}
10005210:	b083      	sub	sp, #12
10005212:	466b      	mov	r3, sp
10005214:	0006      	movs	r6, r0
10005216:	1ddd      	adds	r5, r3, #7
10005218:	7028      	strb	r0, [r5, #0]
1000521a:	f7fd fae1 	bl	100027e0 <time_us_64>
1000521e:	2300      	movs	r3, #0
10005220:	4a1a      	ldr	r2, [pc, #104]	; (1000528c <__wrap_putchar+0x84>)
10005222:	1812      	adds	r2, r2, r0
10005224:	414b      	adcs	r3, r1
10005226:	2b00      	cmp	r3, #0
10005228:	db2b      	blt.n	10005282 <__wrap_putchar+0x7a>
1000522a:	4919      	ldr	r1, [pc, #100]	; (10005290 <__wrap_putchar+0x88>)
1000522c:	0008      	movs	r0, r1
1000522e:	4688      	mov	r8, r1
10005230:	f003 f80e 	bl	10008250 <__mutex_try_enter_block_until_veneer>
10005234:	4b17      	ldr	r3, [pc, #92]	; (10005294 <__wrap_putchar+0x8c>)
10005236:	4681      	mov	r9, r0
10005238:	681c      	ldr	r4, [r3, #0]
1000523a:	2c00      	cmp	r4, #0
1000523c:	d014      	beq.n	10005268 <__wrap_putchar+0x60>
1000523e:	4f16      	ldr	r7, [pc, #88]	; (10005298 <__wrap_putchar+0x90>)
10005240:	e002      	b.n	10005248 <__wrap_putchar+0x40>
10005242:	6924      	ldr	r4, [r4, #16]
10005244:	2c00      	cmp	r4, #0
10005246:	d00f      	beq.n	10005268 <__wrap_putchar+0x60>
10005248:	6823      	ldr	r3, [r4, #0]
1000524a:	2b00      	cmp	r3, #0
1000524c:	d0f9      	beq.n	10005242 <__wrap_putchar+0x3a>
1000524e:	683b      	ldr	r3, [r7, #0]
10005250:	2b00      	cmp	r3, #0
10005252:	d001      	beq.n	10005258 <__wrap_putchar+0x50>
10005254:	42a3      	cmp	r3, r4
10005256:	d1f4      	bne.n	10005242 <__wrap_putchar+0x3a>
10005258:	0020      	movs	r0, r4
1000525a:	2201      	movs	r2, #1
1000525c:	0029      	movs	r1, r5
1000525e:	f7ff fef9 	bl	10005054 <stdio_out_chars_crlf>
10005262:	6924      	ldr	r4, [r4, #16]
10005264:	2c00      	cmp	r4, #0
10005266:	d1ef      	bne.n	10005248 <__wrap_putchar+0x40>
10005268:	464b      	mov	r3, r9
1000526a:	2b00      	cmp	r3, #0
1000526c:	d105      	bne.n	1000527a <__wrap_putchar+0x72>
1000526e:	0030      	movs	r0, r6
10005270:	b003      	add	sp, #12
10005272:	bcc0      	pop	{r6, r7}
10005274:	46b9      	mov	r9, r7
10005276:	46b0      	mov	r8, r6
10005278:	bdf0      	pop	{r4, r5, r6, r7, pc}
1000527a:	4640      	mov	r0, r8
1000527c:	f002 ffd0 	bl	10008220 <__mutex_exit_veneer>
10005280:	e7f5      	b.n	1000526e <__wrap_putchar+0x66>
10005282:	2201      	movs	r2, #1
10005284:	4b05      	ldr	r3, [pc, #20]	; (1000529c <__wrap_putchar+0x94>)
10005286:	4252      	negs	r2, r2
10005288:	e7cf      	b.n	1000522a <__wrap_putchar+0x22>
1000528a:	46c0      	nop			; (mov r8, r8)
1000528c:	000f4240 	.word	0x000f4240
10005290:	20000c30 	.word	0x20000c30
10005294:	20000f34 	.word	0x20000f34
10005298:	20000f38 	.word	0x20000f38
1000529c:	7fffffff 	.word	0x7fffffff

100052a0 <__wrap_puts>:
100052a0:	b570      	push	{r4, r5, r6, lr}
100052a2:	0004      	movs	r4, r0
100052a4:	f000 fb5c 	bl	10005960 <strlen>
100052a8:	2301      	movs	r3, #1
100052aa:	0001      	movs	r1, r0
100052ac:	0005      	movs	r5, r0
100052ae:	2201      	movs	r2, #1
100052b0:	0020      	movs	r0, r4
100052b2:	f7ff ff29 	bl	10005108 <stdio_put_string>
100052b6:	4b08      	ldr	r3, [pc, #32]	; (100052d8 <__wrap_puts+0x38>)
100052b8:	681c      	ldr	r4, [r3, #0]
100052ba:	2c00      	cmp	r4, #0
100052bc:	d006      	beq.n	100052cc <__wrap_puts+0x2c>
100052be:	6863      	ldr	r3, [r4, #4]
100052c0:	2b00      	cmp	r3, #0
100052c2:	d005      	beq.n	100052d0 <__wrap_puts+0x30>
100052c4:	4798      	blx	r3
100052c6:	6924      	ldr	r4, [r4, #16]
100052c8:	2c00      	cmp	r4, #0
100052ca:	d1f8      	bne.n	100052be <__wrap_puts+0x1e>
100052cc:	0028      	movs	r0, r5
100052ce:	bd70      	pop	{r4, r5, r6, pc}
100052d0:	6924      	ldr	r4, [r4, #16]
100052d2:	2c00      	cmp	r4, #0
100052d4:	d1f3      	bne.n	100052be <__wrap_puts+0x1e>
100052d6:	e7f9      	b.n	100052cc <__wrap_puts+0x2c>
100052d8:	20000f34 	.word	0x20000f34

100052dc <_calloc_r>:
100052dc:	b510      	push	{r4, lr}
100052de:	4351      	muls	r1, r2
100052e0:	f000 f82a 	bl	10005338 <_malloc_r>
100052e4:	1e04      	subs	r4, r0, #0
100052e6:	d00e      	beq.n	10005306 <_calloc_r+0x2a>
100052e8:	0003      	movs	r3, r0
100052ea:	3b08      	subs	r3, #8
100052ec:	685a      	ldr	r2, [r3, #4]
100052ee:	2303      	movs	r3, #3
100052f0:	439a      	bics	r2, r3
100052f2:	3a04      	subs	r2, #4
100052f4:	2a24      	cmp	r2, #36	; 0x24
100052f6:	d815      	bhi.n	10005324 <_calloc_r+0x48>
100052f8:	0003      	movs	r3, r0
100052fa:	2a13      	cmp	r2, #19
100052fc:	d805      	bhi.n	1000530a <_calloc_r+0x2e>
100052fe:	2200      	movs	r2, #0
10005300:	601a      	str	r2, [r3, #0]
10005302:	605a      	str	r2, [r3, #4]
10005304:	609a      	str	r2, [r3, #8]
10005306:	0020      	movs	r0, r4
10005308:	bd10      	pop	{r4, pc}
1000530a:	2100      	movs	r1, #0
1000530c:	3308      	adds	r3, #8
1000530e:	6001      	str	r1, [r0, #0]
10005310:	6041      	str	r1, [r0, #4]
10005312:	2a1b      	cmp	r2, #27
10005314:	d9f3      	bls.n	100052fe <_calloc_r+0x22>
10005316:	6081      	str	r1, [r0, #8]
10005318:	60c1      	str	r1, [r0, #12]
1000531a:	2a24      	cmp	r2, #36	; 0x24
1000531c:	d006      	beq.n	1000532c <_calloc_r+0x50>
1000531e:	0003      	movs	r3, r0
10005320:	3310      	adds	r3, #16
10005322:	e7ec      	b.n	100052fe <_calloc_r+0x22>
10005324:	2100      	movs	r1, #0
10005326:	f7fe fb2d 	bl	10003984 <__wrap_memset>
1000532a:	e7ec      	b.n	10005306 <_calloc_r+0x2a>
1000532c:	0003      	movs	r3, r0
1000532e:	6101      	str	r1, [r0, #16]
10005330:	3318      	adds	r3, #24
10005332:	6141      	str	r1, [r0, #20]
10005334:	e7e3      	b.n	100052fe <_calloc_r+0x22>
10005336:	46c0      	nop			; (mov r8, r8)

10005338 <_malloc_r>:
10005338:	b5f0      	push	{r4, r5, r6, r7, lr}
1000533a:	464e      	mov	r6, r9
1000533c:	4645      	mov	r5, r8
1000533e:	46de      	mov	lr, fp
10005340:	4657      	mov	r7, sl
10005342:	b5e0      	push	{r5, r6, r7, lr}
10005344:	000d      	movs	r5, r1
10005346:	350b      	adds	r5, #11
10005348:	0006      	movs	r6, r0
1000534a:	b083      	sub	sp, #12
1000534c:	2d16      	cmp	r5, #22
1000534e:	d822      	bhi.n	10005396 <_malloc_r+0x5e>
10005350:	2910      	cmp	r1, #16
10005352:	d900      	bls.n	10005356 <_malloc_r+0x1e>
10005354:	e0b2      	b.n	100054bc <_malloc_r+0x184>
10005356:	f000 faa9 	bl	100058ac <__malloc_lock>
1000535a:	2510      	movs	r5, #16
1000535c:	2318      	movs	r3, #24
1000535e:	2002      	movs	r0, #2
10005360:	4fcc      	ldr	r7, [pc, #816]	; (10005694 <_malloc_r+0x35c>)
10005362:	18fb      	adds	r3, r7, r3
10005364:	001a      	movs	r2, r3
10005366:	685c      	ldr	r4, [r3, #4]
10005368:	3a08      	subs	r2, #8
1000536a:	4294      	cmp	r4, r2
1000536c:	d100      	bne.n	10005370 <_malloc_r+0x38>
1000536e:	e0b5      	b.n	100054dc <_malloc_r+0x1a4>
10005370:	2303      	movs	r3, #3
10005372:	6862      	ldr	r2, [r4, #4]
10005374:	439a      	bics	r2, r3
10005376:	0013      	movs	r3, r2
10005378:	68e2      	ldr	r2, [r4, #12]
1000537a:	68a1      	ldr	r1, [r4, #8]
1000537c:	60ca      	str	r2, [r1, #12]
1000537e:	6091      	str	r1, [r2, #8]
10005380:	2201      	movs	r2, #1
10005382:	18e3      	adds	r3, r4, r3
10005384:	6859      	ldr	r1, [r3, #4]
10005386:	0030      	movs	r0, r6
10005388:	430a      	orrs	r2, r1
1000538a:	605a      	str	r2, [r3, #4]
1000538c:	f000 fa90 	bl	100058b0 <__malloc_unlock>
10005390:	0020      	movs	r0, r4
10005392:	3008      	adds	r0, #8
10005394:	e095      	b.n	100054c2 <_malloc_r+0x18a>
10005396:	2307      	movs	r3, #7
10005398:	439d      	bics	r5, r3
1000539a:	d500      	bpl.n	1000539e <_malloc_r+0x66>
1000539c:	e08e      	b.n	100054bc <_malloc_r+0x184>
1000539e:	42a9      	cmp	r1, r5
100053a0:	d900      	bls.n	100053a4 <_malloc_r+0x6c>
100053a2:	e08b      	b.n	100054bc <_malloc_r+0x184>
100053a4:	f000 fa82 	bl	100058ac <__malloc_lock>
100053a8:	23fc      	movs	r3, #252	; 0xfc
100053aa:	005b      	lsls	r3, r3, #1
100053ac:	429d      	cmp	r5, r3
100053ae:	d200      	bcs.n	100053b2 <_malloc_r+0x7a>
100053b0:	e1a1      	b.n	100056f6 <_malloc_r+0x3be>
100053b2:	0a68      	lsrs	r0, r5, #9
100053b4:	d100      	bne.n	100053b8 <_malloc_r+0x80>
100053b6:	e08b      	b.n	100054d0 <_malloc_r+0x198>
100053b8:	2804      	cmp	r0, #4
100053ba:	d900      	bls.n	100053be <_malloc_r+0x86>
100053bc:	e174      	b.n	100056a8 <_malloc_r+0x370>
100053be:	2338      	movs	r3, #56	; 0x38
100053c0:	4698      	mov	r8, r3
100053c2:	09a8      	lsrs	r0, r5, #6
100053c4:	4480      	add	r8, r0
100053c6:	3039      	adds	r0, #57	; 0x39
100053c8:	00c1      	lsls	r1, r0, #3
100053ca:	4fb2      	ldr	r7, [pc, #712]	; (10005694 <_malloc_r+0x35c>)
100053cc:	1879      	adds	r1, r7, r1
100053ce:	684c      	ldr	r4, [r1, #4]
100053d0:	3908      	subs	r1, #8
100053d2:	42a1      	cmp	r1, r4
100053d4:	d00e      	beq.n	100053f4 <_malloc_r+0xbc>
100053d6:	2303      	movs	r3, #3
100053d8:	469c      	mov	ip, r3
100053da:	e004      	b.n	100053e6 <_malloc_r+0xae>
100053dc:	2a00      	cmp	r2, #0
100053de:	dacb      	bge.n	10005378 <_malloc_r+0x40>
100053e0:	68e4      	ldr	r4, [r4, #12]
100053e2:	42a1      	cmp	r1, r4
100053e4:	d006      	beq.n	100053f4 <_malloc_r+0xbc>
100053e6:	4662      	mov	r2, ip
100053e8:	6863      	ldr	r3, [r4, #4]
100053ea:	4393      	bics	r3, r2
100053ec:	1b5a      	subs	r2, r3, r5
100053ee:	2a0f      	cmp	r2, #15
100053f0:	ddf4      	ble.n	100053dc <_malloc_r+0xa4>
100053f2:	4640      	mov	r0, r8
100053f4:	003a      	movs	r2, r7
100053f6:	693c      	ldr	r4, [r7, #16]
100053f8:	3208      	adds	r2, #8
100053fa:	4294      	cmp	r4, r2
100053fc:	d100      	bne.n	10005400 <_malloc_r+0xc8>
100053fe:	e078      	b.n	100054f2 <_malloc_r+0x1ba>
10005400:	2303      	movs	r3, #3
10005402:	6861      	ldr	r1, [r4, #4]
10005404:	4399      	bics	r1, r3
10005406:	4689      	mov	r9, r1
10005408:	000b      	movs	r3, r1
1000540a:	1b49      	subs	r1, r1, r5
1000540c:	290f      	cmp	r1, #15
1000540e:	dd00      	ble.n	10005412 <_malloc_r+0xda>
10005410:	e175      	b.n	100056fe <_malloc_r+0x3c6>
10005412:	617a      	str	r2, [r7, #20]
10005414:	613a      	str	r2, [r7, #16]
10005416:	2900      	cmp	r1, #0
10005418:	dab2      	bge.n	10005380 <_malloc_r+0x48>
1000541a:	2280      	movs	r2, #128	; 0x80
1000541c:	0092      	lsls	r2, r2, #2
1000541e:	4591      	cmp	r9, r2
10005420:	d300      	bcc.n	10005424 <_malloc_r+0xec>
10005422:	e110      	b.n	10005646 <_malloc_r+0x30e>
10005424:	0959      	lsrs	r1, r3, #5
10005426:	08da      	lsrs	r2, r3, #3
10005428:	2301      	movs	r3, #1
1000542a:	408b      	lsls	r3, r1
1000542c:	00d2      	lsls	r2, r2, #3
1000542e:	6879      	ldr	r1, [r7, #4]
10005430:	19d2      	adds	r2, r2, r7
10005432:	430b      	orrs	r3, r1
10005434:	6891      	ldr	r1, [r2, #8]
10005436:	607b      	str	r3, [r7, #4]
10005438:	60e2      	str	r2, [r4, #12]
1000543a:	60a1      	str	r1, [r4, #8]
1000543c:	6094      	str	r4, [r2, #8]
1000543e:	60cc      	str	r4, [r1, #12]
10005440:	2101      	movs	r1, #1
10005442:	1082      	asrs	r2, r0, #2
10005444:	4091      	lsls	r1, r2
10005446:	4299      	cmp	r1, r3
10005448:	d859      	bhi.n	100054fe <_malloc_r+0x1c6>
1000544a:	420b      	tst	r3, r1
1000544c:	d105      	bne.n	1000545a <_malloc_r+0x122>
1000544e:	2203      	movs	r2, #3
10005450:	4390      	bics	r0, r2
10005452:	0049      	lsls	r1, r1, #1
10005454:	3004      	adds	r0, #4
10005456:	420b      	tst	r3, r1
10005458:	d0fb      	beq.n	10005452 <_malloc_r+0x11a>
1000545a:	2303      	movs	r3, #3
1000545c:	4698      	mov	r8, r3
1000545e:	00c3      	lsls	r3, r0, #3
10005460:	4699      	mov	r9, r3
10005462:	44b9      	add	r9, r7
10005464:	46cc      	mov	ip, r9
10005466:	4682      	mov	sl, r0
10005468:	4663      	mov	r3, ip
1000546a:	68dc      	ldr	r4, [r3, #12]
1000546c:	45a4      	cmp	ip, r4
1000546e:	d107      	bne.n	10005480 <_malloc_r+0x148>
10005470:	e126      	b.n	100056c0 <_malloc_r+0x388>
10005472:	2a00      	cmp	r2, #0
10005474:	db00      	blt.n	10005478 <_malloc_r+0x140>
10005476:	e12f      	b.n	100056d8 <_malloc_r+0x3a0>
10005478:	68e4      	ldr	r4, [r4, #12]
1000547a:	45a4      	cmp	ip, r4
1000547c:	d100      	bne.n	10005480 <_malloc_r+0x148>
1000547e:	e11f      	b.n	100056c0 <_malloc_r+0x388>
10005480:	4642      	mov	r2, r8
10005482:	6863      	ldr	r3, [r4, #4]
10005484:	4393      	bics	r3, r2
10005486:	1b5a      	subs	r2, r3, r5
10005488:	2a0f      	cmp	r2, #15
1000548a:	ddf2      	ble.n	10005472 <_malloc_r+0x13a>
1000548c:	2001      	movs	r0, #1
1000548e:	4680      	mov	r8, r0
10005490:	1961      	adds	r1, r4, r5
10005492:	4305      	orrs	r5, r0
10005494:	6065      	str	r5, [r4, #4]
10005496:	68a0      	ldr	r0, [r4, #8]
10005498:	68e5      	ldr	r5, [r4, #12]
1000549a:	3708      	adds	r7, #8
1000549c:	60c5      	str	r5, [r0, #12]
1000549e:	60a8      	str	r0, [r5, #8]
100054a0:	4640      	mov	r0, r8
100054a2:	4310      	orrs	r0, r2
100054a4:	60f9      	str	r1, [r7, #12]
100054a6:	60b9      	str	r1, [r7, #8]
100054a8:	6048      	str	r0, [r1, #4]
100054aa:	60cf      	str	r7, [r1, #12]
100054ac:	0030      	movs	r0, r6
100054ae:	608f      	str	r7, [r1, #8]
100054b0:	50e2      	str	r2, [r4, r3]
100054b2:	f000 f9fd 	bl	100058b0 <__malloc_unlock>
100054b6:	0020      	movs	r0, r4
100054b8:	3008      	adds	r0, #8
100054ba:	e002      	b.n	100054c2 <_malloc_r+0x18a>
100054bc:	230c      	movs	r3, #12
100054be:	2000      	movs	r0, #0
100054c0:	6033      	str	r3, [r6, #0]
100054c2:	b003      	add	sp, #12
100054c4:	bcf0      	pop	{r4, r5, r6, r7}
100054c6:	46bb      	mov	fp, r7
100054c8:	46b2      	mov	sl, r6
100054ca:	46a9      	mov	r9, r5
100054cc:	46a0      	mov	r8, r4
100054ce:	bdf0      	pop	{r4, r5, r6, r7, pc}
100054d0:	2180      	movs	r1, #128	; 0x80
100054d2:	233f      	movs	r3, #63	; 0x3f
100054d4:	2040      	movs	r0, #64	; 0x40
100054d6:	4698      	mov	r8, r3
100054d8:	0089      	lsls	r1, r1, #2
100054da:	e776      	b.n	100053ca <_malloc_r+0x92>
100054dc:	68dc      	ldr	r4, [r3, #12]
100054de:	3002      	adds	r0, #2
100054e0:	42a3      	cmp	r3, r4
100054e2:	d000      	beq.n	100054e6 <_malloc_r+0x1ae>
100054e4:	e744      	b.n	10005370 <_malloc_r+0x38>
100054e6:	003a      	movs	r2, r7
100054e8:	693c      	ldr	r4, [r7, #16]
100054ea:	3208      	adds	r2, #8
100054ec:	4294      	cmp	r4, r2
100054ee:	d000      	beq.n	100054f2 <_malloc_r+0x1ba>
100054f0:	e786      	b.n	10005400 <_malloc_r+0xc8>
100054f2:	2101      	movs	r1, #1
100054f4:	687b      	ldr	r3, [r7, #4]
100054f6:	1082      	asrs	r2, r0, #2
100054f8:	4091      	lsls	r1, r2
100054fa:	4299      	cmp	r1, r3
100054fc:	d9a5      	bls.n	1000544a <_malloc_r+0x112>
100054fe:	2303      	movs	r3, #3
10005500:	68bc      	ldr	r4, [r7, #8]
10005502:	6862      	ldr	r2, [r4, #4]
10005504:	439a      	bics	r2, r3
10005506:	4691      	mov	r9, r2
10005508:	4295      	cmp	r5, r2
1000550a:	d803      	bhi.n	10005514 <_malloc_r+0x1dc>
1000550c:	1b53      	subs	r3, r2, r5
1000550e:	2b0f      	cmp	r3, #15
10005510:	dd00      	ble.n	10005514 <_malloc_r+0x1dc>
10005512:	e08a      	b.n	1000562a <_malloc_r+0x2f2>
10005514:	0023      	movs	r3, r4
10005516:	444b      	add	r3, r9
10005518:	4a5f      	ldr	r2, [pc, #380]	; (10005698 <_malloc_r+0x360>)
1000551a:	9301      	str	r3, [sp, #4]
1000551c:	4b5f      	ldr	r3, [pc, #380]	; (1000569c <_malloc_r+0x364>)
1000551e:	4693      	mov	fp, r2
10005520:	469a      	mov	sl, r3
10005522:	6812      	ldr	r2, [r2, #0]
10005524:	681b      	ldr	r3, [r3, #0]
10005526:	18eb      	adds	r3, r5, r3
10005528:	3201      	adds	r2, #1
1000552a:	d100      	bne.n	1000552e <_malloc_r+0x1f6>
1000552c:	e136      	b.n	1000579c <_malloc_r+0x464>
1000552e:	4a5c      	ldr	r2, [pc, #368]	; (100056a0 <_malloc_r+0x368>)
10005530:	4694      	mov	ip, r2
10005532:	4463      	add	r3, ip
10005534:	0b1b      	lsrs	r3, r3, #12
10005536:	031b      	lsls	r3, r3, #12
10005538:	9300      	str	r3, [sp, #0]
1000553a:	0030      	movs	r0, r6
1000553c:	9900      	ldr	r1, [sp, #0]
1000553e:	f000 f9b9 	bl	100058b4 <_sbrk_r>
10005542:	0003      	movs	r3, r0
10005544:	4680      	mov	r8, r0
10005546:	3301      	adds	r3, #1
10005548:	d100      	bne.n	1000554c <_malloc_r+0x214>
1000554a:	e0f3      	b.n	10005734 <_malloc_r+0x3fc>
1000554c:	9b01      	ldr	r3, [sp, #4]
1000554e:	4283      	cmp	r3, r0
10005550:	d900      	bls.n	10005554 <_malloc_r+0x21c>
10005552:	e0ed      	b.n	10005730 <_malloc_r+0x3f8>
10005554:	4652      	mov	r2, sl
10005556:	9800      	ldr	r0, [sp, #0]
10005558:	6852      	ldr	r2, [r2, #4]
1000555a:	0003      	movs	r3, r0
1000555c:	4694      	mov	ip, r2
1000555e:	4651      	mov	r1, sl
10005560:	4463      	add	r3, ip
10005562:	604b      	str	r3, [r1, #4]
10005564:	9901      	ldr	r1, [sp, #4]
10005566:	001a      	movs	r2, r3
10005568:	4541      	cmp	r1, r8
1000556a:	d100      	bne.n	1000556e <_malloc_r+0x236>
1000556c:	e14b      	b.n	10005806 <_malloc_r+0x4ce>
1000556e:	465b      	mov	r3, fp
10005570:	681b      	ldr	r3, [r3, #0]
10005572:	3301      	adds	r3, #1
10005574:	d100      	bne.n	10005578 <_malloc_r+0x240>
10005576:	e150      	b.n	1000581a <_malloc_r+0x4e2>
10005578:	4643      	mov	r3, r8
1000557a:	9901      	ldr	r1, [sp, #4]
1000557c:	1a5b      	subs	r3, r3, r1
1000557e:	189a      	adds	r2, r3, r2
10005580:	4653      	mov	r3, sl
10005582:	605a      	str	r2, [r3, #4]
10005584:	2307      	movs	r3, #7
10005586:	4642      	mov	r2, r8
10005588:	4641      	mov	r1, r8
1000558a:	401a      	ands	r2, r3
1000558c:	9201      	str	r2, [sp, #4]
1000558e:	4219      	tst	r1, r3
10005590:	d100      	bne.n	10005594 <_malloc_r+0x25c>
10005592:	e10d      	b.n	100057b0 <_malloc_r+0x478>
10005594:	2308      	movs	r3, #8
10005596:	4698      	mov	r8, r3
10005598:	1a88      	subs	r0, r1, r2
1000559a:	4b42      	ldr	r3, [pc, #264]	; (100056a4 <_malloc_r+0x36c>)
1000559c:	9900      	ldr	r1, [sp, #0]
1000559e:	4480      	add	r8, r0
100055a0:	4441      	add	r1, r8
100055a2:	1a9b      	subs	r3, r3, r2
100055a4:	1a5b      	subs	r3, r3, r1
100055a6:	051b      	lsls	r3, r3, #20
100055a8:	0d1b      	lsrs	r3, r3, #20
100055aa:	9100      	str	r1, [sp, #0]
100055ac:	0030      	movs	r0, r6
100055ae:	0019      	movs	r1, r3
100055b0:	469b      	mov	fp, r3
100055b2:	f000 f97f 	bl	100058b4 <_sbrk_r>
100055b6:	1c43      	adds	r3, r0, #1
100055b8:	d100      	bne.n	100055bc <_malloc_r+0x284>
100055ba:	e14a      	b.n	10005852 <_malloc_r+0x51a>
100055bc:	4643      	mov	r3, r8
100055be:	1ac0      	subs	r0, r0, r3
100055c0:	0003      	movs	r3, r0
100055c2:	445b      	add	r3, fp
100055c4:	9300      	str	r3, [sp, #0]
100055c6:	4653      	mov	r3, sl
100055c8:	4652      	mov	r2, sl
100055ca:	685b      	ldr	r3, [r3, #4]
100055cc:	2101      	movs	r1, #1
100055ce:	445b      	add	r3, fp
100055d0:	6053      	str	r3, [r2, #4]
100055d2:	4642      	mov	r2, r8
100055d4:	4640      	mov	r0, r8
100055d6:	60ba      	str	r2, [r7, #8]
100055d8:	9a00      	ldr	r2, [sp, #0]
100055da:	430a      	orrs	r2, r1
100055dc:	6042      	str	r2, [r0, #4]
100055de:	42bc      	cmp	r4, r7
100055e0:	d100      	bne.n	100055e4 <_malloc_r+0x2ac>
100055e2:	e11e      	b.n	10005822 <_malloc_r+0x4ea>
100055e4:	464a      	mov	r2, r9
100055e6:	2a0f      	cmp	r2, #15
100055e8:	d800      	bhi.n	100055ec <_malloc_r+0x2b4>
100055ea:	e11c      	b.n	10005826 <_malloc_r+0x4ee>
100055ec:	2007      	movs	r0, #7
100055ee:	3a0c      	subs	r2, #12
100055f0:	4382      	bics	r2, r0
100055f2:	6860      	ldr	r0, [r4, #4]
100055f4:	4001      	ands	r1, r0
100055f6:	2005      	movs	r0, #5
100055f8:	4311      	orrs	r1, r2
100055fa:	6061      	str	r1, [r4, #4]
100055fc:	18a1      	adds	r1, r4, r2
100055fe:	6048      	str	r0, [r1, #4]
10005600:	6088      	str	r0, [r1, #8]
10005602:	2a0f      	cmp	r2, #15
10005604:	d900      	bls.n	10005608 <_malloc_r+0x2d0>
10005606:	e12f      	b.n	10005868 <_malloc_r+0x530>
10005608:	4642      	mov	r2, r8
1000560a:	4644      	mov	r4, r8
1000560c:	6852      	ldr	r2, [r2, #4]
1000560e:	4651      	mov	r1, sl
10005610:	6ac9      	ldr	r1, [r1, #44]	; 0x2c
10005612:	4299      	cmp	r1, r3
10005614:	d201      	bcs.n	1000561a <_malloc_r+0x2e2>
10005616:	4651      	mov	r1, sl
10005618:	62cb      	str	r3, [r1, #44]	; 0x2c
1000561a:	4651      	mov	r1, sl
1000561c:	6b09      	ldr	r1, [r1, #48]	; 0x30
1000561e:	4299      	cmp	r1, r3
10005620:	d300      	bcc.n	10005624 <_malloc_r+0x2ec>
10005622:	e089      	b.n	10005738 <_malloc_r+0x400>
10005624:	4651      	mov	r1, sl
10005626:	630b      	str	r3, [r1, #48]	; 0x30
10005628:	e086      	b.n	10005738 <_malloc_r+0x400>
1000562a:	2201      	movs	r2, #1
1000562c:	0029      	movs	r1, r5
1000562e:	4313      	orrs	r3, r2
10005630:	4311      	orrs	r1, r2
10005632:	1965      	adds	r5, r4, r5
10005634:	6061      	str	r1, [r4, #4]
10005636:	0030      	movs	r0, r6
10005638:	60bd      	str	r5, [r7, #8]
1000563a:	606b      	str	r3, [r5, #4]
1000563c:	f000 f938 	bl	100058b0 <__malloc_unlock>
10005640:	0020      	movs	r0, r4
10005642:	3008      	adds	r0, #8
10005644:	e73d      	b.n	100054c2 <_malloc_r+0x18a>
10005646:	0a5a      	lsrs	r2, r3, #9
10005648:	2a04      	cmp	r2, #4
1000564a:	d96b      	bls.n	10005724 <_malloc_r+0x3ec>
1000564c:	2a14      	cmp	r2, #20
1000564e:	d900      	bls.n	10005652 <_malloc_r+0x31a>
10005650:	e0be      	b.n	100057d0 <_malloc_r+0x498>
10005652:	0011      	movs	r1, r2
10005654:	325c      	adds	r2, #92	; 0x5c
10005656:	315b      	adds	r1, #91	; 0x5b
10005658:	00d2      	lsls	r2, r2, #3
1000565a:	2308      	movs	r3, #8
1000565c:	425b      	negs	r3, r3
1000565e:	469c      	mov	ip, r3
10005660:	18ba      	adds	r2, r7, r2
10005662:	4494      	add	ip, r2
10005664:	4663      	mov	r3, ip
10005666:	689a      	ldr	r2, [r3, #8]
10005668:	2303      	movs	r3, #3
1000566a:	4698      	mov	r8, r3
1000566c:	4594      	cmp	ip, r2
1000566e:	d100      	bne.n	10005672 <_malloc_r+0x33a>
10005670:	e097      	b.n	100057a2 <_malloc_r+0x46a>
10005672:	4643      	mov	r3, r8
10005674:	6851      	ldr	r1, [r2, #4]
10005676:	4399      	bics	r1, r3
10005678:	4549      	cmp	r1, r9
1000567a:	d902      	bls.n	10005682 <_malloc_r+0x34a>
1000567c:	6892      	ldr	r2, [r2, #8]
1000567e:	4594      	cmp	ip, r2
10005680:	d1f7      	bne.n	10005672 <_malloc_r+0x33a>
10005682:	68d3      	ldr	r3, [r2, #12]
10005684:	469c      	mov	ip, r3
10005686:	687b      	ldr	r3, [r7, #4]
10005688:	4661      	mov	r1, ip
1000568a:	60a2      	str	r2, [r4, #8]
1000568c:	60e1      	str	r1, [r4, #12]
1000568e:	608c      	str	r4, [r1, #8]
10005690:	60d4      	str	r4, [r2, #12]
10005692:	e6d5      	b.n	10005440 <_malloc_r+0x108>
10005694:	200006b8 	.word	0x200006b8
10005698:	200006b0 	.word	0x200006b0
1000569c:	20000ec8 	.word	0x20000ec8
100056a0:	0000100f 	.word	0x0000100f
100056a4:	00001008 	.word	0x00001008
100056a8:	2814      	cmp	r0, #20
100056aa:	d952      	bls.n	10005752 <_malloc_r+0x41a>
100056ac:	2854      	cmp	r0, #84	; 0x54
100056ae:	d900      	bls.n	100056b2 <_malloc_r+0x37a>
100056b0:	e096      	b.n	100057e0 <_malloc_r+0x4a8>
100056b2:	236e      	movs	r3, #110	; 0x6e
100056b4:	4698      	mov	r8, r3
100056b6:	0b28      	lsrs	r0, r5, #12
100056b8:	4480      	add	r8, r0
100056ba:	306f      	adds	r0, #111	; 0x6f
100056bc:	00c1      	lsls	r1, r0, #3
100056be:	e684      	b.n	100053ca <_malloc_r+0x92>
100056c0:	2308      	movs	r3, #8
100056c2:	469b      	mov	fp, r3
100056c4:	3b07      	subs	r3, #7
100056c6:	44dc      	add	ip, fp
100056c8:	469b      	mov	fp, r3
100056ca:	44da      	add	sl, fp
100056cc:	4643      	mov	r3, r8
100056ce:	4652      	mov	r2, sl
100056d0:	4213      	tst	r3, r2
100056d2:	d000      	beq.n	100056d6 <_malloc_r+0x39e>
100056d4:	e6c8      	b.n	10005468 <_malloc_r+0x130>
100056d6:	e04c      	b.n	10005772 <_malloc_r+0x43a>
100056d8:	2201      	movs	r2, #1
100056da:	18e3      	adds	r3, r4, r3
100056dc:	6859      	ldr	r1, [r3, #4]
100056de:	0030      	movs	r0, r6
100056e0:	430a      	orrs	r2, r1
100056e2:	605a      	str	r2, [r3, #4]
100056e4:	68e3      	ldr	r3, [r4, #12]
100056e6:	68a2      	ldr	r2, [r4, #8]
100056e8:	60d3      	str	r3, [r2, #12]
100056ea:	609a      	str	r2, [r3, #8]
100056ec:	f000 f8e0 	bl	100058b0 <__malloc_unlock>
100056f0:	0020      	movs	r0, r4
100056f2:	3008      	adds	r0, #8
100056f4:	e6e5      	b.n	100054c2 <_malloc_r+0x18a>
100056f6:	002b      	movs	r3, r5
100056f8:	08e8      	lsrs	r0, r5, #3
100056fa:	3308      	adds	r3, #8
100056fc:	e630      	b.n	10005360 <_malloc_r+0x28>
100056fe:	2301      	movs	r3, #1
10005700:	1960      	adds	r0, r4, r5
10005702:	431d      	orrs	r5, r3
10005704:	6065      	str	r5, [r4, #4]
10005706:	6178      	str	r0, [r7, #20]
10005708:	6138      	str	r0, [r7, #16]
1000570a:	60c2      	str	r2, [r0, #12]
1000570c:	6082      	str	r2, [r0, #8]
1000570e:	001a      	movs	r2, r3
10005710:	464b      	mov	r3, r9
10005712:	430a      	orrs	r2, r1
10005714:	6042      	str	r2, [r0, #4]
10005716:	0030      	movs	r0, r6
10005718:	50e1      	str	r1, [r4, r3]
1000571a:	f000 f8c9 	bl	100058b0 <__malloc_unlock>
1000571e:	0020      	movs	r0, r4
10005720:	3008      	adds	r0, #8
10005722:	e6ce      	b.n	100054c2 <_malloc_r+0x18a>
10005724:	099a      	lsrs	r2, r3, #6
10005726:	0011      	movs	r1, r2
10005728:	3239      	adds	r2, #57	; 0x39
1000572a:	3138      	adds	r1, #56	; 0x38
1000572c:	00d2      	lsls	r2, r2, #3
1000572e:	e794      	b.n	1000565a <_malloc_r+0x322>
10005730:	42bc      	cmp	r4, r7
10005732:	d060      	beq.n	100057f6 <_malloc_r+0x4be>
10005734:	68bc      	ldr	r4, [r7, #8]
10005736:	6862      	ldr	r2, [r4, #4]
10005738:	2303      	movs	r3, #3
1000573a:	439a      	bics	r2, r3
1000573c:	1b53      	subs	r3, r2, r5
1000573e:	4295      	cmp	r5, r2
10005740:	d802      	bhi.n	10005748 <_malloc_r+0x410>
10005742:	2b0f      	cmp	r3, #15
10005744:	dd00      	ble.n	10005748 <_malloc_r+0x410>
10005746:	e770      	b.n	1000562a <_malloc_r+0x2f2>
10005748:	0030      	movs	r0, r6
1000574a:	f000 f8b1 	bl	100058b0 <__malloc_unlock>
1000574e:	2000      	movs	r0, #0
10005750:	e6b7      	b.n	100054c2 <_malloc_r+0x18a>
10005752:	235b      	movs	r3, #91	; 0x5b
10005754:	4698      	mov	r8, r3
10005756:	4480      	add	r8, r0
10005758:	305c      	adds	r0, #92	; 0x5c
1000575a:	00c1      	lsls	r1, r0, #3
1000575c:	e635      	b.n	100053ca <_malloc_r+0x92>
1000575e:	2308      	movs	r3, #8
10005760:	425b      	negs	r3, r3
10005762:	469c      	mov	ip, r3
10005764:	44e1      	add	r9, ip
10005766:	464b      	mov	r3, r9
10005768:	689b      	ldr	r3, [r3, #8]
1000576a:	3801      	subs	r0, #1
1000576c:	454b      	cmp	r3, r9
1000576e:	d000      	beq.n	10005772 <_malloc_r+0x43a>
10005770:	e097      	b.n	100058a2 <_malloc_r+0x56a>
10005772:	4643      	mov	r3, r8
10005774:	4203      	tst	r3, r0
10005776:	d1f2      	bne.n	1000575e <_malloc_r+0x426>
10005778:	687b      	ldr	r3, [r7, #4]
1000577a:	438b      	bics	r3, r1
1000577c:	607b      	str	r3, [r7, #4]
1000577e:	0049      	lsls	r1, r1, #1
10005780:	4299      	cmp	r1, r3
10005782:	d900      	bls.n	10005786 <_malloc_r+0x44e>
10005784:	e6bb      	b.n	100054fe <_malloc_r+0x1c6>
10005786:	2900      	cmp	r1, #0
10005788:	d104      	bne.n	10005794 <_malloc_r+0x45c>
1000578a:	e6b8      	b.n	100054fe <_malloc_r+0x1c6>
1000578c:	2204      	movs	r2, #4
1000578e:	4694      	mov	ip, r2
10005790:	0049      	lsls	r1, r1, #1
10005792:	44e2      	add	sl, ip
10005794:	420b      	tst	r3, r1
10005796:	d0f9      	beq.n	1000578c <_malloc_r+0x454>
10005798:	4650      	mov	r0, sl
1000579a:	e660      	b.n	1000545e <_malloc_r+0x126>
1000579c:	3310      	adds	r3, #16
1000579e:	9300      	str	r3, [sp, #0]
100057a0:	e6cb      	b.n	1000553a <_malloc_r+0x202>
100057a2:	1089      	asrs	r1, r1, #2
100057a4:	3b02      	subs	r3, #2
100057a6:	408b      	lsls	r3, r1
100057a8:	6879      	ldr	r1, [r7, #4]
100057aa:	430b      	orrs	r3, r1
100057ac:	607b      	str	r3, [r7, #4]
100057ae:	e76b      	b.n	10005688 <_malloc_r+0x350>
100057b0:	9b00      	ldr	r3, [sp, #0]
100057b2:	0030      	movs	r0, r6
100057b4:	4443      	add	r3, r8
100057b6:	425b      	negs	r3, r3
100057b8:	051b      	lsls	r3, r3, #20
100057ba:	0d1b      	lsrs	r3, r3, #20
100057bc:	0019      	movs	r1, r3
100057be:	469b      	mov	fp, r3
100057c0:	f000 f878 	bl	100058b4 <_sbrk_r>
100057c4:	1c43      	adds	r3, r0, #1
100057c6:	d000      	beq.n	100057ca <_malloc_r+0x492>
100057c8:	e6f8      	b.n	100055bc <_malloc_r+0x284>
100057ca:	2300      	movs	r3, #0
100057cc:	469b      	mov	fp, r3
100057ce:	e6fa      	b.n	100055c6 <_malloc_r+0x28e>
100057d0:	2a54      	cmp	r2, #84	; 0x54
100057d2:	d82a      	bhi.n	1000582a <_malloc_r+0x4f2>
100057d4:	0b1a      	lsrs	r2, r3, #12
100057d6:	0011      	movs	r1, r2
100057d8:	326f      	adds	r2, #111	; 0x6f
100057da:	316e      	adds	r1, #110	; 0x6e
100057dc:	00d2      	lsls	r2, r2, #3
100057de:	e73c      	b.n	1000565a <_malloc_r+0x322>
100057e0:	23aa      	movs	r3, #170	; 0xaa
100057e2:	005b      	lsls	r3, r3, #1
100057e4:	4298      	cmp	r0, r3
100057e6:	d82a      	bhi.n	1000583e <_malloc_r+0x506>
100057e8:	3bdd      	subs	r3, #221	; 0xdd
100057ea:	4698      	mov	r8, r3
100057ec:	0be8      	lsrs	r0, r5, #15
100057ee:	4480      	add	r8, r0
100057f0:	3078      	adds	r0, #120	; 0x78
100057f2:	00c1      	lsls	r1, r0, #3
100057f4:	e5e9      	b.n	100053ca <_malloc_r+0x92>
100057f6:	4653      	mov	r3, sl
100057f8:	685b      	ldr	r3, [r3, #4]
100057fa:	9a00      	ldr	r2, [sp, #0]
100057fc:	469c      	mov	ip, r3
100057fe:	4653      	mov	r3, sl
10005800:	4462      	add	r2, ip
10005802:	605a      	str	r2, [r3, #4]
10005804:	e6b3      	b.n	1000556e <_malloc_r+0x236>
10005806:	0509      	lsls	r1, r1, #20
10005808:	d000      	beq.n	1000580c <_malloc_r+0x4d4>
1000580a:	e6b0      	b.n	1000556e <_malloc_r+0x236>
1000580c:	0002      	movs	r2, r0
1000580e:	68bc      	ldr	r4, [r7, #8]
10005810:	444a      	add	r2, r9
10005812:	3101      	adds	r1, #1
10005814:	430a      	orrs	r2, r1
10005816:	6062      	str	r2, [r4, #4]
10005818:	e6f9      	b.n	1000560e <_malloc_r+0x2d6>
1000581a:	465b      	mov	r3, fp
1000581c:	4642      	mov	r2, r8
1000581e:	601a      	str	r2, [r3, #0]
10005820:	e6b0      	b.n	10005584 <_malloc_r+0x24c>
10005822:	4644      	mov	r4, r8
10005824:	e6f3      	b.n	1000560e <_malloc_r+0x2d6>
10005826:	6041      	str	r1, [r0, #4]
10005828:	e78e      	b.n	10005748 <_malloc_r+0x410>
1000582a:	21aa      	movs	r1, #170	; 0xaa
1000582c:	0049      	lsls	r1, r1, #1
1000582e:	428a      	cmp	r2, r1
10005830:	d824      	bhi.n	1000587c <_malloc_r+0x544>
10005832:	0bda      	lsrs	r2, r3, #15
10005834:	0011      	movs	r1, r2
10005836:	3278      	adds	r2, #120	; 0x78
10005838:	3177      	adds	r1, #119	; 0x77
1000583a:	00d2      	lsls	r2, r2, #3
1000583c:	e70d      	b.n	1000565a <_malloc_r+0x322>
1000583e:	4b1a      	ldr	r3, [pc, #104]	; (100058a8 <_malloc_r+0x570>)
10005840:	4298      	cmp	r0, r3
10005842:	d824      	bhi.n	1000588e <_malloc_r+0x556>
10005844:	237c      	movs	r3, #124	; 0x7c
10005846:	4698      	mov	r8, r3
10005848:	0ca8      	lsrs	r0, r5, #18
1000584a:	4480      	add	r8, r0
1000584c:	307d      	adds	r0, #125	; 0x7d
1000584e:	00c1      	lsls	r1, r0, #3
10005850:	e5bb      	b.n	100053ca <_malloc_r+0x92>
10005852:	9a00      	ldr	r2, [sp, #0]
10005854:	9b01      	ldr	r3, [sp, #4]
10005856:	4694      	mov	ip, r2
10005858:	4642      	mov	r2, r8
1000585a:	3b08      	subs	r3, #8
1000585c:	4463      	add	r3, ip
1000585e:	1a9b      	subs	r3, r3, r2
10005860:	9300      	str	r3, [sp, #0]
10005862:	2300      	movs	r3, #0
10005864:	469b      	mov	fp, r3
10005866:	e6ae      	b.n	100055c6 <_malloc_r+0x28e>
10005868:	0021      	movs	r1, r4
1000586a:	0030      	movs	r0, r6
1000586c:	3108      	adds	r1, #8
1000586e:	f001 f9c3 	bl	10006bf8 <_free_r>
10005872:	4653      	mov	r3, sl
10005874:	68bc      	ldr	r4, [r7, #8]
10005876:	685b      	ldr	r3, [r3, #4]
10005878:	6862      	ldr	r2, [r4, #4]
1000587a:	e6c8      	b.n	1000560e <_malloc_r+0x2d6>
1000587c:	490a      	ldr	r1, [pc, #40]	; (100058a8 <_malloc_r+0x570>)
1000587e:	428a      	cmp	r2, r1
10005880:	d80b      	bhi.n	1000589a <_malloc_r+0x562>
10005882:	0c9a      	lsrs	r2, r3, #18
10005884:	0011      	movs	r1, r2
10005886:	327d      	adds	r2, #125	; 0x7d
10005888:	317c      	adds	r1, #124	; 0x7c
1000588a:	00d2      	lsls	r2, r2, #3
1000588c:	e6e5      	b.n	1000565a <_malloc_r+0x322>
1000588e:	21fe      	movs	r1, #254	; 0xfe
10005890:	237e      	movs	r3, #126	; 0x7e
10005892:	207f      	movs	r0, #127	; 0x7f
10005894:	4698      	mov	r8, r3
10005896:	0089      	lsls	r1, r1, #2
10005898:	e597      	b.n	100053ca <_malloc_r+0x92>
1000589a:	22fe      	movs	r2, #254	; 0xfe
1000589c:	217e      	movs	r1, #126	; 0x7e
1000589e:	0092      	lsls	r2, r2, #2
100058a0:	e6db      	b.n	1000565a <_malloc_r+0x322>
100058a2:	687b      	ldr	r3, [r7, #4]
100058a4:	e76b      	b.n	1000577e <_malloc_r+0x446>
100058a6:	46c0      	nop			; (mov r8, r8)
100058a8:	00000554 	.word	0x00000554

100058ac <__malloc_lock>:
100058ac:	4770      	bx	lr
100058ae:	46c0      	nop			; (mov r8, r8)

100058b0 <__malloc_unlock>:
100058b0:	4770      	bx	lr
100058b2:	46c0      	nop			; (mov r8, r8)

100058b4 <_sbrk_r>:
100058b4:	2300      	movs	r3, #0
100058b6:	b570      	push	{r4, r5, r6, lr}
100058b8:	4d06      	ldr	r5, [pc, #24]	; (100058d4 <_sbrk_r+0x20>)
100058ba:	0004      	movs	r4, r0
100058bc:	0008      	movs	r0, r1
100058be:	602b      	str	r3, [r5, #0]
100058c0:	f7ff fb72 	bl	10004fa8 <_sbrk>
100058c4:	1c43      	adds	r3, r0, #1
100058c6:	d000      	beq.n	100058ca <_sbrk_r+0x16>
100058c8:	bd70      	pop	{r4, r5, r6, pc}
100058ca:	682b      	ldr	r3, [r5, #0]
100058cc:	2b00      	cmp	r3, #0
100058ce:	d0fb      	beq.n	100058c8 <_sbrk_r+0x14>
100058d0:	6023      	str	r3, [r4, #0]
100058d2:	e7f9      	b.n	100058c8 <_sbrk_r+0x14>
100058d4:	20000efc 	.word	0x20000efc

100058d8 <strcmp>:
100058d8:	4602      	mov	r2, r0
100058da:	b570      	push	{r4, r5, r6, lr}
100058dc:	430a      	orrs	r2, r1
100058de:	0792      	lsls	r2, r2, #30
100058e0:	d12a      	bne.n	10005938 <strcmp+0x60>
100058e2:	4d1e      	ldr	r5, [pc, #120]	; (1000595c <strcmp+0x84>)
100058e4:	01ee      	lsls	r6, r5, #7
100058e6:	c804      	ldmia	r0!, {r2}
100058e8:	c908      	ldmia	r1!, {r3}
100058ea:	1b54      	subs	r4, r2, r5
100058ec:	4394      	bics	r4, r2
100058ee:	4034      	ands	r4, r6
100058f0:	d017      	beq.n	10005922 <strcmp+0x4a>
100058f2:	b2d0      	uxtb	r0, r2
100058f4:	b2d9      	uxtb	r1, r3
100058f6:	1a40      	subs	r0, r0, r1
100058f8:	0621      	lsls	r1, r4, #24
100058fa:	4301      	orrs	r1, r0
100058fc:	d110      	bne.n	10005920 <strcmp+0x48>
100058fe:	b290      	uxth	r0, r2
10005900:	b299      	uxth	r1, r3
10005902:	1a40      	subs	r0, r0, r1
10005904:	0421      	lsls	r1, r4, #16
10005906:	4301      	orrs	r1, r0
10005908:	d10a      	bne.n	10005920 <strcmp+0x48>
1000590a:	0210      	lsls	r0, r2, #8
1000590c:	0219      	lsls	r1, r3, #8
1000590e:	0a00      	lsrs	r0, r0, #8
10005910:	0a09      	lsrs	r1, r1, #8
10005912:	1a40      	subs	r0, r0, r1
10005914:	0221      	lsls	r1, r4, #8
10005916:	4301      	orrs	r1, r0
10005918:	d102      	bne.n	10005920 <strcmp+0x48>
1000591a:	0e10      	lsrs	r0, r2, #24
1000591c:	0e19      	lsrs	r1, r3, #24
1000591e:	1a40      	subs	r0, r0, r1
10005920:	bd70      	pop	{r4, r5, r6, pc}
10005922:	429a      	cmp	r2, r3
10005924:	d0df      	beq.n	100058e6 <strcmp+0xe>
10005926:	ba10      	rev	r0, r2
10005928:	ba19      	rev	r1, r3
1000592a:	4288      	cmp	r0, r1
1000592c:	d901      	bls.n	10005932 <strcmp+0x5a>
1000592e:	2001      	movs	r0, #1
10005930:	bd70      	pop	{r4, r5, r6, pc}
10005932:	2000      	movs	r0, #0
10005934:	43c0      	mvns	r0, r0
10005936:	bd70      	pop	{r4, r5, r6, pc}
10005938:	7802      	ldrb	r2, [r0, #0]
1000593a:	780b      	ldrb	r3, [r1, #0]
1000593c:	3001      	adds	r0, #1
1000593e:	3101      	adds	r1, #1
10005940:	2a00      	cmp	r2, #0
10005942:	d009      	beq.n	10005958 <strcmp+0x80>
10005944:	429a      	cmp	r2, r3
10005946:	d107      	bne.n	10005958 <strcmp+0x80>
10005948:	7802      	ldrb	r2, [r0, #0]
1000594a:	780b      	ldrb	r3, [r1, #0]
1000594c:	3001      	adds	r0, #1
1000594e:	3101      	adds	r1, #1
10005950:	2a00      	cmp	r2, #0
10005952:	d001      	beq.n	10005958 <strcmp+0x80>
10005954:	429a      	cmp	r2, r3
10005956:	d0ef      	beq.n	10005938 <strcmp+0x60>
10005958:	1ad0      	subs	r0, r2, r3
1000595a:	bd70      	pop	{r4, r5, r6, pc}
1000595c:	01010101 	.word	0x01010101

10005960 <strlen>:
10005960:	b510      	push	{r4, lr}
10005962:	0783      	lsls	r3, r0, #30
10005964:	d00a      	beq.n	1000597c <strlen+0x1c>
10005966:	0003      	movs	r3, r0
10005968:	2103      	movs	r1, #3
1000596a:	e002      	b.n	10005972 <strlen+0x12>
1000596c:	3301      	adds	r3, #1
1000596e:	420b      	tst	r3, r1
10005970:	d005      	beq.n	1000597e <strlen+0x1e>
10005972:	781a      	ldrb	r2, [r3, #0]
10005974:	2a00      	cmp	r2, #0
10005976:	d1f9      	bne.n	1000596c <strlen+0xc>
10005978:	1a18      	subs	r0, r3, r0
1000597a:	bd10      	pop	{r4, pc}
1000597c:	0003      	movs	r3, r0
1000597e:	6819      	ldr	r1, [r3, #0]
10005980:	4a0c      	ldr	r2, [pc, #48]	; (100059b4 <strlen+0x54>)
10005982:	4c0d      	ldr	r4, [pc, #52]	; (100059b8 <strlen+0x58>)
10005984:	188a      	adds	r2, r1, r2
10005986:	438a      	bics	r2, r1
10005988:	4222      	tst	r2, r4
1000598a:	d10f      	bne.n	100059ac <strlen+0x4c>
1000598c:	6859      	ldr	r1, [r3, #4]
1000598e:	4a09      	ldr	r2, [pc, #36]	; (100059b4 <strlen+0x54>)
10005990:	3304      	adds	r3, #4
10005992:	188a      	adds	r2, r1, r2
10005994:	438a      	bics	r2, r1
10005996:	4222      	tst	r2, r4
10005998:	d108      	bne.n	100059ac <strlen+0x4c>
1000599a:	6859      	ldr	r1, [r3, #4]
1000599c:	4a05      	ldr	r2, [pc, #20]	; (100059b4 <strlen+0x54>)
1000599e:	3304      	adds	r3, #4
100059a0:	188a      	adds	r2, r1, r2
100059a2:	438a      	bics	r2, r1
100059a4:	4222      	tst	r2, r4
100059a6:	d0f1      	beq.n	1000598c <strlen+0x2c>
100059a8:	e000      	b.n	100059ac <strlen+0x4c>
100059aa:	3301      	adds	r3, #1
100059ac:	781a      	ldrb	r2, [r3, #0]
100059ae:	2a00      	cmp	r2, #0
100059b0:	d1fb      	bne.n	100059aa <strlen+0x4a>
100059b2:	e7e1      	b.n	10005978 <strlen+0x18>
100059b4:	fefefeff 	.word	0xfefefeff
100059b8:	80808080 	.word	0x80808080

100059bc <_strtod_l>:
100059bc:	b5f0      	push	{r4, r5, r6, r7, lr}
100059be:	46de      	mov	lr, fp
100059c0:	4657      	mov	r7, sl
100059c2:	4645      	mov	r5, r8
100059c4:	464e      	mov	r6, r9
100059c6:	001c      	movs	r4, r3
100059c8:	2300      	movs	r3, #0
100059ca:	b5e0      	push	{r5, r6, r7, lr}
100059cc:	b0a1      	sub	sp, #132	; 0x84
100059ce:	931c      	str	r3, [sp, #112]	; 0x70
100059d0:	4bbb      	ldr	r3, [pc, #748]	; (10005cc0 <_strtod_l+0x304>)
100059d2:	4682      	mov	sl, r0
100059d4:	681b      	ldr	r3, [r3, #0]
100059d6:	000d      	movs	r5, r1
100059d8:	0018      	movs	r0, r3
100059da:	9208      	str	r2, [sp, #32]
100059dc:	9307      	str	r3, [sp, #28]
100059de:	f7ff ffbf 	bl	10005960 <strlen>
100059e2:	2200      	movs	r2, #0
100059e4:	2300      	movs	r3, #0
100059e6:	4683      	mov	fp, r0
100059e8:	002f      	movs	r7, r5
100059ea:	9204      	str	r2, [sp, #16]
100059ec:	9305      	str	r3, [sp, #20]
100059ee:	4ab5      	ldr	r2, [pc, #724]	; (10005cc4 <_strtod_l+0x308>)
100059f0:	951b      	str	r5, [sp, #108]	; 0x6c
100059f2:	783b      	ldrb	r3, [r7, #0]
100059f4:	2b2d      	cmp	r3, #45	; 0x2d
100059f6:	d802      	bhi.n	100059fe <_strtod_l+0x42>
100059f8:	0099      	lsls	r1, r3, #2
100059fa:	5851      	ldr	r1, [r2, r1]
100059fc:	468f      	mov	pc, r1
100059fe:	2200      	movs	r2, #0
10005a00:	9209      	str	r2, [sp, #36]	; 0x24
10005a02:	2200      	movs	r2, #0
10005a04:	920a      	str	r2, [sp, #40]	; 0x28
10005a06:	2b30      	cmp	r3, #48	; 0x30
10005a08:	d100      	bne.n	10005a0c <_strtod_l+0x50>
10005a0a:	e0e5      	b.n	10005bd8 <_strtod_l+0x21c>
10005a0c:	001c      	movs	r4, r3
10005a0e:	2b2f      	cmp	r3, #47	; 0x2f
10005a10:	d801      	bhi.n	10005a16 <_strtod_l+0x5a>
10005a12:	f000 fd7c 	bl	1000650e <_strtod_l+0xb52>
10005a16:	2200      	movs	r2, #0
10005a18:	46ac      	mov	ip, r5
10005a1a:	0038      	movs	r0, r7
10005a1c:	2600      	movs	r6, #0
10005a1e:	0019      	movs	r1, r3
10005a20:	0015      	movs	r5, r2
10005a22:	e00b      	b.n	10005a3c <_strtod_l+0x80>
10005a24:	3001      	adds	r0, #1
10005a26:	0093      	lsls	r3, r2, #2
10005a28:	189a      	adds	r2, r3, r2
10005a2a:	901b      	str	r0, [sp, #108]	; 0x6c
10005a2c:	7804      	ldrb	r4, [r0, #0]
10005a2e:	0052      	lsls	r2, r2, #1
10005a30:	1852      	adds	r2, r2, r1
10005a32:	3a30      	subs	r2, #48	; 0x30
10005a34:	0021      	movs	r1, r4
10005a36:	3601      	adds	r6, #1
10005a38:	2c2f      	cmp	r4, #47	; 0x2f
10005a3a:	dd10      	ble.n	10005a5e <_strtod_l+0xa2>
10005a3c:	2c39      	cmp	r4, #57	; 0x39
10005a3e:	dc5b      	bgt.n	10005af8 <_strtod_l+0x13c>
10005a40:	2e08      	cmp	r6, #8
10005a42:	ddef      	ble.n	10005a24 <_strtod_l+0x68>
10005a44:	00ab      	lsls	r3, r5, #2
10005a46:	195b      	adds	r3, r3, r5
10005a48:	3001      	adds	r0, #1
10005a4a:	005b      	lsls	r3, r3, #1
10005a4c:	901b      	str	r0, [sp, #108]	; 0x6c
10005a4e:	185b      	adds	r3, r3, r1
10005a50:	7804      	ldrb	r4, [r0, #0]
10005a52:	3b30      	subs	r3, #48	; 0x30
10005a54:	001d      	movs	r5, r3
10005a56:	0021      	movs	r1, r4
10005a58:	3601      	adds	r6, #1
10005a5a:	2c2f      	cmp	r4, #47	; 0x2f
10005a5c:	dcee      	bgt.n	10005a3c <_strtod_l+0x80>
10005a5e:	4690      	mov	r8, r2
10005a60:	9907      	ldr	r1, [sp, #28]
10005a62:	465a      	mov	r2, fp
10005a64:	46a9      	mov	r9, r5
10005a66:	4665      	mov	r5, ip
10005a68:	f002 fb88 	bl	1000817c <strncmp>
10005a6c:	2800      	cmp	r0, #0
10005a6e:	d100      	bne.n	10005a72 <_strtod_l+0xb6>
10005a70:	e2ba      	b.n	10005fe8 <_strtod_l+0x62c>
10005a72:	960d      	str	r6, [sp, #52]	; 0x34
10005a74:	2300      	movs	r3, #0
10005a76:	2000      	movs	r0, #0
10005a78:	469c      	mov	ip, r3
10005a7a:	9310      	str	r3, [sp, #64]	; 0x40
10005a7c:	930b      	str	r3, [sp, #44]	; 0x2c
10005a7e:	2e00      	cmp	r6, #0
10005a80:	d000      	beq.n	10005a84 <_strtod_l+0xc8>
10005a82:	e127      	b.n	10005cd4 <_strtod_l+0x318>
10005a84:	9b0a      	ldr	r3, [sp, #40]	; 0x28
10005a86:	4303      	orrs	r3, r0
10005a88:	d000      	beq.n	10005a8c <_strtod_l+0xd0>
10005a8a:	e29c      	b.n	10005fc6 <_strtod_l+0x60a>
10005a8c:	4663      	mov	r3, ip
10005a8e:	2b00      	cmp	r3, #0
10005a90:	d11e      	bne.n	10005ad0 <_strtod_l+0x114>
10005a92:	2c69      	cmp	r4, #105	; 0x69
10005a94:	d101      	bne.n	10005a9a <_strtod_l+0xde>
10005a96:	f000 fcb4 	bl	10006402 <_strtod_l+0xa46>
10005a9a:	dc17      	bgt.n	10005acc <_strtod_l+0x110>
10005a9c:	2c49      	cmp	r4, #73	; 0x49
10005a9e:	d101      	bne.n	10005aa4 <_strtod_l+0xe8>
10005aa0:	f000 fcaf 	bl	10006402 <_strtod_l+0xa46>
10005aa4:	2c4e      	cmp	r4, #78	; 0x4e
10005aa6:	d113      	bne.n	10005ad0 <_strtod_l+0x114>
10005aa8:	4987      	ldr	r1, [pc, #540]	; (10005cc8 <_strtod_l+0x30c>)
10005aaa:	a81b      	add	r0, sp, #108	; 0x6c
10005aac:	f001 fcbe 	bl	1000742c <__match>
10005ab0:	2800      	cmp	r0, #0
10005ab2:	d00d      	beq.n	10005ad0 <_strtod_l+0x114>
10005ab4:	9b1b      	ldr	r3, [sp, #108]	; 0x6c
10005ab6:	781b      	ldrb	r3, [r3, #0]
10005ab8:	2b28      	cmp	r3, #40	; 0x28
10005aba:	d101      	bne.n	10005ac0 <_strtod_l+0x104>
10005abc:	f000 fe54 	bl	10006768 <_strtod_l+0xdac>
10005ac0:	4882      	ldr	r0, [pc, #520]	; (10005ccc <_strtod_l+0x310>)
10005ac2:	f002 fb51 	bl	10008168 <nan>
10005ac6:	4683      	mov	fp, r0
10005ac8:	000f      	movs	r7, r1
10005aca:	e27f      	b.n	10005fcc <_strtod_l+0x610>
10005acc:	2c6e      	cmp	r4, #110	; 0x6e
10005ace:	d0eb      	beq.n	10005aa8 <_strtod_l+0xec>
10005ad0:	9b08      	ldr	r3, [sp, #32]
10005ad2:	2b00      	cmp	r3, #0
10005ad4:	d002      	beq.n	10005adc <_strtod_l+0x120>
10005ad6:	9b08      	ldr	r3, [sp, #32]
10005ad8:	601d      	str	r5, [r3, #0]
10005ada:	2300      	movs	r3, #0
10005adc:	469b      	mov	fp, r3
10005ade:	2700      	movs	r7, #0
10005ae0:	4658      	mov	r0, fp
10005ae2:	0039      	movs	r1, r7
10005ae4:	b021      	add	sp, #132	; 0x84
10005ae6:	bcf0      	pop	{r4, r5, r6, r7}
10005ae8:	46bb      	mov	fp, r7
10005aea:	46b2      	mov	sl, r6
10005aec:	46a9      	mov	r9, r5
10005aee:	46a0      	mov	r8, r4
10005af0:	bdf0      	pop	{r4, r5, r6, r7, pc}
10005af2:	3701      	adds	r7, #1
10005af4:	971b      	str	r7, [sp, #108]	; 0x6c
10005af6:	e77c      	b.n	100059f2 <_strtod_l+0x36>
10005af8:	4690      	mov	r8, r2
10005afa:	9907      	ldr	r1, [sp, #28]
10005afc:	465a      	mov	r2, fp
10005afe:	46a9      	mov	r9, r5
10005b00:	4665      	mov	r5, ip
10005b02:	f002 fb3b 	bl	1000817c <strncmp>
10005b06:	2800      	cmp	r0, #0
10005b08:	d17a      	bne.n	10005c00 <_strtod_l+0x244>
10005b0a:	9b1b      	ldr	r3, [sp, #108]	; 0x6c
10005b0c:	445b      	add	r3, fp
10005b0e:	931b      	str	r3, [sp, #108]	; 0x6c
10005b10:	781c      	ldrb	r4, [r3, #0]
10005b12:	2e00      	cmp	r6, #0
10005b14:	d001      	beq.n	10005b1a <_strtod_l+0x15e>
10005b16:	f000 fd7f 	bl	10006618 <_strtod_l+0xc5c>
10005b1a:	2c30      	cmp	r4, #48	; 0x30
10005b1c:	d001      	beq.n	10005b22 <_strtod_l+0x166>
10005b1e:	f000 fd6c 	bl	100065fa <_strtod_l+0xc3e>
10005b22:	2201      	movs	r2, #1
10005b24:	1ad2      	subs	r2, r2, r3
10005b26:	1898      	adds	r0, r3, r2
10005b28:	3301      	adds	r3, #1
10005b2a:	931b      	str	r3, [sp, #108]	; 0x6c
10005b2c:	781c      	ldrb	r4, [r3, #0]
10005b2e:	2c30      	cmp	r4, #48	; 0x30
10005b30:	d0f9      	beq.n	10005b26 <_strtod_l+0x16a>
10005b32:	0023      	movs	r3, r4
10005b34:	3b31      	subs	r3, #49	; 0x31
10005b36:	2b08      	cmp	r3, #8
10005b38:	d900      	bls.n	10005b3c <_strtod_l+0x180>
10005b3a:	e3ba      	b.n	100062b2 <_strtod_l+0x8f6>
10005b3c:	9b1b      	ldr	r3, [sp, #108]	; 0x6c
10005b3e:	2601      	movs	r6, #1
10005b40:	469c      	mov	ip, r3
10005b42:	2330      	movs	r3, #48	; 0x30
10005b44:	425b      	negs	r3, r3
10005b46:	469b      	mov	fp, r3
10005b48:	44a3      	add	fp, r4
10005b4a:	465b      	mov	r3, fp
10005b4c:	9307      	str	r3, [sp, #28]
10005b4e:	1c43      	adds	r3, r0, #1
10005b50:	9310      	str	r3, [sp, #64]	; 0x40
10005b52:	2300      	movs	r3, #0
10005b54:	4667      	mov	r7, ip
10005b56:	930d      	str	r3, [sp, #52]	; 0x34
10005b58:	4643      	mov	r3, r8
10005b5a:	9a07      	ldr	r2, [sp, #28]
10005b5c:	009b      	lsls	r3, r3, #2
10005b5e:	4443      	add	r3, r8
10005b60:	4690      	mov	r8, r2
10005b62:	005b      	lsls	r3, r3, #1
10005b64:	4443      	add	r3, r8
10005b66:	4698      	mov	r8, r3
10005b68:	2000      	movs	r0, #0
10005b6a:	4663      	mov	r3, ip
10005b6c:	3301      	adds	r3, #1
10005b6e:	931b      	str	r3, [sp, #108]	; 0x6c
10005b70:	4663      	mov	r3, ip
10005b72:	785c      	ldrb	r4, [r3, #1]
10005b74:	0021      	movs	r1, r4
10005b76:	3930      	subs	r1, #48	; 0x30
10005b78:	2909      	cmp	r1, #9
10005b7a:	d900      	bls.n	10005b7e <_strtod_l+0x1c2>
10005b7c:	e338      	b.n	100061f0 <_strtod_l+0x834>
10005b7e:	9b1b      	ldr	r3, [sp, #108]	; 0x6c
10005b80:	3001      	adds	r0, #1
10005b82:	469c      	mov	ip, r3
10005b84:	9107      	str	r1, [sp, #28]
10005b86:	2900      	cmp	r1, #0
10005b88:	d0ef      	beq.n	10005b6a <_strtod_l+0x1ae>
10005b8a:	9c10      	ldr	r4, [sp, #64]	; 0x40
10005b8c:	1c73      	adds	r3, r6, #1
10005b8e:	46a3      	mov	fp, r4
10005b90:	4483      	add	fp, r0
10005b92:	465c      	mov	r4, fp
10005b94:	001a      	movs	r2, r3
10005b96:	9410      	str	r4, [sp, #64]	; 0x40
10005b98:	2801      	cmp	r0, #1
10005b9a:	d101      	bne.n	10005ba0 <_strtod_l+0x1e4>
10005b9c:	f000 fcb2 	bl	10006504 <_strtod_l+0xb48>
10005ba0:	000a      	movs	r2, r1
10005ba2:	002c      	movs	r4, r5
10005ba4:	1980      	adds	r0, r0, r6
10005ba6:	468b      	mov	fp, r1
10005ba8:	4645      	mov	r5, r8
10005baa:	4649      	mov	r1, r9
10005bac:	46a0      	mov	r8, r4
10005bae:	4691      	mov	r9, r2
10005bb0:	3801      	subs	r0, #1
10005bb2:	e007      	b.n	10005bc4 <_strtod_l+0x208>
10005bb4:	00ac      	lsls	r4, r5, #2
10005bb6:	1965      	adds	r5, r4, r5
10005bb8:	006d      	lsls	r5, r5, #1
10005bba:	4298      	cmp	r0, r3
10005bbc:	d101      	bne.n	10005bc2 <_strtod_l+0x206>
10005bbe:	f000 fc98 	bl	100064f2 <_strtod_l+0xb36>
10005bc2:	3301      	adds	r3, #1
10005bc4:	0032      	movs	r2, r6
10005bc6:	001e      	movs	r6, r3
10005bc8:	2a08      	cmp	r2, #8
10005bca:	d9f3      	bls.n	10005bb4 <_strtod_l+0x1f8>
10005bcc:	2b10      	cmp	r3, #16
10005bce:	dcf4      	bgt.n	10005bba <_strtod_l+0x1fe>
10005bd0:	008c      	lsls	r4, r1, #2
10005bd2:	1861      	adds	r1, r4, r1
10005bd4:	0049      	lsls	r1, r1, #1
10005bd6:	e7f0      	b.n	10005bba <_strtod_l+0x1fe>
10005bd8:	787b      	ldrb	r3, [r7, #1]
10005bda:	3220      	adds	r2, #32
10005bdc:	4393      	bics	r3, r2
10005bde:	1c7e      	adds	r6, r7, #1
10005be0:	2b58      	cmp	r3, #88	; 0x58
10005be2:	d101      	bne.n	10005be8 <_strtod_l+0x22c>
10005be4:	f000 fc60 	bl	100064a8 <_strtod_l+0xaec>
10005be8:	0037      	movs	r7, r6
10005bea:	961b      	str	r6, [sp, #108]	; 0x6c
10005bec:	783b      	ldrb	r3, [r7, #0]
10005bee:	3601      	adds	r6, #1
10005bf0:	2b30      	cmp	r3, #48	; 0x30
10005bf2:	d0f9      	beq.n	10005be8 <_strtod_l+0x22c>
10005bf4:	2b00      	cmp	r3, #0
10005bf6:	d100      	bne.n	10005bfa <_strtod_l+0x23e>
10005bf8:	e1e5      	b.n	10005fc6 <_strtod_l+0x60a>
10005bfa:	2201      	movs	r2, #1
10005bfc:	920a      	str	r2, [sp, #40]	; 0x28
10005bfe:	e705      	b.n	10005a0c <_strtod_l+0x50>
10005c00:	2300      	movs	r3, #0
10005c02:	2000      	movs	r0, #0
10005c04:	469c      	mov	ip, r3
10005c06:	960d      	str	r6, [sp, #52]	; 0x34
10005c08:	9310      	str	r3, [sp, #64]	; 0x40
10005c0a:	2320      	movs	r3, #32
10005c0c:	0022      	movs	r2, r4
10005c0e:	439a      	bics	r2, r3
10005c10:	0013      	movs	r3, r2
10005c12:	2200      	movs	r2, #0
10005c14:	920b      	str	r2, [sp, #44]	; 0x2c
10005c16:	2b45      	cmp	r3, #69	; 0x45
10005c18:	d000      	beq.n	10005c1c <_strtod_l+0x260>
10005c1a:	e730      	b.n	10005a7e <_strtod_l+0xc2>
10005c1c:	0033      	movs	r3, r6
10005c1e:	9a0a      	ldr	r2, [sp, #40]	; 0x28
10005c20:	4303      	orrs	r3, r0
10005c22:	4313      	orrs	r3, r2
10005c24:	d100      	bne.n	10005c28 <_strtod_l+0x26c>
10005c26:	e753      	b.n	10005ad0 <_strtod_l+0x114>
10005c28:	9d1b      	ldr	r5, [sp, #108]	; 0x6c
10005c2a:	1c6b      	adds	r3, r5, #1
10005c2c:	931b      	str	r3, [sp, #108]	; 0x6c
10005c2e:	786c      	ldrb	r4, [r5, #1]
10005c30:	2c2b      	cmp	r4, #43	; 0x2b
10005c32:	d101      	bne.n	10005c38 <_strtod_l+0x27c>
10005c34:	f000 fc26 	bl	10006484 <_strtod_l+0xac8>
10005c38:	2c2d      	cmp	r4, #45	; 0x2d
10005c3a:	d100      	bne.n	10005c3e <_strtod_l+0x282>
10005c3c:	e307      	b.n	1000624e <_strtod_l+0x892>
10005c3e:	2300      	movs	r3, #0
10005c40:	469b      	mov	fp, r3
10005c42:	0023      	movs	r3, r4
10005c44:	3b30      	subs	r3, #48	; 0x30
10005c46:	2b09      	cmp	r3, #9
10005c48:	d900      	bls.n	10005c4c <_strtod_l+0x290>
10005c4a:	e2fb      	b.n	10006244 <_strtod_l+0x888>
10005c4c:	2c30      	cmp	r4, #48	; 0x30
10005c4e:	d106      	bne.n	10005c5e <_strtod_l+0x2a2>
10005c50:	9b1b      	ldr	r3, [sp, #108]	; 0x6c
10005c52:	3301      	adds	r3, #1
10005c54:	931b      	str	r3, [sp, #108]	; 0x6c
10005c56:	781c      	ldrb	r4, [r3, #0]
10005c58:	3301      	adds	r3, #1
10005c5a:	2c30      	cmp	r4, #48	; 0x30
10005c5c:	d0fa      	beq.n	10005c54 <_strtod_l+0x298>
10005c5e:	2300      	movs	r3, #0
10005c60:	930b      	str	r3, [sp, #44]	; 0x2c
10005c62:	0023      	movs	r3, r4
10005c64:	3b31      	subs	r3, #49	; 0x31
10005c66:	2b08      	cmp	r3, #8
10005c68:	d900      	bls.n	10005c6c <_strtod_l+0x2b0>
10005c6a:	e708      	b.n	10005a7e <_strtod_l+0xc2>
10005c6c:	9a1b      	ldr	r2, [sp, #108]	; 0x6c
10005c6e:	3301      	adds	r3, #1
10005c70:	1c51      	adds	r1, r2, #1
10005c72:	911b      	str	r1, [sp, #108]	; 0x6c
10005c74:	7854      	ldrb	r4, [r2, #1]
10005c76:	9207      	str	r2, [sp, #28]
10005c78:	0022      	movs	r2, r4
10005c7a:	2c2f      	cmp	r4, #47	; 0x2f
10005c7c:	dc0d      	bgt.n	10005c9a <_strtod_l+0x2de>
10005c7e:	f000 fc79 	bl	10006574 <_strtod_l+0xbb8>
10005c82:	009c      	lsls	r4, r3, #2
10005c84:	18e4      	adds	r4, r4, r3
10005c86:	0064      	lsls	r4, r4, #1
10005c88:	18a4      	adds	r4, r4, r2
10005c8a:	000a      	movs	r2, r1
10005c8c:	0023      	movs	r3, r4
10005c8e:	3101      	adds	r1, #1
10005c90:	911b      	str	r1, [sp, #108]	; 0x6c
10005c92:	7852      	ldrb	r2, [r2, #1]
10005c94:	3b30      	subs	r3, #48	; 0x30
10005c96:	2a2f      	cmp	r2, #47	; 0x2f
10005c98:	dd01      	ble.n	10005c9e <_strtod_l+0x2e2>
10005c9a:	2a39      	cmp	r2, #57	; 0x39
10005c9c:	ddf1      	ble.n	10005c82 <_strtod_l+0x2c6>
10005c9e:	0014      	movs	r4, r2
10005ca0:	9a07      	ldr	r2, [sp, #28]
10005ca2:	1a89      	subs	r1, r1, r2
10005ca4:	2908      	cmp	r1, #8
10005ca6:	dc01      	bgt.n	10005cac <_strtod_l+0x2f0>
10005ca8:	f000 fc64 	bl	10006574 <_strtod_l+0xbb8>
10005cac:	4b08      	ldr	r3, [pc, #32]	; (10005cd0 <_strtod_l+0x314>)
10005cae:	930b      	str	r3, [sp, #44]	; 0x2c
10005cb0:	465b      	mov	r3, fp
10005cb2:	2b00      	cmp	r3, #0
10005cb4:	d100      	bne.n	10005cb8 <_strtod_l+0x2fc>
10005cb6:	e6e2      	b.n	10005a7e <_strtod_l+0xc2>
10005cb8:	9b0b      	ldr	r3, [sp, #44]	; 0x2c
10005cba:	425b      	negs	r3, r3
10005cbc:	930b      	str	r3, [sp, #44]	; 0x2c
10005cbe:	e6de      	b.n	10005a7e <_strtod_l+0xc2>
10005cc0:	10008ad4 	.word	0x10008ad4
10005cc4:	10008860 	.word	0x10008860
10005cc8:	10008858 	.word	0x10008858
10005ccc:	10008814 	.word	0x10008814
10005cd0:	00004e1f 	.word	0x00004e1f
10005cd4:	9b0b      	ldr	r3, [sp, #44]	; 0x2c
10005cd6:	9a10      	ldr	r2, [sp, #64]	; 0x40
10005cd8:	1a9b      	subs	r3, r3, r2
10005cda:	930c      	str	r3, [sp, #48]	; 0x30
10005cdc:	9b0d      	ldr	r3, [sp, #52]	; 0x34
10005cde:	2b00      	cmp	r3, #0
10005ce0:	d100      	bne.n	10005ce4 <_strtod_l+0x328>
10005ce2:	960d      	str	r6, [sp, #52]	; 0x34
10005ce4:	46b3      	mov	fp, r6
10005ce6:	2e10      	cmp	r6, #16
10005ce8:	dd01      	ble.n	10005cee <_strtod_l+0x332>
10005cea:	2310      	movs	r3, #16
10005cec:	469b      	mov	fp, r3
10005cee:	4640      	mov	r0, r8
10005cf0:	f7fd fc68 	bl	100035c4 <__wrap___aeabi_ui2d>
10005cf4:	9004      	str	r0, [sp, #16]
10005cf6:	9105      	str	r1, [sp, #20]
10005cf8:	2e09      	cmp	r6, #9
10005cfa:	dd15      	ble.n	10005d28 <_strtod_l+0x36c>
10005cfc:	465a      	mov	r2, fp
10005cfe:	4bbe      	ldr	r3, [pc, #760]	; (10005ff8 <_strtod_l+0x63c>)
10005d00:	3a09      	subs	r2, #9
10005d02:	00d2      	lsls	r2, r2, #3
10005d04:	189b      	adds	r3, r3, r2
10005d06:	681a      	ldr	r2, [r3, #0]
10005d08:	685b      	ldr	r3, [r3, #4]
10005d0a:	f7fd fbec 	bl	100034e6 <__wrap___aeabi_dmul>
10005d0e:	0004      	movs	r4, r0
10005d10:	4648      	mov	r0, r9
10005d12:	000d      	movs	r5, r1
10005d14:	f7fd fc56 	bl	100035c4 <__wrap___aeabi_ui2d>
10005d18:	0002      	movs	r2, r0
10005d1a:	000b      	movs	r3, r1
10005d1c:	0020      	movs	r0, r4
10005d1e:	0029      	movs	r1, r5
10005d20:	f7fd fbc2 	bl	100034a8 <__wrap___aeabi_dadd>
10005d24:	9004      	str	r0, [sp, #16]
10005d26:	9105      	str	r1, [sp, #20]
10005d28:	2e0f      	cmp	r6, #15
10005d2a:	dd00      	ble.n	10005d2e <_strtod_l+0x372>
10005d2c:	e172      	b.n	10006014 <_strtod_l+0x658>
10005d2e:	9b0c      	ldr	r3, [sp, #48]	; 0x30
10005d30:	2b00      	cmp	r3, #0
10005d32:	d100      	bne.n	10005d36 <_strtod_l+0x37a>
10005d34:	e360      	b.n	100063f8 <_strtod_l+0xa3c>
10005d36:	9b0c      	ldr	r3, [sp, #48]	; 0x30
10005d38:	2b00      	cmp	r3, #0
10005d3a:	dc01      	bgt.n	10005d40 <_strtod_l+0x384>
10005d3c:	f000 fbf5 	bl	1000652a <_strtod_l+0xb6e>
10005d40:	2b16      	cmp	r3, #22
10005d42:	dc01      	bgt.n	10005d48 <_strtod_l+0x38c>
10005d44:	f000 fc5c 	bl	10006600 <_strtod_l+0xc44>
10005d48:	2325      	movs	r3, #37	; 0x25
10005d4a:	9a0c      	ldr	r2, [sp, #48]	; 0x30
10005d4c:	1b9b      	subs	r3, r3, r6
10005d4e:	4293      	cmp	r3, r2
10005d50:	db01      	blt.n	10005d56 <_strtod_l+0x39a>
10005d52:	f000 fc73 	bl	1000663c <_strtod_l+0xc80>
10005d56:	465b      	mov	r3, fp
10005d58:	1af4      	subs	r4, r6, r3
10005d5a:	9b0c      	ldr	r3, [sp, #48]	; 0x30
10005d5c:	469c      	mov	ip, r3
10005d5e:	4464      	add	r4, ip
10005d60:	230f      	movs	r3, #15
10005d62:	001a      	movs	r2, r3
10005d64:	4022      	ands	r2, r4
10005d66:	4223      	tst	r3, r4
10005d68:	d00a      	beq.n	10005d80 <_strtod_l+0x3c4>
10005d6a:	49a3      	ldr	r1, [pc, #652]	; (10005ff8 <_strtod_l+0x63c>)
10005d6c:	00d2      	lsls	r2, r2, #3
10005d6e:	1889      	adds	r1, r1, r2
10005d70:	6808      	ldr	r0, [r1, #0]
10005d72:	6849      	ldr	r1, [r1, #4]
10005d74:	9a04      	ldr	r2, [sp, #16]
10005d76:	9b05      	ldr	r3, [sp, #20]
10005d78:	f7fd fbb5 	bl	100034e6 <__wrap___aeabi_dmul>
10005d7c:	9004      	str	r0, [sp, #16]
10005d7e:	9105      	str	r1, [sp, #20]
10005d80:	230f      	movs	r3, #15
10005d82:	439c      	bics	r4, r3
10005d84:	1e23      	subs	r3, r4, #0
10005d86:	d000      	beq.n	10005d8a <_strtod_l+0x3ce>
10005d88:	e2ab      	b.n	100062e2 <_strtod_l+0x926>
10005d8a:	2300      	movs	r3, #0
10005d8c:	9307      	str	r3, [sp, #28]
10005d8e:	4643      	mov	r3, r8
10005d90:	0039      	movs	r1, r7
10005d92:	9300      	str	r3, [sp, #0]
10005d94:	4650      	mov	r0, sl
10005d96:	0033      	movs	r3, r6
10005d98:	9a0d      	ldr	r2, [sp, #52]	; 0x34
10005d9a:	f001 fced 	bl	10007778 <__s2b>
10005d9e:	4680      	mov	r8, r0
10005da0:	2800      	cmp	r0, #0
10005da2:	d100      	bne.n	10005da6 <_strtod_l+0x3ea>
10005da4:	e39f      	b.n	100064e6 <_strtod_l+0xb2a>
10005da6:	990c      	ldr	r1, [sp, #48]	; 0x30
10005da8:	9b10      	ldr	r3, [sp, #64]	; 0x40
10005daa:	980b      	ldr	r0, [sp, #44]	; 0x2c
10005dac:	17ca      	asrs	r2, r1, #31
10005dae:	1a1b      	subs	r3, r3, r0
10005db0:	401a      	ands	r2, r3
10005db2:	43cb      	mvns	r3, r1
10005db4:	17db      	asrs	r3, r3, #31
10005db6:	4019      	ands	r1, r3
10005db8:	2600      	movs	r6, #0
10005dba:	2300      	movs	r3, #0
10005dbc:	46c3      	mov	fp, r8
10005dbe:	4699      	mov	r9, r3
10005dc0:	46b0      	mov	r8, r6
10005dc2:	4657      	mov	r7, sl
10005dc4:	920d      	str	r2, [sp, #52]	; 0x34
10005dc6:	9113      	str	r1, [sp, #76]	; 0x4c
10005dc8:	465b      	mov	r3, fp
10005dca:	0038      	movs	r0, r7
10005dcc:	6859      	ldr	r1, [r3, #4]
10005dce:	f001 fc4d 	bl	1000766c <_Balloc>
10005dd2:	4682      	mov	sl, r0
10005dd4:	2800      	cmp	r0, #0
10005dd6:	d100      	bne.n	10005dda <_strtod_l+0x41e>
10005dd8:	e389      	b.n	100064ee <_strtod_l+0xb32>
10005dda:	465b      	mov	r3, fp
10005ddc:	4659      	mov	r1, fp
10005dde:	691b      	ldr	r3, [r3, #16]
10005de0:	310c      	adds	r1, #12
10005de2:	1c9a      	adds	r2, r3, #2
10005de4:	0092      	lsls	r2, r2, #2
10005de6:	300c      	adds	r0, #12
10005de8:	f7fd fdd2 	bl	10003990 <__wrap___aeabi_memcpy>
10005dec:	9b04      	ldr	r3, [sp, #16]
10005dee:	9c05      	ldr	r4, [sp, #20]
10005df0:	0019      	movs	r1, r3
10005df2:	930b      	str	r3, [sp, #44]	; 0x2c
10005df4:	ab1e      	add	r3, sp, #120	; 0x78
10005df6:	9301      	str	r3, [sp, #4]
10005df8:	ab1d      	add	r3, sp, #116	; 0x74
10005dfa:	9300      	str	r3, [sp, #0]
10005dfc:	000a      	movs	r2, r1
10005dfe:	0023      	movs	r3, r4
10005e00:	0038      	movs	r0, r7
10005e02:	940a      	str	r4, [sp, #40]	; 0x28
10005e04:	f002 f8ae 	bl	10007f64 <__d2b>
10005e08:	901c      	str	r0, [sp, #112]	; 0x70
10005e0a:	2800      	cmp	r0, #0
10005e0c:	d100      	bne.n	10005e10 <_strtod_l+0x454>
10005e0e:	e1aa      	b.n	10006166 <_strtod_l+0x7aa>
10005e10:	2101      	movs	r1, #1
10005e12:	0038      	movs	r0, r7
10005e14:	f001 fd52 	bl	100078bc <__i2b>
10005e18:	4681      	mov	r9, r0
10005e1a:	2800      	cmp	r0, #0
10005e1c:	d100      	bne.n	10005e20 <_strtod_l+0x464>
10005e1e:	e366      	b.n	100064ee <_strtod_l+0xb32>
10005e20:	9b1d      	ldr	r3, [sp, #116]	; 0x74
10005e22:	2b00      	cmp	r3, #0
10005e24:	da00      	bge.n	10005e28 <_strtod_l+0x46c>
10005e26:	e1be      	b.n	100061a6 <_strtod_l+0x7ea>
10005e28:	9a0d      	ldr	r2, [sp, #52]	; 0x34
10005e2a:	9c13      	ldr	r4, [sp, #76]	; 0x4c
10005e2c:	189d      	adds	r5, r3, r2
10005e2e:	9907      	ldr	r1, [sp, #28]
10005e30:	9a1e      	ldr	r2, [sp, #120]	; 0x78
10005e32:	1a5b      	subs	r3, r3, r1
10005e34:	2136      	movs	r1, #54	; 0x36
10005e36:	189b      	adds	r3, r3, r2
10005e38:	1a8a      	subs	r2, r1, r2
10005e3a:	4970      	ldr	r1, [pc, #448]	; (10005ffc <_strtod_l+0x640>)
10005e3c:	3b01      	subs	r3, #1
10005e3e:	428b      	cmp	r3, r1
10005e40:	db00      	blt.n	10005e44 <_strtod_l+0x488>
10005e42:	e14f      	b.n	100060e4 <_strtod_l+0x728>
10005e44:	1ac9      	subs	r1, r1, r3
10005e46:	1a52      	subs	r2, r2, r1
10005e48:	291f      	cmp	r1, #31
10005e4a:	dd00      	ble.n	10005e4e <_strtod_l+0x492>
10005e4c:	e1c8      	b.n	100061e0 <_strtod_l+0x824>
10005e4e:	2301      	movs	r3, #1
10005e50:	408b      	lsls	r3, r1
10005e52:	930e      	str	r3, [sp, #56]	; 0x38
10005e54:	2300      	movs	r3, #0
10005e56:	9311      	str	r3, [sp, #68]	; 0x44
10005e58:	9b07      	ldr	r3, [sp, #28]
10005e5a:	18a4      	adds	r4, r4, r2
10005e5c:	469c      	mov	ip, r3
10005e5e:	18ae      	adds	r6, r5, r2
10005e60:	002b      	movs	r3, r5
10005e62:	4464      	add	r4, ip
10005e64:	42b5      	cmp	r5, r6
10005e66:	dd00      	ble.n	10005e6a <_strtod_l+0x4ae>
10005e68:	0033      	movs	r3, r6
10005e6a:	42a3      	cmp	r3, r4
10005e6c:	dd00      	ble.n	10005e70 <_strtod_l+0x4b4>
10005e6e:	0023      	movs	r3, r4
10005e70:	2b00      	cmp	r3, #0
10005e72:	dd02      	ble.n	10005e7a <_strtod_l+0x4be>
10005e74:	1af6      	subs	r6, r6, r3
10005e76:	1ae4      	subs	r4, r4, r3
10005e78:	1aed      	subs	r5, r5, r3
10005e7a:	9b0d      	ldr	r3, [sp, #52]	; 0x34
10005e7c:	2b00      	cmp	r3, #0
10005e7e:	dd00      	ble.n	10005e82 <_strtod_l+0x4c6>
10005e80:	e14d      	b.n	1000611e <_strtod_l+0x762>
10005e82:	2e00      	cmp	r6, #0
10005e84:	dd00      	ble.n	10005e88 <_strtod_l+0x4cc>
10005e86:	e165      	b.n	10006154 <_strtod_l+0x798>
10005e88:	9b0c      	ldr	r3, [sp, #48]	; 0x30
10005e8a:	2b00      	cmp	r3, #0
10005e8c:	dd00      	ble.n	10005e90 <_strtod_l+0x4d4>
10005e8e:	e18e      	b.n	100061ae <_strtod_l+0x7f2>
10005e90:	2c00      	cmp	r4, #0
10005e92:	dd00      	ble.n	10005e96 <_strtod_l+0x4da>
10005e94:	e19a      	b.n	100061cc <_strtod_l+0x810>
10005e96:	2d00      	cmp	r5, #0
10005e98:	dd08      	ble.n	10005eac <_strtod_l+0x4f0>
10005e9a:	4649      	mov	r1, r9
10005e9c:	002a      	movs	r2, r5
10005e9e:	0038      	movs	r0, r7
10005ea0:	f001 fe7a 	bl	10007b98 <__lshift>
10005ea4:	4681      	mov	r9, r0
10005ea6:	2800      	cmp	r0, #0
10005ea8:	d100      	bne.n	10005eac <_strtod_l+0x4f0>
10005eaa:	e320      	b.n	100064ee <_strtod_l+0xb32>
10005eac:	4652      	mov	r2, sl
10005eae:	0038      	movs	r0, r7
10005eb0:	991c      	ldr	r1, [sp, #112]	; 0x70
10005eb2:	f001 ff09 	bl	10007cc8 <__mdiff>
10005eb6:	4680      	mov	r8, r0
10005eb8:	2800      	cmp	r0, #0
10005eba:	d100      	bne.n	10005ebe <_strtod_l+0x502>
10005ebc:	e317      	b.n	100064ee <_strtod_l+0xb32>
10005ebe:	68c3      	ldr	r3, [r0, #12]
10005ec0:	4649      	mov	r1, r9
10005ec2:	9310      	str	r3, [sp, #64]	; 0x40
10005ec4:	2300      	movs	r3, #0
10005ec6:	60c3      	str	r3, [r0, #12]
10005ec8:	f001 fee4 	bl	10007c94 <__mcmp>
10005ecc:	2800      	cmp	r0, #0
10005ece:	da01      	bge.n	10005ed4 <_strtod_l+0x518>
10005ed0:	f000 fc60 	bl	10006794 <_strtod_l+0xdd8>
10005ed4:	d100      	bne.n	10005ed8 <_strtod_l+0x51c>
10005ed6:	e3c7      	b.n	10006668 <_strtod_l+0xcac>
10005ed8:	4649      	mov	r1, r9
10005eda:	4640      	mov	r0, r8
10005edc:	f002 f8ae 	bl	1000803c <__ratio>
10005ee0:	2380      	movs	r3, #128	; 0x80
10005ee2:	2200      	movs	r2, #0
10005ee4:	05db      	lsls	r3, r3, #23
10005ee6:	0004      	movs	r4, r0
10005ee8:	000d      	movs	r5, r1
10005eea:	f7fd fb49 	bl	10003580 <__wrap___aeabi_dcmple>
10005eee:	2800      	cmp	r0, #0
10005ef0:	d100      	bne.n	10005ef4 <_strtod_l+0x538>
10005ef2:	e0fc      	b.n	100060ee <_strtod_l+0x732>
10005ef4:	9b10      	ldr	r3, [sp, #64]	; 0x40
10005ef6:	2b00      	cmp	r3, #0
10005ef8:	d100      	bne.n	10005efc <_strtod_l+0x540>
10005efa:	e181      	b.n	10006200 <_strtod_l+0x844>
10005efc:	9b05      	ldr	r3, [sp, #20]
10005efe:	2400      	movs	r4, #0
10005f00:	930e      	str	r3, [sp, #56]	; 0x38
10005f02:	2300      	movs	r3, #0
10005f04:	9311      	str	r3, [sp, #68]	; 0x44
10005f06:	4b3e      	ldr	r3, [pc, #248]	; (10006000 <_strtod_l+0x644>)
10005f08:	4d3d      	ldr	r5, [pc, #244]	; (10006000 <_strtod_l+0x644>)
10005f0a:	9312      	str	r3, [sp, #72]	; 0x48
10005f0c:	4b3d      	ldr	r3, [pc, #244]	; (10006004 <_strtod_l+0x648>)
10005f0e:	9e0e      	ldr	r6, [sp, #56]	; 0x38
10005f10:	401e      	ands	r6, r3
10005f12:	4b3d      	ldr	r3, [pc, #244]	; (10006008 <_strtod_l+0x64c>)
10005f14:	429e      	cmp	r6, r3
10005f16:	d100      	bne.n	10005f1a <_strtod_l+0x55e>
10005f18:	e19f      	b.n	1000625a <_strtod_l+0x89e>
10005f1a:	9b07      	ldr	r3, [sp, #28]
10005f1c:	2b00      	cmp	r3, #0
10005f1e:	d028      	beq.n	10005f72 <_strtod_l+0x5b6>
10005f20:	23d4      	movs	r3, #212	; 0xd4
10005f22:	04db      	lsls	r3, r3, #19
10005f24:	429e      	cmp	r6, r3
10005f26:	d824      	bhi.n	10005f72 <_strtod_l+0x5b6>
10005f28:	4a38      	ldr	r2, [pc, #224]	; (1000600c <_strtod_l+0x650>)
10005f2a:	4b39      	ldr	r3, [pc, #228]	; (10006010 <_strtod_l+0x654>)
10005f2c:	9811      	ldr	r0, [sp, #68]	; 0x44
10005f2e:	9912      	ldr	r1, [sp, #72]	; 0x48
10005f30:	f7fd fb26 	bl	10003580 <__wrap___aeabi_dcmple>
10005f34:	2800      	cmp	r0, #0
10005f36:	d018      	beq.n	10005f6a <_strtod_l+0x5ae>
10005f38:	9811      	ldr	r0, [sp, #68]	; 0x44
10005f3a:	9912      	ldr	r1, [sp, #72]	; 0x48
10005f3c:	f7fd fb82 	bl	10003644 <__wrap___aeabi_d2uiz>
10005f40:	2800      	cmp	r0, #0
10005f42:	d100      	bne.n	10005f46 <_strtod_l+0x58a>
10005f44:	3001      	adds	r0, #1
10005f46:	f7fd fb3d 	bl	100035c4 <__wrap___aeabi_ui2d>
10005f4a:	000b      	movs	r3, r1
10005f4c:	9112      	str	r1, [sp, #72]	; 0x48
10005f4e:	9910      	ldr	r1, [sp, #64]	; 0x40
10005f50:	0002      	movs	r2, r0
10005f52:	9011      	str	r0, [sp, #68]	; 0x44
10005f54:	2900      	cmp	r1, #0
10005f56:	d000      	beq.n	10005f5a <_strtod_l+0x59e>
10005f58:	e315      	b.n	10006586 <_strtod_l+0xbca>
10005f5a:	9216      	str	r2, [sp, #88]	; 0x58
10005f5c:	2280      	movs	r2, #128	; 0x80
10005f5e:	0612      	lsls	r2, r2, #24
10005f60:	4694      	mov	ip, r2
10005f62:	4463      	add	r3, ip
10005f64:	9317      	str	r3, [sp, #92]	; 0x5c
10005f66:	9c16      	ldr	r4, [sp, #88]	; 0x58
10005f68:	9d17      	ldr	r5, [sp, #92]	; 0x5c
10005f6a:	23d6      	movs	r3, #214	; 0xd6
10005f6c:	04db      	lsls	r3, r3, #19
10005f6e:	18eb      	adds	r3, r5, r3
10005f70:	1b9d      	subs	r5, r3, r6
10005f72:	980b      	ldr	r0, [sp, #44]	; 0x2c
10005f74:	990a      	ldr	r1, [sp, #40]	; 0x28
10005f76:	f001 ff6d 	bl	10007e54 <__ulp>
10005f7a:	0002      	movs	r2, r0
10005f7c:	000b      	movs	r3, r1
10005f7e:	0020      	movs	r0, r4
10005f80:	0029      	movs	r1, r5
10005f82:	f7fd fab0 	bl	100034e6 <__wrap___aeabi_dmul>
10005f86:	9a0b      	ldr	r2, [sp, #44]	; 0x2c
10005f88:	9b0a      	ldr	r3, [sp, #40]	; 0x28
10005f8a:	f7fd fa8d 	bl	100034a8 <__wrap___aeabi_dadd>
10005f8e:	000c      	movs	r4, r1
10005f90:	9004      	str	r0, [sp, #16]
10005f92:	9105      	str	r1, [sp, #20]
10005f94:	9b07      	ldr	r3, [sp, #28]
10005f96:	2b00      	cmp	r3, #0
10005f98:	d104      	bne.n	10005fa4 <_strtod_l+0x5e8>
10005f9a:	4b1a      	ldr	r3, [pc, #104]	; (10006004 <_strtod_l+0x648>)
10005f9c:	4023      	ands	r3, r4
10005f9e:	429e      	cmp	r6, r3
10005fa0:	d100      	bne.n	10005fa4 <_strtod_l+0x5e8>
10005fa2:	e246      	b.n	10006432 <_strtod_l+0xa76>
10005fa4:	0038      	movs	r0, r7
10005fa6:	991c      	ldr	r1, [sp, #112]	; 0x70
10005fa8:	f001 fb88 	bl	100076bc <_Bfree>
10005fac:	4651      	mov	r1, sl
10005fae:	0038      	movs	r0, r7
10005fb0:	f001 fb84 	bl	100076bc <_Bfree>
10005fb4:	4649      	mov	r1, r9
10005fb6:	0038      	movs	r0, r7
10005fb8:	f001 fb80 	bl	100076bc <_Bfree>
10005fbc:	4641      	mov	r1, r8
10005fbe:	0038      	movs	r0, r7
10005fc0:	f001 fb7c 	bl	100076bc <_Bfree>
10005fc4:	e700      	b.n	10005dc8 <_strtod_l+0x40c>
10005fc6:	2300      	movs	r3, #0
10005fc8:	2700      	movs	r7, #0
10005fca:	469b      	mov	fp, r3
10005fcc:	9b08      	ldr	r3, [sp, #32]
10005fce:	2b00      	cmp	r3, #0
10005fd0:	d001      	beq.n	10005fd6 <_strtod_l+0x61a>
10005fd2:	9a1b      	ldr	r2, [sp, #108]	; 0x6c
10005fd4:	601a      	str	r2, [r3, #0]
10005fd6:	9b09      	ldr	r3, [sp, #36]	; 0x24
10005fd8:	2b00      	cmp	r3, #0
10005fda:	d100      	bne.n	10005fde <_strtod_l+0x622>
10005fdc:	e580      	b.n	10005ae0 <_strtod_l+0x124>
10005fde:	2180      	movs	r1, #128	; 0x80
10005fe0:	0609      	lsls	r1, r1, #24
10005fe2:	187b      	adds	r3, r7, r1
10005fe4:	001f      	movs	r7, r3
10005fe6:	e57b      	b.n	10005ae0 <_strtod_l+0x124>
10005fe8:	9b1b      	ldr	r3, [sp, #108]	; 0x6c
10005fea:	960d      	str	r6, [sp, #52]	; 0x34
10005fec:	445b      	add	r3, fp
10005fee:	931b      	str	r3, [sp, #108]	; 0x6c
10005ff0:	781c      	ldrb	r4, [r3, #0]
10005ff2:	2300      	movs	r3, #0
10005ff4:	9310      	str	r3, [sp, #64]	; 0x40
10005ff6:	e5bd      	b.n	10005b74 <_strtod_l+0x1b8>
10005ff8:	10008b80 	.word	0x10008b80
10005ffc:	fffffc02 	.word	0xfffffc02
10006000:	3ff00000 	.word	0x3ff00000
10006004:	7ff00000 	.word	0x7ff00000
10006008:	7fe00000 	.word	0x7fe00000
1000600c:	ffc00000 	.word	0xffc00000
10006010:	41dfffff 	.word	0x41dfffff
10006014:	465b      	mov	r3, fp
10006016:	1af4      	subs	r4, r6, r3
10006018:	9b0c      	ldr	r3, [sp, #48]	; 0x30
1000601a:	469c      	mov	ip, r3
1000601c:	4464      	add	r4, ip
1000601e:	2c00      	cmp	r4, #0
10006020:	dd00      	ble.n	10006024 <_strtod_l+0x668>
10006022:	e69d      	b.n	10005d60 <_strtod_l+0x3a4>
10006024:	d100      	bne.n	10006028 <_strtod_l+0x66c>
10006026:	e6b0      	b.n	10005d8a <_strtod_l+0x3ce>
10006028:	230f      	movs	r3, #15
1000602a:	001a      	movs	r2, r3
1000602c:	4264      	negs	r4, r4
1000602e:	4022      	ands	r2, r4
10006030:	4223      	tst	r3, r4
10006032:	d00a      	beq.n	1000604a <_strtod_l+0x68e>
10006034:	9804      	ldr	r0, [sp, #16]
10006036:	9905      	ldr	r1, [sp, #20]
10006038:	4bd1      	ldr	r3, [pc, #836]	; (10006380 <_strtod_l+0x9c4>)
1000603a:	00d2      	lsls	r2, r2, #3
1000603c:	189a      	adds	r2, r3, r2
1000603e:	6853      	ldr	r3, [r2, #4]
10006040:	6812      	ldr	r2, [r2, #0]
10006042:	f7fd fa36 	bl	100034b2 <__wrap___aeabi_ddiv>
10006046:	9004      	str	r0, [sp, #16]
10006048:	9105      	str	r1, [sp, #20]
1000604a:	1124      	asrs	r4, r4, #4
1000604c:	d100      	bne.n	10006050 <_strtod_l+0x694>
1000604e:	e69c      	b.n	10005d8a <_strtod_l+0x3ce>
10006050:	2c1f      	cmp	r4, #31
10006052:	dc40      	bgt.n	100060d6 <_strtod_l+0x71a>
10006054:	2310      	movs	r3, #16
10006056:	001a      	movs	r2, r3
10006058:	4022      	ands	r2, r4
1000605a:	9207      	str	r2, [sp, #28]
1000605c:	4223      	tst	r3, r4
1000605e:	d001      	beq.n	10006064 <_strtod_l+0x6a8>
10006060:	335a      	adds	r3, #90	; 0x5a
10006062:	9307      	str	r3, [sp, #28]
10006064:	2201      	movs	r2, #1
10006066:	9804      	ldr	r0, [sp, #16]
10006068:	9905      	ldr	r1, [sp, #20]
1000606a:	2300      	movs	r3, #0
1000606c:	4691      	mov	r9, r2
1000606e:	4dc5      	ldr	r5, [pc, #788]	; (10006384 <_strtod_l+0x9c8>)
10006070:	3528      	adds	r5, #40	; 0x28
10006072:	464a      	mov	r2, r9
10006074:	4222      	tst	r2, r4
10006076:	d004      	beq.n	10006082 <_strtod_l+0x6c6>
10006078:	682a      	ldr	r2, [r5, #0]
1000607a:	686b      	ldr	r3, [r5, #4]
1000607c:	f7fd fa33 	bl	100034e6 <__wrap___aeabi_dmul>
10006080:	2301      	movs	r3, #1
10006082:	1064      	asrs	r4, r4, #1
10006084:	3508      	adds	r5, #8
10006086:	2c00      	cmp	r4, #0
10006088:	d1f3      	bne.n	10006072 <_strtod_l+0x6b6>
1000608a:	2b00      	cmp	r3, #0
1000608c:	d001      	beq.n	10006092 <_strtod_l+0x6d6>
1000608e:	9004      	str	r0, [sp, #16]
10006090:	9105      	str	r1, [sp, #20]
10006092:	9b07      	ldr	r3, [sp, #28]
10006094:	2b00      	cmp	r3, #0
10006096:	d015      	beq.n	100060c4 <_strtod_l+0x708>
10006098:	9b04      	ldr	r3, [sp, #16]
1000609a:	9c05      	ldr	r4, [sp, #20]
1000609c:	236b      	movs	r3, #107	; 0x6b
1000609e:	0062      	lsls	r2, r4, #1
100060a0:	0d52      	lsrs	r2, r2, #21
100060a2:	0021      	movs	r1, r4
100060a4:	1a9b      	subs	r3, r3, r2
100060a6:	2b00      	cmp	r3, #0
100060a8:	dd0c      	ble.n	100060c4 <_strtod_l+0x708>
100060aa:	2b1f      	cmp	r3, #31
100060ac:	dc01      	bgt.n	100060b2 <_strtod_l+0x6f6>
100060ae:	f000 fbde 	bl	1000686e <_strtod_l+0xeb2>
100060b2:	2000      	movs	r0, #0
100060b4:	9004      	str	r0, [sp, #16]
100060b6:	2b34      	cmp	r3, #52	; 0x34
100060b8:	dc01      	bgt.n	100060be <_strtod_l+0x702>
100060ba:	f000 fc24 	bl	10006906 <_strtod_l+0xf4a>
100060be:	23dc      	movs	r3, #220	; 0xdc
100060c0:	049b      	lsls	r3, r3, #18
100060c2:	9305      	str	r3, [sp, #20]
100060c4:	2200      	movs	r2, #0
100060c6:	9804      	ldr	r0, [sp, #16]
100060c8:	9905      	ldr	r1, [sp, #20]
100060ca:	2300      	movs	r3, #0
100060cc:	f7fd fa4a 	bl	10003564 <__wrap___aeabi_dcmpeq>
100060d0:	2800      	cmp	r0, #0
100060d2:	d100      	bne.n	100060d6 <_strtod_l+0x71a>
100060d4:	e65b      	b.n	10005d8e <_strtod_l+0x3d2>
100060d6:	2322      	movs	r3, #34	; 0x22
100060d8:	4652      	mov	r2, sl
100060da:	6013      	str	r3, [r2, #0]
100060dc:	2300      	movs	r3, #0
100060de:	2700      	movs	r7, #0
100060e0:	469b      	mov	fp, r3
100060e2:	e773      	b.n	10005fcc <_strtod_l+0x610>
100060e4:	2300      	movs	r3, #0
100060e6:	9311      	str	r3, [sp, #68]	; 0x44
100060e8:	3301      	adds	r3, #1
100060ea:	930e      	str	r3, [sp, #56]	; 0x38
100060ec:	e6b4      	b.n	10005e58 <_strtod_l+0x49c>
100060ee:	2200      	movs	r2, #0
100060f0:	4ba5      	ldr	r3, [pc, #660]	; (10006388 <_strtod_l+0x9cc>)
100060f2:	0020      	movs	r0, r4
100060f4:	0029      	movs	r1, r5
100060f6:	f7fd f9f6 	bl	100034e6 <__wrap___aeabi_dmul>
100060fa:	000b      	movs	r3, r1
100060fc:	9112      	str	r1, [sp, #72]	; 0x48
100060fe:	9910      	ldr	r1, [sp, #64]	; 0x40
10006100:	0002      	movs	r2, r0
10006102:	9011      	str	r0, [sp, #68]	; 0x44
10006104:	2900      	cmp	r1, #0
10006106:	d176      	bne.n	100061f6 <_strtod_l+0x83a>
10006108:	9214      	str	r2, [sp, #80]	; 0x50
1000610a:	2280      	movs	r2, #128	; 0x80
1000610c:	0612      	lsls	r2, r2, #24
1000610e:	4694      	mov	ip, r2
10006110:	4463      	add	r3, ip
10006112:	9315      	str	r3, [sp, #84]	; 0x54
10006114:	9b05      	ldr	r3, [sp, #20]
10006116:	9c14      	ldr	r4, [sp, #80]	; 0x50
10006118:	9d15      	ldr	r5, [sp, #84]	; 0x54
1000611a:	930e      	str	r3, [sp, #56]	; 0x38
1000611c:	e6f6      	b.n	10005f0c <_strtod_l+0x550>
1000611e:	4649      	mov	r1, r9
10006120:	001a      	movs	r2, r3
10006122:	0038      	movs	r0, r7
10006124:	f001 fccc 	bl	10007ac0 <__pow5mult>
10006128:	4681      	mov	r9, r0
1000612a:	2800      	cmp	r0, #0
1000612c:	d100      	bne.n	10006130 <_strtod_l+0x774>
1000612e:	e1de      	b.n	100064ee <_strtod_l+0xb32>
10006130:	0001      	movs	r1, r0
10006132:	9a1c      	ldr	r2, [sp, #112]	; 0x70
10006134:	0038      	movs	r0, r7
10006136:	f001 fbf1 	bl	1000791c <__multiply>
1000613a:	9010      	str	r0, [sp, #64]	; 0x40
1000613c:	2800      	cmp	r0, #0
1000613e:	d100      	bne.n	10006142 <_strtod_l+0x786>
10006140:	e1d5      	b.n	100064ee <_strtod_l+0xb32>
10006142:	0038      	movs	r0, r7
10006144:	991c      	ldr	r1, [sp, #112]	; 0x70
10006146:	f001 fab9 	bl	100076bc <_Bfree>
1000614a:	9b10      	ldr	r3, [sp, #64]	; 0x40
1000614c:	931c      	str	r3, [sp, #112]	; 0x70
1000614e:	2e00      	cmp	r6, #0
10006150:	dc00      	bgt.n	10006154 <_strtod_l+0x798>
10006152:	e699      	b.n	10005e88 <_strtod_l+0x4cc>
10006154:	0032      	movs	r2, r6
10006156:	0038      	movs	r0, r7
10006158:	991c      	ldr	r1, [sp, #112]	; 0x70
1000615a:	f001 fd1d 	bl	10007b98 <__lshift>
1000615e:	901c      	str	r0, [sp, #112]	; 0x70
10006160:	2800      	cmp	r0, #0
10006162:	d000      	beq.n	10006166 <_strtod_l+0x7aa>
10006164:	e690      	b.n	10005e88 <_strtod_l+0x4cc>
10006166:	4653      	mov	r3, sl
10006168:	4646      	mov	r6, r8
1000616a:	46ba      	mov	sl, r7
1000616c:	46d8      	mov	r8, fp
1000616e:	930c      	str	r3, [sp, #48]	; 0x30
10006170:	2322      	movs	r3, #34	; 0x22
10006172:	4652      	mov	r2, sl
10006174:	6013      	str	r3, [r2, #0]
10006176:	2300      	movs	r3, #0
10006178:	469b      	mov	fp, r3
1000617a:	4f84      	ldr	r7, [pc, #528]	; (1000638c <_strtod_l+0x9d0>)
1000617c:	0001      	movs	r1, r0
1000617e:	4650      	mov	r0, sl
10006180:	f001 fa9c 	bl	100076bc <_Bfree>
10006184:	4650      	mov	r0, sl
10006186:	990c      	ldr	r1, [sp, #48]	; 0x30
10006188:	f001 fa98 	bl	100076bc <_Bfree>
1000618c:	4649      	mov	r1, r9
1000618e:	4650      	mov	r0, sl
10006190:	f001 fa94 	bl	100076bc <_Bfree>
10006194:	4641      	mov	r1, r8
10006196:	4650      	mov	r0, sl
10006198:	f001 fa90 	bl	100076bc <_Bfree>
1000619c:	0031      	movs	r1, r6
1000619e:	4650      	mov	r0, sl
100061a0:	f001 fa8c 	bl	100076bc <_Bfree>
100061a4:	e712      	b.n	10005fcc <_strtod_l+0x610>
100061a6:	9a13      	ldr	r2, [sp, #76]	; 0x4c
100061a8:	9d0d      	ldr	r5, [sp, #52]	; 0x34
100061aa:	1ad4      	subs	r4, r2, r3
100061ac:	e63f      	b.n	10005e2e <_strtod_l+0x472>
100061ae:	4651      	mov	r1, sl
100061b0:	0038      	movs	r0, r7
100061b2:	9a13      	ldr	r2, [sp, #76]	; 0x4c
100061b4:	f001 fc84 	bl	10007ac0 <__pow5mult>
100061b8:	4682      	mov	sl, r0
100061ba:	1e03      	subs	r3, r0, #0
100061bc:	d000      	beq.n	100061c0 <_strtod_l+0x804>
100061be:	e667      	b.n	10005e90 <_strtod_l+0x4d4>
100061c0:	4646      	mov	r6, r8
100061c2:	46ba      	mov	sl, r7
100061c4:	46d8      	mov	r8, fp
100061c6:	981c      	ldr	r0, [sp, #112]	; 0x70
100061c8:	930c      	str	r3, [sp, #48]	; 0x30
100061ca:	e7d1      	b.n	10006170 <_strtod_l+0x7b4>
100061cc:	4651      	mov	r1, sl
100061ce:	0022      	movs	r2, r4
100061d0:	0038      	movs	r0, r7
100061d2:	f001 fce1 	bl	10007b98 <__lshift>
100061d6:	4682      	mov	sl, r0
100061d8:	1e03      	subs	r3, r0, #0
100061da:	d000      	beq.n	100061de <_strtod_l+0x822>
100061dc:	e65b      	b.n	10005e96 <_strtod_l+0x4da>
100061de:	e7ef      	b.n	100061c0 <_strtod_l+0x804>
100061e0:	496b      	ldr	r1, [pc, #428]	; (10006390 <_strtod_l+0x9d4>)
100061e2:	1acb      	subs	r3, r1, r3
100061e4:	2101      	movs	r1, #1
100061e6:	4099      	lsls	r1, r3
100061e8:	2301      	movs	r3, #1
100061ea:	9111      	str	r1, [sp, #68]	; 0x44
100061ec:	930e      	str	r3, [sp, #56]	; 0x38
100061ee:	e633      	b.n	10005e58 <_strtod_l+0x49c>
100061f0:	2301      	movs	r3, #1
100061f2:	469c      	mov	ip, r3
100061f4:	e509      	b.n	10005c0a <_strtod_l+0x24e>
100061f6:	9a11      	ldr	r2, [sp, #68]	; 0x44
100061f8:	9b12      	ldr	r3, [sp, #72]	; 0x48
100061fa:	9214      	str	r2, [sp, #80]	; 0x50
100061fc:	9315      	str	r3, [sp, #84]	; 0x54
100061fe:	e789      	b.n	10006114 <_strtod_l+0x758>
10006200:	9904      	ldr	r1, [sp, #16]
10006202:	9a05      	ldr	r2, [sp, #20]
10006204:	2900      	cmp	r1, #0
10006206:	d15b      	bne.n	100062c0 <_strtod_l+0x904>
10006208:	920e      	str	r2, [sp, #56]	; 0x38
1000620a:	0313      	lsls	r3, r2, #12
1000620c:	d15d      	bne.n	100062ca <_strtod_l+0x90e>
1000620e:	2200      	movs	r2, #0
10006210:	0020      	movs	r0, r4
10006212:	0029      	movs	r1, r5
10006214:	4b5f      	ldr	r3, [pc, #380]	; (10006394 <_strtod_l+0x9d8>)
10006216:	f7fd f9ad 	bl	10003574 <__wrap___aeabi_dcmplt>
1000621a:	2800      	cmp	r0, #0
1000621c:	d000      	beq.n	10006220 <_strtod_l+0x864>
1000621e:	e200      	b.n	10006622 <_strtod_l+0xc66>
10006220:	2200      	movs	r2, #0
10006222:	4b59      	ldr	r3, [pc, #356]	; (10006388 <_strtod_l+0x9cc>)
10006224:	0020      	movs	r0, r4
10006226:	0029      	movs	r1, r5
10006228:	f7fd f95d 	bl	100034e6 <__wrap___aeabi_dmul>
1000622c:	2280      	movs	r2, #128	; 0x80
1000622e:	0612      	lsls	r2, r2, #24
10006230:	000b      	movs	r3, r1
10006232:	4694      	mov	ip, r2
10006234:	4463      	add	r3, ip
10006236:	9011      	str	r0, [sp, #68]	; 0x44
10006238:	9112      	str	r1, [sp, #72]	; 0x48
1000623a:	9018      	str	r0, [sp, #96]	; 0x60
1000623c:	9319      	str	r3, [sp, #100]	; 0x64
1000623e:	9c18      	ldr	r4, [sp, #96]	; 0x60
10006240:	9d19      	ldr	r5, [sp, #100]	; 0x64
10006242:	e663      	b.n	10005f0c <_strtod_l+0x550>
10006244:	2300      	movs	r3, #0
10006246:	951b      	str	r5, [sp, #108]	; 0x6c
10006248:	930b      	str	r3, [sp, #44]	; 0x2c
1000624a:	f7ff fc18 	bl	10005a7e <_strtod_l+0xc2>
1000624e:	2301      	movs	r3, #1
10006250:	469b      	mov	fp, r3
10006252:	1cab      	adds	r3, r5, #2
10006254:	931b      	str	r3, [sp, #108]	; 0x6c
10006256:	78ac      	ldrb	r4, [r5, #2]
10006258:	e4f3      	b.n	10005c42 <_strtod_l+0x286>
1000625a:	4a4f      	ldr	r2, [pc, #316]	; (10006398 <_strtod_l+0x9dc>)
1000625c:	9b0e      	ldr	r3, [sp, #56]	; 0x38
1000625e:	4694      	mov	ip, r2
10006260:	4463      	add	r3, ip
10006262:	9305      	str	r3, [sp, #20]
10006264:	940e      	str	r4, [sp, #56]	; 0x38
10006266:	950f      	str	r5, [sp, #60]	; 0x3c
10006268:	9c04      	ldr	r4, [sp, #16]
1000626a:	9d05      	ldr	r5, [sp, #20]
1000626c:	0020      	movs	r0, r4
1000626e:	0029      	movs	r1, r5
10006270:	f001 fdf0 	bl	10007e54 <__ulp>
10006274:	0002      	movs	r2, r0
10006276:	000b      	movs	r3, r1
10006278:	980e      	ldr	r0, [sp, #56]	; 0x38
1000627a:	990f      	ldr	r1, [sp, #60]	; 0x3c
1000627c:	f7fd f933 	bl	100034e6 <__wrap___aeabi_dmul>
10006280:	0022      	movs	r2, r4
10006282:	002b      	movs	r3, r5
10006284:	f7fd f910 	bl	100034a8 <__wrap___aeabi_dadd>
10006288:	4b40      	ldr	r3, [pc, #256]	; (1000638c <_strtod_l+0x9d0>)
1000628a:	4a44      	ldr	r2, [pc, #272]	; (1000639c <_strtod_l+0x9e0>)
1000628c:	9004      	str	r0, [sp, #16]
1000628e:	9105      	str	r1, [sp, #20]
10006290:	400b      	ands	r3, r1
10006292:	4293      	cmp	r3, r2
10006294:	d920      	bls.n	100062d8 <_strtod_l+0x91c>
10006296:	9a0a      	ldr	r2, [sp, #40]	; 0x28
10006298:	4b41      	ldr	r3, [pc, #260]	; (100063a0 <_strtod_l+0x9e4>)
1000629a:	429a      	cmp	r2, r3
1000629c:	d103      	bne.n	100062a6 <_strtod_l+0x8ea>
1000629e:	9b0b      	ldr	r3, [sp, #44]	; 0x2c
100062a0:	3301      	adds	r3, #1
100062a2:	d100      	bne.n	100062a6 <_strtod_l+0x8ea>
100062a4:	e123      	b.n	100064ee <_strtod_l+0xb32>
100062a6:	4b3e      	ldr	r3, [pc, #248]	; (100063a0 <_strtod_l+0x9e4>)
100062a8:	9305      	str	r3, [sp, #20]
100062aa:	2301      	movs	r3, #1
100062ac:	425b      	negs	r3, r3
100062ae:	9304      	str	r3, [sp, #16]
100062b0:	e678      	b.n	10005fa4 <_strtod_l+0x5e8>
100062b2:	2300      	movs	r3, #0
100062b4:	930d      	str	r3, [sp, #52]	; 0x34
100062b6:	9310      	str	r3, [sp, #64]	; 0x40
100062b8:	3301      	adds	r3, #1
100062ba:	2600      	movs	r6, #0
100062bc:	469c      	mov	ip, r3
100062be:	e4a4      	b.n	10005c0a <_strtod_l+0x24e>
100062c0:	2901      	cmp	r1, #1
100062c2:	d100      	bne.n	100062c6 <_strtod_l+0x90a>
100062c4:	e144      	b.n	10006550 <_strtod_l+0xb94>
100062c6:	9b05      	ldr	r3, [sp, #20]
100062c8:	930e      	str	r3, [sp, #56]	; 0x38
100062ca:	2300      	movs	r3, #0
100062cc:	9311      	str	r3, [sp, #68]	; 0x44
100062ce:	4b31      	ldr	r3, [pc, #196]	; (10006394 <_strtod_l+0x9d8>)
100062d0:	2400      	movs	r4, #0
100062d2:	4d34      	ldr	r5, [pc, #208]	; (100063a4 <_strtod_l+0x9e8>)
100062d4:	9312      	str	r3, [sp, #72]	; 0x48
100062d6:	e619      	b.n	10005f0c <_strtod_l+0x550>
100062d8:	23d4      	movs	r3, #212	; 0xd4
100062da:	049b      	lsls	r3, r3, #18
100062dc:	18cc      	adds	r4, r1, r3
100062de:	9405      	str	r4, [sp, #20]
100062e0:	e658      	b.n	10005f94 <_strtod_l+0x5d8>
100062e2:	229a      	movs	r2, #154	; 0x9a
100062e4:	0052      	lsls	r2, r2, #1
100062e6:	4294      	cmp	r4, r2
100062e8:	dd00      	ble.n	100062ec <_strtod_l+0x930>
100062ea:	e0fc      	b.n	100064e6 <_strtod_l+0xb2a>
100062ec:	1124      	asrs	r4, r4, #4
100062ee:	2b1f      	cmp	r3, #31
100062f0:	dc00      	bgt.n	100062f4 <_strtod_l+0x938>
100062f2:	e296      	b.n	10006822 <_strtod_l+0xe66>
100062f4:	9804      	ldr	r0, [sp, #16]
100062f6:	9905      	ldr	r1, [sp, #20]
100062f8:	2200      	movs	r2, #0
100062fa:	4691      	mov	r9, r2
100062fc:	3201      	adds	r2, #1
100062fe:	4693      	mov	fp, r2
10006300:	464a      	mov	r2, r9
10006302:	4b29      	ldr	r3, [pc, #164]	; (100063a8 <_strtod_l+0x9ec>)
10006304:	46b1      	mov	r9, r6
10006306:	001d      	movs	r5, r3
10006308:	9307      	str	r3, [sp, #28]
1000630a:	0016      	movs	r6, r2
1000630c:	2300      	movs	r3, #0
1000630e:	465a      	mov	r2, fp
10006310:	4222      	tst	r2, r4
10006312:	d004      	beq.n	1000631e <_strtod_l+0x962>
10006314:	682a      	ldr	r2, [r5, #0]
10006316:	686b      	ldr	r3, [r5, #4]
10006318:	f7fd f8e5 	bl	100034e6 <__wrap___aeabi_dmul>
1000631c:	2301      	movs	r3, #1
1000631e:	3601      	adds	r6, #1
10006320:	1064      	asrs	r4, r4, #1
10006322:	3508      	adds	r5, #8
10006324:	2c01      	cmp	r4, #1
10006326:	d1f2      	bne.n	1000630e <_strtod_l+0x952>
10006328:	0032      	movs	r2, r6
1000632a:	464e      	mov	r6, r9
1000632c:	4691      	mov	r9, r2
1000632e:	2b00      	cmp	r3, #0
10006330:	d001      	beq.n	10006336 <_strtod_l+0x97a>
10006332:	9004      	str	r0, [sp, #16]
10006334:	9105      	str	r1, [sp, #20]
10006336:	4a18      	ldr	r2, [pc, #96]	; (10006398 <_strtod_l+0x9dc>)
10006338:	9b05      	ldr	r3, [sp, #20]
1000633a:	4694      	mov	ip, r2
1000633c:	4463      	add	r3, ip
1000633e:	9305      	str	r3, [sp, #20]
10006340:	464b      	mov	r3, r9
10006342:	00d9      	lsls	r1, r3, #3
10006344:	9b07      	ldr	r3, [sp, #28]
10006346:	469c      	mov	ip, r3
10006348:	9a04      	ldr	r2, [sp, #16]
1000634a:	9b05      	ldr	r3, [sp, #20]
1000634c:	4461      	add	r1, ip
1000634e:	6808      	ldr	r0, [r1, #0]
10006350:	6849      	ldr	r1, [r1, #4]
10006352:	f7fd f8c8 	bl	100034e6 <__wrap___aeabi_dmul>
10006356:	4b0d      	ldr	r3, [pc, #52]	; (1000638c <_strtod_l+0x9d0>)
10006358:	4a14      	ldr	r2, [pc, #80]	; (100063ac <_strtod_l+0x9f0>)
1000635a:	9004      	str	r0, [sp, #16]
1000635c:	9105      	str	r1, [sp, #20]
1000635e:	400b      	ands	r3, r1
10006360:	4293      	cmp	r3, r2
10006362:	d900      	bls.n	10006366 <_strtod_l+0x9aa>
10006364:	e0bf      	b.n	100064e6 <_strtod_l+0xb2a>
10006366:	4a12      	ldr	r2, [pc, #72]	; (100063b0 <_strtod_l+0x9f4>)
10006368:	4293      	cmp	r3, r2
1000636a:	d800      	bhi.n	1000636e <_strtod_l+0x9b2>
1000636c:	e1cc      	b.n	10006708 <_strtod_l+0xd4c>
1000636e:	4b0c      	ldr	r3, [pc, #48]	; (100063a0 <_strtod_l+0x9e4>)
10006370:	9305      	str	r3, [sp, #20]
10006372:	2301      	movs	r3, #1
10006374:	425b      	negs	r3, r3
10006376:	9304      	str	r3, [sp, #16]
10006378:	2300      	movs	r3, #0
1000637a:	9307      	str	r3, [sp, #28]
1000637c:	e507      	b.n	10005d8e <_strtod_l+0x3d2>
1000637e:	46c0      	nop			; (mov r8, r8)
10006380:	10008b80 	.word	0x10008b80
10006384:	10008930 	.word	0x10008930
10006388:	3fe00000 	.word	0x3fe00000
1000638c:	7ff00000 	.word	0x7ff00000
10006390:	fffffbe2 	.word	0xfffffbe2
10006394:	3ff00000 	.word	0x3ff00000
10006398:	fcb00000 	.word	0xfcb00000
1000639c:	7c9fffff 	.word	0x7c9fffff
100063a0:	7fefffff 	.word	0x7fefffff
100063a4:	bff00000 	.word	0xbff00000
100063a8:	10008b58 	.word	0x10008b58
100063ac:	7ca00000 	.word	0x7ca00000
100063b0:	7c900000 	.word	0x7c900000
100063b4:	2301      	movs	r3, #1
100063b6:	9309      	str	r3, [sp, #36]	; 0x24
100063b8:	1c7a      	adds	r2, r7, #1
100063ba:	921b      	str	r2, [sp, #108]	; 0x6c
100063bc:	787b      	ldrb	r3, [r7, #1]
100063be:	2b00      	cmp	r3, #0
100063c0:	d101      	bne.n	100063c6 <_strtod_l+0xa0a>
100063c2:	f7ff fb85 	bl	10005ad0 <_strtod_l+0x114>
100063c6:	0017      	movs	r7, r2
100063c8:	f7ff fb1b 	bl	10005a02 <_strtod_l+0x46>
100063cc:	2300      	movs	r3, #0
100063ce:	9309      	str	r3, [sp, #36]	; 0x24
100063d0:	e7f2      	b.n	100063b8 <_strtod_l+0x9fc>
100063d2:	49d2      	ldr	r1, [pc, #840]	; (1000671c <_strtod_l+0xd60>)
100063d4:	9b1e      	ldr	r3, [sp, #120]	; 0x78
100063d6:	468c      	mov	ip, r1
100063d8:	4ad1      	ldr	r2, [pc, #836]	; (10006720 <_strtod_l+0xd64>)
100063da:	9304      	str	r3, [sp, #16]
100063dc:	9b1f      	ldr	r3, [sp, #124]	; 0x7c
100063de:	401a      	ands	r2, r3
100063e0:	9b1d      	ldr	r3, [sp, #116]	; 0x74
100063e2:	4463      	add	r3, ip
100063e4:	051b      	lsls	r3, r3, #20
100063e6:	431a      	orrs	r2, r3
100063e8:	9205      	str	r2, [sp, #20]
100063ea:	0723      	lsls	r3, r4, #28
100063ec:	d504      	bpl.n	100063f8 <_strtod_l+0xa3c>
100063ee:	2380      	movs	r3, #128	; 0x80
100063f0:	9a05      	ldr	r2, [sp, #20]
100063f2:	061b      	lsls	r3, r3, #24
100063f4:	431a      	orrs	r2, r3
100063f6:	9205      	str	r2, [sp, #20]
100063f8:	9b04      	ldr	r3, [sp, #16]
100063fa:	9c05      	ldr	r4, [sp, #20]
100063fc:	469b      	mov	fp, r3
100063fe:	0027      	movs	r7, r4
10006400:	e5e4      	b.n	10005fcc <_strtod_l+0x610>
10006402:	49c8      	ldr	r1, [pc, #800]	; (10006724 <_strtod_l+0xd68>)
10006404:	a81b      	add	r0, sp, #108	; 0x6c
10006406:	f001 f811 	bl	1000742c <__match>
1000640a:	2800      	cmp	r0, #0
1000640c:	d101      	bne.n	10006412 <_strtod_l+0xa56>
1000640e:	f7ff fb5f 	bl	10005ad0 <_strtod_l+0x114>
10006412:	9b1b      	ldr	r3, [sp, #108]	; 0x6c
10006414:	49c4      	ldr	r1, [pc, #784]	; (10006728 <_strtod_l+0xd6c>)
10006416:	3b01      	subs	r3, #1
10006418:	a81b      	add	r0, sp, #108	; 0x6c
1000641a:	931b      	str	r3, [sp, #108]	; 0x6c
1000641c:	f001 f806 	bl	1000742c <__match>
10006420:	2800      	cmp	r0, #0
10006422:	d102      	bne.n	1000642a <_strtod_l+0xa6e>
10006424:	9b1b      	ldr	r3, [sp, #108]	; 0x6c
10006426:	3301      	adds	r3, #1
10006428:	931b      	str	r3, [sp, #108]	; 0x6c
1000642a:	2300      	movs	r3, #0
1000642c:	4fbf      	ldr	r7, [pc, #764]	; (1000672c <_strtod_l+0xd70>)
1000642e:	469b      	mov	fp, r3
10006430:	e5cc      	b.n	10005fcc <_strtod_l+0x610>
10006432:	9e11      	ldr	r6, [sp, #68]	; 0x44
10006434:	9d12      	ldr	r5, [sp, #72]	; 0x48
10006436:	0030      	movs	r0, r6
10006438:	0029      	movs	r1, r5
1000643a:	f7fd f913 	bl	10003664 <__wrap___aeabi_d2lz>
1000643e:	f7fd f909 	bl	10003654 <__wrap___aeabi_l2d>
10006442:	0002      	movs	r2, r0
10006444:	000b      	movs	r3, r1
10006446:	0030      	movs	r0, r6
10006448:	0029      	movs	r1, r5
1000644a:	f7fd f828 	bl	1000349e <__wrap___aeabi_dsub>
1000644e:	9a04      	ldr	r2, [sp, #16]
10006450:	9b10      	ldr	r3, [sp, #64]	; 0x40
10006452:	0324      	lsls	r4, r4, #12
10006454:	4313      	orrs	r3, r2
10006456:	0b24      	lsrs	r4, r4, #12
10006458:	0005      	movs	r5, r0
1000645a:	000e      	movs	r6, r1
1000645c:	4ab4      	ldr	r2, [pc, #720]	; (10006730 <_strtod_l+0xd74>)
1000645e:	431c      	orrs	r4, r3
10006460:	d113      	bne.n	1000648a <_strtod_l+0xace>
10006462:	4bb4      	ldr	r3, [pc, #720]	; (10006734 <_strtod_l+0xd78>)
10006464:	f7fd f886 	bl	10003574 <__wrap___aeabi_dcmplt>
10006468:	2800      	cmp	r0, #0
1000646a:	d100      	bne.n	1000646e <_strtod_l+0xab2>
1000646c:	e59a      	b.n	10005fa4 <_strtod_l+0x5e8>
1000646e:	4653      	mov	r3, sl
10006470:	4646      	mov	r6, r8
10006472:	46ba      	mov	sl, r7
10006474:	46d8      	mov	r8, fp
10006476:	930c      	str	r3, [sp, #48]	; 0x30
10006478:	981c      	ldr	r0, [sp, #112]	; 0x70
1000647a:	9b04      	ldr	r3, [sp, #16]
1000647c:	9c05      	ldr	r4, [sp, #20]
1000647e:	469b      	mov	fp, r3
10006480:	0027      	movs	r7, r4
10006482:	e67b      	b.n	1000617c <_strtod_l+0x7c0>
10006484:	2300      	movs	r3, #0
10006486:	469b      	mov	fp, r3
10006488:	e6e3      	b.n	10006252 <_strtod_l+0x896>
1000648a:	4bab      	ldr	r3, [pc, #684]	; (10006738 <_strtod_l+0xd7c>)
1000648c:	f7fd f872 	bl	10003574 <__wrap___aeabi_dcmplt>
10006490:	2800      	cmp	r0, #0
10006492:	d1ec      	bne.n	1000646e <_strtod_l+0xab2>
10006494:	0028      	movs	r0, r5
10006496:	0031      	movs	r1, r6
10006498:	4aa8      	ldr	r2, [pc, #672]	; (1000673c <_strtod_l+0xd80>)
1000649a:	4ba9      	ldr	r3, [pc, #676]	; (10006740 <_strtod_l+0xd84>)
1000649c:	f7fd f880 	bl	100035a0 <__wrap___aeabi_dcmpgt>
100064a0:	2800      	cmp	r0, #0
100064a2:	d100      	bne.n	100064a6 <_strtod_l+0xaea>
100064a4:	e57e      	b.n	10005fa4 <_strtod_l+0x5e8>
100064a6:	e7e2      	b.n	1000646e <_strtod_l+0xab2>
100064a8:	9b09      	ldr	r3, [sp, #36]	; 0x24
100064aa:	9402      	str	r4, [sp, #8]
100064ac:	9301      	str	r3, [sp, #4]
100064ae:	ab1c      	add	r3, sp, #112	; 0x70
100064b0:	9300      	str	r3, [sp, #0]
100064b2:	4650      	mov	r0, sl
100064b4:	ab1d      	add	r3, sp, #116	; 0x74
100064b6:	4aa3      	ldr	r2, [pc, #652]	; (10006744 <_strtod_l+0xd88>)
100064b8:	a91b      	add	r1, sp, #108	; 0x6c
100064ba:	f000 fcd1 	bl	10006e60 <__gethex>
100064be:	2307      	movs	r3, #7
100064c0:	001d      	movs	r5, r3
100064c2:	0004      	movs	r4, r0
100064c4:	4005      	ands	r5, r0
100064c6:	4203      	tst	r3, r0
100064c8:	d100      	bne.n	100064cc <_strtod_l+0xb10>
100064ca:	e57c      	b.n	10005fc6 <_strtod_l+0x60a>
100064cc:	2d06      	cmp	r5, #6
100064ce:	d174      	bne.n	100065ba <_strtod_l+0xbfe>
100064d0:	9b08      	ldr	r3, [sp, #32]
100064d2:	2b00      	cmp	r3, #0
100064d4:	d101      	bne.n	100064da <_strtod_l+0xb1e>
100064d6:	f7ff fb00 	bl	10005ada <_strtod_l+0x11e>
100064da:	601e      	str	r6, [r3, #0]
100064dc:	2300      	movs	r3, #0
100064de:	2700      	movs	r7, #0
100064e0:	469b      	mov	fp, r3
100064e2:	f7ff fafd 	bl	10005ae0 <_strtod_l+0x124>
100064e6:	2322      	movs	r3, #34	; 0x22
100064e8:	4652      	mov	r2, sl
100064ea:	6013      	str	r3, [r2, #0]
100064ec:	e79d      	b.n	1000642a <_strtod_l+0xa6e>
100064ee:	4653      	mov	r3, sl
100064f0:	e666      	b.n	100061c0 <_strtod_l+0x804>
100064f2:	465b      	mov	r3, fp
100064f4:	4648      	mov	r0, r9
100064f6:	9307      	str	r3, [sp, #28]
100064f8:	4643      	mov	r3, r8
100064fa:	4689      	mov	r9, r1
100064fc:	46a8      	mov	r8, r5
100064fe:	0001      	movs	r1, r0
10006500:	001d      	movs	r5, r3
10006502:	3202      	adds	r2, #2
10006504:	2e08      	cmp	r6, #8
10006506:	dc43      	bgt.n	10006590 <_strtod_l+0xbd4>
10006508:	0016      	movs	r6, r2
1000650a:	f7ff fb25 	bl	10005b58 <_strtod_l+0x19c>
1000650e:	465a      	mov	r2, fp
10006510:	0038      	movs	r0, r7
10006512:	9907      	ldr	r1, [sp, #28]
10006514:	f001 fe32 	bl	1000817c <strncmp>
10006518:	2800      	cmp	r0, #0
1000651a:	d045      	beq.n	100065a8 <_strtod_l+0xbec>
1000651c:	2300      	movs	r3, #0
1000651e:	2600      	movs	r6, #0
10006520:	4699      	mov	r9, r3
10006522:	4698      	mov	r8, r3
10006524:	930d      	str	r3, [sp, #52]	; 0x34
10006526:	f7ff faa5 	bl	10005a74 <_strtod_l+0xb8>
1000652a:	9b0c      	ldr	r3, [sp, #48]	; 0x30
1000652c:	3316      	adds	r3, #22
1000652e:	da00      	bge.n	10006532 <_strtod_l+0xb76>
10006530:	e570      	b.n	10006014 <_strtod_l+0x658>
10006532:	9804      	ldr	r0, [sp, #16]
10006534:	9905      	ldr	r1, [sp, #20]
10006536:	9b10      	ldr	r3, [sp, #64]	; 0x40
10006538:	9a0b      	ldr	r2, [sp, #44]	; 0x2c
1000653a:	1a9a      	subs	r2, r3, r2
1000653c:	4b82      	ldr	r3, [pc, #520]	; (10006748 <_strtod_l+0xd8c>)
1000653e:	00d2      	lsls	r2, r2, #3
10006540:	189b      	adds	r3, r3, r2
10006542:	681a      	ldr	r2, [r3, #0]
10006544:	685b      	ldr	r3, [r3, #4]
10006546:	f7fc ffb4 	bl	100034b2 <__wrap___aeabi_ddiv>
1000654a:	4683      	mov	fp, r0
1000654c:	000f      	movs	r7, r1
1000654e:	e53d      	b.n	10005fcc <_strtod_l+0x610>
10006550:	9b05      	ldr	r3, [sp, #20]
10006552:	930e      	str	r3, [sp, #56]	; 0x38
10006554:	2b00      	cmp	r3, #0
10006556:	d000      	beq.n	1000655a <_strtod_l+0xb9e>
10006558:	e6b7      	b.n	100062ca <_strtod_l+0x90e>
1000655a:	4653      	mov	r3, sl
1000655c:	4646      	mov	r6, r8
1000655e:	46ba      	mov	sl, r7
10006560:	46d8      	mov	r8, fp
10006562:	930c      	str	r3, [sp, #48]	; 0x30
10006564:	2322      	movs	r3, #34	; 0x22
10006566:	4652      	mov	r2, sl
10006568:	6013      	str	r3, [r2, #0]
1000656a:	2300      	movs	r3, #0
1000656c:	981c      	ldr	r0, [sp, #112]	; 0x70
1000656e:	469b      	mov	fp, r3
10006570:	001f      	movs	r7, r3
10006572:	e603      	b.n	1000617c <_strtod_l+0x7c0>
10006574:	001a      	movs	r2, r3
10006576:	930b      	str	r3, [sp, #44]	; 0x2c
10006578:	4b74      	ldr	r3, [pc, #464]	; (1000674c <_strtod_l+0xd90>)
1000657a:	429a      	cmp	r2, r3
1000657c:	dc01      	bgt.n	10006582 <_strtod_l+0xbc6>
1000657e:	f7ff fb97 	bl	10005cb0 <_strtod_l+0x2f4>
10006582:	f7ff fb94 	bl	10005cae <_strtod_l+0x2f2>
10006586:	9a11      	ldr	r2, [sp, #68]	; 0x44
10006588:	9b12      	ldr	r3, [sp, #72]	; 0x48
1000658a:	9216      	str	r2, [sp, #88]	; 0x58
1000658c:	9317      	str	r3, [sp, #92]	; 0x5c
1000658e:	e4ea      	b.n	10005f66 <_strtod_l+0x5aa>
10006590:	2a10      	cmp	r2, #16
10006592:	dc4f      	bgt.n	10006634 <_strtod_l+0xc78>
10006594:	464b      	mov	r3, r9
10006596:	009b      	lsls	r3, r3, #2
10006598:	444b      	add	r3, r9
1000659a:	4689      	mov	r9, r1
1000659c:	005b      	lsls	r3, r3, #1
1000659e:	0016      	movs	r6, r2
100065a0:	2000      	movs	r0, #0
100065a2:	4499      	add	r9, r3
100065a4:	f7ff fae1 	bl	10005b6a <_strtod_l+0x1ae>
100065a8:	2200      	movs	r2, #0
100065aa:	9b1b      	ldr	r3, [sp, #108]	; 0x6c
100065ac:	4690      	mov	r8, r2
100065ae:	445b      	add	r3, fp
100065b0:	931b      	str	r3, [sp, #108]	; 0x6c
100065b2:	4691      	mov	r9, r2
100065b4:	781c      	ldrb	r4, [r3, #0]
100065b6:	f7ff fab0 	bl	10005b1a <_strtod_l+0x15e>
100065ba:	9a1c      	ldr	r2, [sp, #112]	; 0x70
100065bc:	2a00      	cmp	r2, #0
100065be:	d007      	beq.n	100065d0 <_strtod_l+0xc14>
100065c0:	2135      	movs	r1, #53	; 0x35
100065c2:	a81e      	add	r0, sp, #120	; 0x78
100065c4:	f001 fd88 	bl	100080d8 <__copybits>
100065c8:	4650      	mov	r0, sl
100065ca:	991c      	ldr	r1, [sp, #112]	; 0x70
100065cc:	f001 f876 	bl	100076bc <_Bfree>
100065d0:	2d05      	cmp	r5, #5
100065d2:	d900      	bls.n	100065d6 <_strtod_l+0xc1a>
100065d4:	e709      	b.n	100063ea <_strtod_l+0xa2e>
100065d6:	4b5e      	ldr	r3, [pc, #376]	; (10006750 <_strtod_l+0xd94>)
100065d8:	00ad      	lsls	r5, r5, #2
100065da:	595b      	ldr	r3, [r3, r5]
100065dc:	469f      	mov	pc, r3
100065de:	4b5d      	ldr	r3, [pc, #372]	; (10006754 <_strtod_l+0xd98>)
100065e0:	9305      	str	r3, [sp, #20]
100065e2:	2301      	movs	r3, #1
100065e4:	425b      	negs	r3, r3
100065e6:	9304      	str	r3, [sp, #16]
100065e8:	e6ff      	b.n	100063ea <_strtod_l+0xa2e>
100065ea:	4b50      	ldr	r3, [pc, #320]	; (1000672c <_strtod_l+0xd70>)
100065ec:	9305      	str	r3, [sp, #20]
100065ee:	e6fc      	b.n	100063ea <_strtod_l+0xa2e>
100065f0:	9b1e      	ldr	r3, [sp, #120]	; 0x78
100065f2:	9304      	str	r3, [sp, #16]
100065f4:	9b1f      	ldr	r3, [sp, #124]	; 0x7c
100065f6:	9305      	str	r3, [sp, #20]
100065f8:	e6f7      	b.n	100063ea <_strtod_l+0xa2e>
100065fa:	2000      	movs	r0, #0
100065fc:	f7ff fa99 	bl	10005b32 <_strtod_l+0x176>
10006600:	4951      	ldr	r1, [pc, #324]	; (10006748 <_strtod_l+0xd8c>)
10006602:	00db      	lsls	r3, r3, #3
10006604:	18c9      	adds	r1, r1, r3
10006606:	6808      	ldr	r0, [r1, #0]
10006608:	6849      	ldr	r1, [r1, #4]
1000660a:	9a04      	ldr	r2, [sp, #16]
1000660c:	9b05      	ldr	r3, [sp, #20]
1000660e:	f7fc ff6a 	bl	100034e6 <__wrap___aeabi_dmul>
10006612:	4683      	mov	fp, r0
10006614:	000f      	movs	r7, r1
10006616:	e4d9      	b.n	10005fcc <_strtod_l+0x610>
10006618:	2300      	movs	r3, #0
1000661a:	960d      	str	r6, [sp, #52]	; 0x34
1000661c:	9310      	str	r3, [sp, #64]	; 0x40
1000661e:	f7ff faa9 	bl	10005b74 <_strtod_l+0x1b8>
10006622:	2300      	movs	r3, #0
10006624:	4c4c      	ldr	r4, [pc, #304]	; (10006758 <_strtod_l+0xd9c>)
10006626:	9318      	str	r3, [sp, #96]	; 0x60
10006628:	9419      	str	r4, [sp, #100]	; 0x64
1000662a:	2300      	movs	r3, #0
1000662c:	9311      	str	r3, [sp, #68]	; 0x44
1000662e:	4b44      	ldr	r3, [pc, #272]	; (10006740 <_strtod_l+0xd84>)
10006630:	9312      	str	r3, [sp, #72]	; 0x48
10006632:	e604      	b.n	1000623e <_strtod_l+0x882>
10006634:	0016      	movs	r6, r2
10006636:	2000      	movs	r0, #0
10006638:	f7ff fa97 	bl	10005b6a <_strtod_l+0x1ae>
1000663c:	230f      	movs	r3, #15
1000663e:	4c42      	ldr	r4, [pc, #264]	; (10006748 <_strtod_l+0xd8c>)
10006640:	1b9e      	subs	r6, r3, r6
10006642:	00f1      	lsls	r1, r6, #3
10006644:	1861      	adds	r1, r4, r1
10006646:	9a04      	ldr	r2, [sp, #16]
10006648:	9b05      	ldr	r3, [sp, #20]
1000664a:	6808      	ldr	r0, [r1, #0]
1000664c:	6849      	ldr	r1, [r1, #4]
1000664e:	f7fc ff4a 	bl	100034e6 <__wrap___aeabi_dmul>
10006652:	9b0c      	ldr	r3, [sp, #48]	; 0x30
10006654:	1b9e      	subs	r6, r3, r6
10006656:	00f6      	lsls	r6, r6, #3
10006658:	19a6      	adds	r6, r4, r6
1000665a:	6832      	ldr	r2, [r6, #0]
1000665c:	6873      	ldr	r3, [r6, #4]
1000665e:	f7fc ff42 	bl	100034e6 <__wrap___aeabi_dmul>
10006662:	4683      	mov	fp, r0
10006664:	000f      	movs	r7, r1
10006666:	e4b1      	b.n	10005fcc <_strtod_l+0x610>
10006668:	4653      	mov	r3, sl
1000666a:	930c      	str	r3, [sp, #48]	; 0x30
1000666c:	9b0b      	ldr	r3, [sp, #44]	; 0x2c
1000666e:	4646      	mov	r6, r8
10006670:	46d8      	mov	r8, fp
10006672:	469b      	mov	fp, r3
10006674:	9b10      	ldr	r3, [sp, #64]	; 0x40
10006676:	46ba      	mov	sl, r7
10006678:	9f0a      	ldr	r7, [sp, #40]	; 0x28
1000667a:	2b00      	cmp	r3, #0
1000667c:	d100      	bne.n	10006680 <_strtod_l+0xcc4>
1000667e:	e0c0      	b.n	10006802 <_strtod_l+0xe46>
10006680:	9b04      	ldr	r3, [sp, #16]
10006682:	9c05      	ldr	r4, [sp, #20]
10006684:	4935      	ldr	r1, [pc, #212]	; (1000675c <_strtod_l+0xda0>)
10006686:	0323      	lsls	r3, r4, #12
10006688:	0022      	movs	r2, r4
1000668a:	0b1b      	lsrs	r3, r3, #12
1000668c:	428b      	cmp	r3, r1
1000668e:	d100      	bne.n	10006692 <_strtod_l+0xcd6>
10006690:	e0f5      	b.n	1000687e <_strtod_l+0xec2>
10006692:	9911      	ldr	r1, [sp, #68]	; 0x44
10006694:	2900      	cmp	r1, #0
10006696:	d100      	bne.n	1000669a <_strtod_l+0xcde>
10006698:	e0bc      	b.n	10006814 <_strtod_l+0xe58>
1000669a:	9a04      	ldr	r2, [sp, #16]
1000669c:	9b05      	ldr	r3, [sp, #20]
1000669e:	001c      	movs	r4, r3
100066a0:	4219      	tst	r1, r3
100066a2:	d01e      	beq.n	100066e2 <_strtod_l+0xd26>
100066a4:	9b10      	ldr	r3, [sp, #64]	; 0x40
100066a6:	4658      	mov	r0, fp
100066a8:	0039      	movs	r1, r7
100066aa:	2b00      	cmp	r3, #0
100066ac:	d100      	bne.n	100066b0 <_strtod_l+0xcf4>
100066ae:	e0bd      	b.n	1000682c <_strtod_l+0xe70>
100066b0:	f001 fbd0 	bl	10007e54 <__ulp>
100066b4:	9b07      	ldr	r3, [sp, #28]
100066b6:	2b00      	cmp	r3, #0
100066b8:	d00b      	beq.n	100066d2 <_strtod_l+0xd16>
100066ba:	236b      	movs	r3, #107	; 0x6b
100066bc:	0064      	lsls	r4, r4, #1
100066be:	0d64      	lsrs	r4, r4, #21
100066c0:	1b1c      	subs	r4, r3, r4
100066c2:	2c00      	cmp	r4, #0
100066c4:	dd05      	ble.n	100066d2 <_strtod_l+0xd16>
100066c6:	4d26      	ldr	r5, [pc, #152]	; (10006760 <_strtod_l+0xda4>)
100066c8:	0524      	lsls	r4, r4, #20
100066ca:	2200      	movs	r2, #0
100066cc:	1963      	adds	r3, r4, r5
100066ce:	f7fc ff0a 	bl	100034e6 <__wrap___aeabi_dmul>
100066d2:	0002      	movs	r2, r0
100066d4:	000b      	movs	r3, r1
100066d6:	4658      	mov	r0, fp
100066d8:	0039      	movs	r1, r7
100066da:	f7fc fee5 	bl	100034a8 <__wrap___aeabi_dadd>
100066de:	4683      	mov	fp, r0
100066e0:	000f      	movs	r7, r1
100066e2:	9b07      	ldr	r3, [sp, #28]
100066e4:	2b00      	cmp	r3, #0
100066e6:	d00d      	beq.n	10006704 <_strtod_l+0xd48>
100066e8:	4658      	mov	r0, fp
100066ea:	0039      	movs	r1, r7
100066ec:	4b1d      	ldr	r3, [pc, #116]	; (10006764 <_strtod_l+0xda8>)
100066ee:	2200      	movs	r2, #0
100066f0:	f7fc fef9 	bl	100034e6 <__wrap___aeabi_dmul>
100066f4:	0003      	movs	r3, r0
100066f6:	4683      	mov	fp, r0
100066f8:	000f      	movs	r7, r1
100066fa:	430b      	orrs	r3, r1
100066fc:	d102      	bne.n	10006704 <_strtod_l+0xd48>
100066fe:	2322      	movs	r3, #34	; 0x22
10006700:	4652      	mov	r2, sl
10006702:	6013      	str	r3, [r2, #0]
10006704:	981c      	ldr	r0, [sp, #112]	; 0x70
10006706:	e539      	b.n	1000617c <_strtod_l+0x7c0>
10006708:	22d4      	movs	r2, #212	; 0xd4
1000670a:	0492      	lsls	r2, r2, #18
1000670c:	000b      	movs	r3, r1
1000670e:	4694      	mov	ip, r2
10006710:	4463      	add	r3, ip
10006712:	9305      	str	r3, [sp, #20]
10006714:	2300      	movs	r3, #0
10006716:	9307      	str	r3, [sp, #28]
10006718:	f7ff fb39 	bl	10005d8e <_strtod_l+0x3d2>
1000671c:	00000433 	.word	0x00000433
10006720:	ffefffff 	.word	0xffefffff
10006724:	1000884c 	.word	0x1000884c
10006728:	10008850 	.word	0x10008850
1000672c:	7ff00000 	.word	0x7ff00000
10006730:	94a03595 	.word	0x94a03595
10006734:	3fcfffff 	.word	0x3fcfffff
10006738:	3fdfffff 	.word	0x3fdfffff
1000673c:	35afe535 	.word	0x35afe535
10006740:	3fe00000 	.word	0x3fe00000
10006744:	10008930 	.word	0x10008930
10006748:	10008b80 	.word	0x10008b80
1000674c:	00004e1f 	.word	0x00004e1f
10006750:	10008918 	.word	0x10008918
10006754:	7fffffff 	.word	0x7fffffff
10006758:	bfe00000 	.word	0xbfe00000
1000675c:	000fffff 	.word	0x000fffff
10006760:	3ff00000 	.word	0x3ff00000
10006764:	39500000 	.word	0x39500000
10006768:	496d      	ldr	r1, [pc, #436]	; (10006920 <_strtod_l+0xf64>)
1000676a:	aa1e      	add	r2, sp, #120	; 0x78
1000676c:	3114      	adds	r1, #20
1000676e:	a81b      	add	r0, sp, #108	; 0x6c
10006770:	f000 fe72 	bl	10007458 <__hexnan>
10006774:	2805      	cmp	r0, #5
10006776:	d001      	beq.n	1000677c <_strtod_l+0xdc0>
10006778:	f7ff f9a2 	bl	10005ac0 <_strtod_l+0x104>
1000677c:	9b1f      	ldr	r3, [sp, #124]	; 0x7c
1000677e:	4a69      	ldr	r2, [pc, #420]	; (10006924 <_strtod_l+0xf68>)
10006780:	431a      	orrs	r2, r3
10006782:	9b1e      	ldr	r3, [sp, #120]	; 0x78
10006784:	9205      	str	r2, [sp, #20]
10006786:	9304      	str	r3, [sp, #16]
10006788:	9b04      	ldr	r3, [sp, #16]
1000678a:	9c05      	ldr	r4, [sp, #20]
1000678c:	469b      	mov	fp, r3
1000678e:	0027      	movs	r7, r4
10006790:	f7ff fc1c 	bl	10005fcc <_strtod_l+0x610>
10006794:	4653      	mov	r3, sl
10006796:	9904      	ldr	r1, [sp, #16]
10006798:	9a05      	ldr	r2, [sp, #20]
1000679a:	930c      	str	r3, [sp, #48]	; 0x30
1000679c:	9b0b      	ldr	r3, [sp, #44]	; 0x2c
1000679e:	4646      	mov	r6, r8
100067a0:	46d8      	mov	r8, fp
100067a2:	469b      	mov	fp, r3
100067a4:	9b10      	ldr	r3, [sp, #64]	; 0x40
100067a6:	46ba      	mov	sl, r7
100067a8:	430b      	orrs	r3, r1
100067aa:	9f0a      	ldr	r7, [sp, #40]	; 0x28
100067ac:	d199      	bne.n	100066e2 <_strtod_l+0xd26>
100067ae:	0014      	movs	r4, r2
100067b0:	0313      	lsls	r3, r2, #12
100067b2:	d196      	bne.n	100066e2 <_strtod_l+0xd26>
100067b4:	4b5b      	ldr	r3, [pc, #364]	; (10006924 <_strtod_l+0xf68>)
100067b6:	4013      	ands	r3, r2
100067b8:	22d6      	movs	r2, #214	; 0xd6
100067ba:	04d2      	lsls	r2, r2, #19
100067bc:	4293      	cmp	r3, r2
100067be:	d990      	bls.n	100066e2 <_strtod_l+0xd26>
100067c0:	6973      	ldr	r3, [r6, #20]
100067c2:	2b00      	cmp	r3, #0
100067c4:	d102      	bne.n	100067cc <_strtod_l+0xe10>
100067c6:	6933      	ldr	r3, [r6, #16]
100067c8:	2b01      	cmp	r3, #1
100067ca:	dd8a      	ble.n	100066e2 <_strtod_l+0xd26>
100067cc:	0031      	movs	r1, r6
100067ce:	2201      	movs	r2, #1
100067d0:	4650      	mov	r0, sl
100067d2:	f001 f9e1 	bl	10007b98 <__lshift>
100067d6:	4649      	mov	r1, r9
100067d8:	0006      	movs	r6, r0
100067da:	f001 fa5b 	bl	10007c94 <__mcmp>
100067de:	2800      	cmp	r0, #0
100067e0:	dc00      	bgt.n	100067e4 <_strtod_l+0xe28>
100067e2:	e77e      	b.n	100066e2 <_strtod_l+0xd26>
100067e4:	9b07      	ldr	r3, [sp, #28]
100067e6:	2b00      	cmp	r3, #0
100067e8:	d06e      	beq.n	100068c8 <_strtod_l+0xf0c>
100067ea:	22d6      	movs	r2, #214	; 0xd6
100067ec:	4b4d      	ldr	r3, [pc, #308]	; (10006924 <_strtod_l+0xf68>)
100067ee:	04d2      	lsls	r2, r2, #19
100067f0:	4023      	ands	r3, r4
100067f2:	4293      	cmp	r3, r2
100067f4:	dc68      	bgt.n	100068c8 <_strtod_l+0xf0c>
100067f6:	22dc      	movs	r2, #220	; 0xdc
100067f8:	0492      	lsls	r2, r2, #18
100067fa:	4293      	cmp	r3, r2
100067fc:	dd00      	ble.n	10006800 <_strtod_l+0xe44>
100067fe:	e773      	b.n	100066e8 <_strtod_l+0xd2c>
10006800:	e6b0      	b.n	10006564 <_strtod_l+0xba8>
10006802:	9904      	ldr	r1, [sp, #16]
10006804:	9a05      	ldr	r2, [sp, #20]
10006806:	0313      	lsls	r3, r2, #12
10006808:	0b1b      	lsrs	r3, r3, #12
1000680a:	0014      	movs	r4, r2
1000680c:	430b      	orrs	r3, r1
1000680e:	d000      	beq.n	10006812 <_strtod_l+0xe56>
10006810:	e73f      	b.n	10006692 <_strtod_l+0xcd6>
10006812:	e7e7      	b.n	100067e4 <_strtod_l+0xe28>
10006814:	9a0e      	ldr	r2, [sp, #56]	; 0x38
10006816:	9b04      	ldr	r3, [sp, #16]
10006818:	9c05      	ldr	r4, [sp, #20]
1000681a:	421a      	tst	r2, r3
1000681c:	d100      	bne.n	10006820 <_strtod_l+0xe64>
1000681e:	e760      	b.n	100066e2 <_strtod_l+0xd26>
10006820:	e740      	b.n	100066a4 <_strtod_l+0xce8>
10006822:	2300      	movs	r3, #0
10006824:	4699      	mov	r9, r3
10006826:	4b40      	ldr	r3, [pc, #256]	; (10006928 <_strtod_l+0xf6c>)
10006828:	9307      	str	r3, [sp, #28]
1000682a:	e584      	b.n	10006336 <_strtod_l+0x97a>
1000682c:	f001 fb12 	bl	10007e54 <__ulp>
10006830:	9b07      	ldr	r3, [sp, #28]
10006832:	2b00      	cmp	r3, #0
10006834:	d056      	beq.n	100068e4 <_strtod_l+0xf28>
10006836:	236b      	movs	r3, #107	; 0x6b
10006838:	0064      	lsls	r4, r4, #1
1000683a:	0d64      	lsrs	r4, r4, #21
1000683c:	1b1c      	subs	r4, r3, r4
1000683e:	2c00      	cmp	r4, #0
10006840:	dd05      	ble.n	1000684e <_strtod_l+0xe92>
10006842:	4d3a      	ldr	r5, [pc, #232]	; (1000692c <_strtod_l+0xf70>)
10006844:	0524      	lsls	r4, r4, #20
10006846:	2200      	movs	r2, #0
10006848:	1963      	adds	r3, r4, r5
1000684a:	f7fc fe4c 	bl	100034e6 <__wrap___aeabi_dmul>
1000684e:	0002      	movs	r2, r0
10006850:	000b      	movs	r3, r1
10006852:	4658      	mov	r0, fp
10006854:	0039      	movs	r1, r7
10006856:	f7fc fe22 	bl	1000349e <__wrap___aeabi_dsub>
1000685a:	2200      	movs	r2, #0
1000685c:	2300      	movs	r3, #0
1000685e:	4683      	mov	fp, r0
10006860:	000f      	movs	r7, r1
10006862:	f7fc fe7f 	bl	10003564 <__wrap___aeabi_dcmpeq>
10006866:	2800      	cmp	r0, #0
10006868:	d100      	bne.n	1000686c <_strtod_l+0xeb0>
1000686a:	e73d      	b.n	100066e8 <_strtod_l+0xd2c>
1000686c:	e67a      	b.n	10006564 <_strtod_l+0xba8>
1000686e:	2201      	movs	r2, #1
10006870:	4252      	negs	r2, r2
10006872:	409a      	lsls	r2, r3
10006874:	9b04      	ldr	r3, [sp, #16]
10006876:	4013      	ands	r3, r2
10006878:	9304      	str	r3, [sp, #16]
1000687a:	f7ff fc23 	bl	100060c4 <_strtod_l+0x708>
1000687e:	9b07      	ldr	r3, [sp, #28]
10006880:	9904      	ldr	r1, [sp, #16]
10006882:	2b00      	cmp	r3, #0
10006884:	d02b      	beq.n	100068de <_strtod_l+0xf22>
10006886:	20d4      	movs	r0, #212	; 0xd4
10006888:	4b26      	ldr	r3, [pc, #152]	; (10006924 <_strtod_l+0xf68>)
1000688a:	04c0      	lsls	r0, r0, #19
1000688c:	4023      	ands	r3, r4
1000688e:	4283      	cmp	r3, r0
10006890:	d825      	bhi.n	100068de <_strtod_l+0xf22>
10006892:	206b      	movs	r0, #107	; 0x6b
10006894:	0d1b      	lsrs	r3, r3, #20
10006896:	1ac0      	subs	r0, r0, r3
10006898:	2301      	movs	r3, #1
1000689a:	425b      	negs	r3, r3
1000689c:	4083      	lsls	r3, r0
1000689e:	4299      	cmp	r1, r3
100068a0:	d000      	beq.n	100068a4 <_strtod_l+0xee8>
100068a2:	e6f6      	b.n	10006692 <_strtod_l+0xcd6>
100068a4:	4b22      	ldr	r3, [pc, #136]	; (10006930 <_strtod_l+0xf74>)
100068a6:	429a      	cmp	r2, r3
100068a8:	d035      	beq.n	10006916 <_strtod_l+0xf5a>
100068aa:	2180      	movs	r1, #128	; 0x80
100068ac:	4b1d      	ldr	r3, [pc, #116]	; (10006924 <_strtod_l+0xf68>)
100068ae:	0349      	lsls	r1, r1, #13
100068b0:	401a      	ands	r2, r3
100068b2:	0013      	movs	r3, r2
100068b4:	468c      	mov	ip, r1
100068b6:	4463      	add	r3, ip
100068b8:	9305      	str	r3, [sp, #20]
100068ba:	2300      	movs	r3, #0
100068bc:	9304      	str	r3, [sp, #16]
100068be:	9b04      	ldr	r3, [sp, #16]
100068c0:	9c05      	ldr	r4, [sp, #20]
100068c2:	469b      	mov	fp, r3
100068c4:	0027      	movs	r7, r4
100068c6:	e70c      	b.n	100066e2 <_strtod_l+0xd26>
100068c8:	4b16      	ldr	r3, [pc, #88]	; (10006924 <_strtod_l+0xf68>)
100068ca:	401c      	ands	r4, r3
100068cc:	4b19      	ldr	r3, [pc, #100]	; (10006934 <_strtod_l+0xf78>)
100068ce:	469c      	mov	ip, r3
100068d0:	4b19      	ldr	r3, [pc, #100]	; (10006938 <_strtod_l+0xf7c>)
100068d2:	4464      	add	r4, ip
100068d4:	4323      	orrs	r3, r4
100068d6:	9305      	str	r3, [sp, #20]
100068d8:	2301      	movs	r3, #1
100068da:	425b      	negs	r3, r3
100068dc:	e7ee      	b.n	100068bc <_strtod_l+0xf00>
100068de:	2301      	movs	r3, #1
100068e0:	425b      	negs	r3, r3
100068e2:	e7dc      	b.n	1000689e <_strtod_l+0xee2>
100068e4:	0002      	movs	r2, r0
100068e6:	000b      	movs	r3, r1
100068e8:	4658      	mov	r0, fp
100068ea:	0039      	movs	r1, r7
100068ec:	f7fc fdd7 	bl	1000349e <__wrap___aeabi_dsub>
100068f0:	2200      	movs	r2, #0
100068f2:	2300      	movs	r3, #0
100068f4:	4683      	mov	fp, r0
100068f6:	000f      	movs	r7, r1
100068f8:	f7fc fe34 	bl	10003564 <__wrap___aeabi_dcmpeq>
100068fc:	2800      	cmp	r0, #0
100068fe:	d000      	beq.n	10006902 <_strtod_l+0xf46>
10006900:	e630      	b.n	10006564 <_strtod_l+0xba8>
10006902:	981c      	ldr	r0, [sp, #112]	; 0x70
10006904:	e43a      	b.n	1000617c <_strtod_l+0x7c0>
10006906:	234b      	movs	r3, #75	; 0x4b
10006908:	1a9a      	subs	r2, r3, r2
1000690a:	3b4c      	subs	r3, #76	; 0x4c
1000690c:	4093      	lsls	r3, r2
1000690e:	4019      	ands	r1, r3
10006910:	9105      	str	r1, [sp, #20]
10006912:	f7ff fbd7 	bl	100060c4 <_strtod_l+0x708>
10006916:	1c4b      	adds	r3, r1, #1
10006918:	d1c7      	bne.n	100068aa <_strtod_l+0xeee>
1000691a:	981c      	ldr	r0, [sp, #112]	; 0x70
1000691c:	e428      	b.n	10006170 <_strtod_l+0x7b4>
1000691e:	46c0      	nop			; (mov r8, r8)
10006920:	10008930 	.word	0x10008930
10006924:	7ff00000 	.word	0x7ff00000
10006928:	10008b58 	.word	0x10008b58
1000692c:	3ff00000 	.word	0x3ff00000
10006930:	7fefffff 	.word	0x7fefffff
10006934:	fff00000 	.word	0xfff00000
10006938:	000fffff 	.word	0x000fffff

1000693c <_strtod_r>:
1000693c:	b510      	push	{r4, lr}
1000693e:	4b02      	ldr	r3, [pc, #8]	; (10006948 <_strtod_r+0xc>)
10006940:	f7ff f83c 	bl	100059bc <_strtod_l>
10006944:	bd10      	pop	{r4, pc}
10006946:	46c0      	nop			; (mov r8, r8)
10006948:	20000ac4 	.word	0x20000ac4

1000694c <strtod_l>:
1000694c:	b510      	push	{r4, lr}
1000694e:	0004      	movs	r4, r0
10006950:	0013      	movs	r3, r2
10006952:	4a03      	ldr	r2, [pc, #12]	; (10006960 <strtod_l+0x14>)
10006954:	6810      	ldr	r0, [r2, #0]
10006956:	000a      	movs	r2, r1
10006958:	0021      	movs	r1, r4
1000695a:	f7ff f82f 	bl	100059bc <_strtod_l>
1000695e:	bd10      	pop	{r4, pc}
10006960:	20000280 	.word	0x20000280

10006964 <strtod>:
10006964:	b510      	push	{r4, lr}
10006966:	0004      	movs	r4, r0
10006968:	4b03      	ldr	r3, [pc, #12]	; (10006978 <strtod+0x14>)
1000696a:	000a      	movs	r2, r1
1000696c:	6818      	ldr	r0, [r3, #0]
1000696e:	0021      	movs	r1, r4
10006970:	4b02      	ldr	r3, [pc, #8]	; (1000697c <strtod+0x18>)
10006972:	f7ff f823 	bl	100059bc <_strtod_l>
10006976:	bd10      	pop	{r4, pc}
10006978:	20000280 	.word	0x20000280
1000697c:	20000ac4 	.word	0x20000ac4

10006980 <strtof_l>:
10006980:	0013      	movs	r3, r2
10006982:	4a27      	ldr	r2, [pc, #156]	; (10006a20 <strtof_l+0xa0>)
10006984:	b5f0      	push	{r4, r5, r6, r7, lr}
10006986:	46c6      	mov	lr, r8
10006988:	4690      	mov	r8, r2
1000698a:	000a      	movs	r2, r1
1000698c:	0001      	movs	r1, r0
1000698e:	4640      	mov	r0, r8
10006990:	b500      	push	{lr}
10006992:	6800      	ldr	r0, [r0, #0]
10006994:	f7ff f812 	bl	100059bc <_strtod_l>
10006998:	0002      	movs	r2, r0
1000699a:	000b      	movs	r3, r1
1000699c:	0005      	movs	r5, r0
1000699e:	000c      	movs	r4, r1
100069a0:	f7fc fe03 	bl	100035aa <__wrap___aeabi_dcmpun>
100069a4:	2800      	cmp	r0, #0
100069a6:	d12e      	bne.n	10006a06 <strtof_l+0x86>
100069a8:	0021      	movs	r1, r4
100069aa:	0028      	movs	r0, r5
100069ac:	f7fc fe7e 	bl	100036ac <__wrap___aeabi_d2f>
100069b0:	0047      	lsls	r7, r0, #1
100069b2:	087f      	lsrs	r7, r7, #1
100069b4:	1c06      	adds	r6, r0, #0
100069b6:	491b      	ldr	r1, [pc, #108]	; (10006a24 <strtof_l+0xa4>)
100069b8:	1c38      	adds	r0, r7, #0
100069ba:	f7fc ff6e 	bl	1000389a <__wrap___aeabi_fcmpun>
100069be:	2800      	cmp	r0, #0
100069c0:	d11d      	bne.n	100069fe <strtof_l+0x7e>
100069c2:	4918      	ldr	r1, [pc, #96]	; (10006a24 <strtof_l+0xa4>)
100069c4:	1c38      	adds	r0, r7, #0
100069c6:	f7fc ff53 	bl	10003870 <__wrap___aeabi_fcmple>
100069ca:	2800      	cmp	r0, #0
100069cc:	d117      	bne.n	100069fe <strtof_l+0x7e>
100069ce:	2201      	movs	r2, #1
100069d0:	0064      	lsls	r4, r4, #1
100069d2:	0864      	lsrs	r4, r4, #1
100069d4:	0028      	movs	r0, r5
100069d6:	0021      	movs	r1, r4
100069d8:	4b13      	ldr	r3, [pc, #76]	; (10006a28 <strtof_l+0xa8>)
100069da:	4252      	negs	r2, r2
100069dc:	f7fc fde5 	bl	100035aa <__wrap___aeabi_dcmpun>
100069e0:	2800      	cmp	r0, #0
100069e2:	d108      	bne.n	100069f6 <strtof_l+0x76>
100069e4:	2201      	movs	r2, #1
100069e6:	0028      	movs	r0, r5
100069e8:	0021      	movs	r1, r4
100069ea:	4b0f      	ldr	r3, [pc, #60]	; (10006a28 <strtof_l+0xa8>)
100069ec:	4252      	negs	r2, r2
100069ee:	f7fc fdc7 	bl	10003580 <__wrap___aeabi_dcmple>
100069f2:	2800      	cmp	r0, #0
100069f4:	d003      	beq.n	100069fe <strtof_l+0x7e>
100069f6:	4643      	mov	r3, r8
100069f8:	2222      	movs	r2, #34	; 0x22
100069fa:	681b      	ldr	r3, [r3, #0]
100069fc:	601a      	str	r2, [r3, #0]
100069fe:	1c30      	adds	r0, r6, #0
10006a00:	bc80      	pop	{r7}
10006a02:	46b8      	mov	r8, r7
10006a04:	bdf0      	pop	{r4, r5, r6, r7, pc}
10006a06:	4809      	ldr	r0, [pc, #36]	; (10006a2c <strtof_l+0xac>)
10006a08:	2c00      	cmp	r4, #0
10006a0a:	da05      	bge.n	10006a18 <strtof_l+0x98>
10006a0c:	f001 fbb2 	bl	10008174 <nanf>
10006a10:	2380      	movs	r3, #128	; 0x80
10006a12:	061b      	lsls	r3, r3, #24
10006a14:	18c6      	adds	r6, r0, r3
10006a16:	e7f2      	b.n	100069fe <strtof_l+0x7e>
10006a18:	f001 fbac 	bl	10008174 <nanf>
10006a1c:	1c06      	adds	r6, r0, #0
10006a1e:	e7ee      	b.n	100069fe <strtof_l+0x7e>
10006a20:	20000280 	.word	0x20000280
10006a24:	7f7fffff 	.word	0x7f7fffff
10006a28:	7fefffff 	.word	0x7fefffff
10006a2c:	10008814 	.word	0x10008814

10006a30 <strtof>:
10006a30:	4b27      	ldr	r3, [pc, #156]	; (10006ad0 <strtof+0xa0>)
10006a32:	b5f0      	push	{r4, r5, r6, r7, lr}
10006a34:	46c6      	mov	lr, r8
10006a36:	4698      	mov	r8, r3
10006a38:	000a      	movs	r2, r1
10006a3a:	0001      	movs	r1, r0
10006a3c:	4640      	mov	r0, r8
10006a3e:	b500      	push	{lr}
10006a40:	4b24      	ldr	r3, [pc, #144]	; (10006ad4 <strtof+0xa4>)
10006a42:	6800      	ldr	r0, [r0, #0]
10006a44:	f7fe ffba 	bl	100059bc <_strtod_l>
10006a48:	0002      	movs	r2, r0
10006a4a:	000b      	movs	r3, r1
10006a4c:	0005      	movs	r5, r0
10006a4e:	000c      	movs	r4, r1
10006a50:	f7fc fdab 	bl	100035aa <__wrap___aeabi_dcmpun>
10006a54:	2800      	cmp	r0, #0
10006a56:	d12e      	bne.n	10006ab6 <strtof+0x86>
10006a58:	0021      	movs	r1, r4
10006a5a:	0028      	movs	r0, r5
10006a5c:	f7fc fe26 	bl	100036ac <__wrap___aeabi_d2f>
10006a60:	0047      	lsls	r7, r0, #1
10006a62:	087f      	lsrs	r7, r7, #1
10006a64:	1c06      	adds	r6, r0, #0
10006a66:	491c      	ldr	r1, [pc, #112]	; (10006ad8 <strtof+0xa8>)
10006a68:	1c38      	adds	r0, r7, #0
10006a6a:	f7fc ff16 	bl	1000389a <__wrap___aeabi_fcmpun>
10006a6e:	2800      	cmp	r0, #0
10006a70:	d11d      	bne.n	10006aae <strtof+0x7e>
10006a72:	4919      	ldr	r1, [pc, #100]	; (10006ad8 <strtof+0xa8>)
10006a74:	1c38      	adds	r0, r7, #0
10006a76:	f7fc fefb 	bl	10003870 <__wrap___aeabi_fcmple>
10006a7a:	2800      	cmp	r0, #0
10006a7c:	d117      	bne.n	10006aae <strtof+0x7e>
10006a7e:	2201      	movs	r2, #1
10006a80:	0064      	lsls	r4, r4, #1
10006a82:	0864      	lsrs	r4, r4, #1
10006a84:	0028      	movs	r0, r5
10006a86:	0021      	movs	r1, r4
10006a88:	4b14      	ldr	r3, [pc, #80]	; (10006adc <strtof+0xac>)
10006a8a:	4252      	negs	r2, r2
10006a8c:	f7fc fd8d 	bl	100035aa <__wrap___aeabi_dcmpun>
10006a90:	2800      	cmp	r0, #0
10006a92:	d108      	bne.n	10006aa6 <strtof+0x76>
10006a94:	2201      	movs	r2, #1
10006a96:	0028      	movs	r0, r5
10006a98:	0021      	movs	r1, r4
10006a9a:	4b10      	ldr	r3, [pc, #64]	; (10006adc <strtof+0xac>)
10006a9c:	4252      	negs	r2, r2
10006a9e:	f7fc fd6f 	bl	10003580 <__wrap___aeabi_dcmple>
10006aa2:	2800      	cmp	r0, #0
10006aa4:	d003      	beq.n	10006aae <strtof+0x7e>
10006aa6:	4643      	mov	r3, r8
10006aa8:	2222      	movs	r2, #34	; 0x22
10006aaa:	681b      	ldr	r3, [r3, #0]
10006aac:	601a      	str	r2, [r3, #0]
10006aae:	1c30      	adds	r0, r6, #0
10006ab0:	bc80      	pop	{r7}
10006ab2:	46b8      	mov	r8, r7
10006ab4:	bdf0      	pop	{r4, r5, r6, r7, pc}
10006ab6:	480a      	ldr	r0, [pc, #40]	; (10006ae0 <strtof+0xb0>)
10006ab8:	2c00      	cmp	r4, #0
10006aba:	da05      	bge.n	10006ac8 <strtof+0x98>
10006abc:	f001 fb5a 	bl	10008174 <nanf>
10006ac0:	2380      	movs	r3, #128	; 0x80
10006ac2:	061b      	lsls	r3, r3, #24
10006ac4:	18c6      	adds	r6, r0, r3
10006ac6:	e7f2      	b.n	10006aae <strtof+0x7e>
10006ac8:	f001 fb54 	bl	10008174 <nanf>
10006acc:	1c06      	adds	r6, r0, #0
10006ace:	e7ee      	b.n	10006aae <strtof+0x7e>
10006ad0:	20000280 	.word	0x20000280
10006ad4:	20000ac4 	.word	0x20000ac4
10006ad8:	7f7fffff 	.word	0x7f7fffff
10006adc:	7fefffff 	.word	0x7fefffff
10006ae0:	10008814 	.word	0x10008814

10006ae4 <__strtok_r>:
10006ae4:	b5f0      	push	{r4, r5, r6, r7, lr}
10006ae6:	2800      	cmp	r0, #0
10006ae8:	d02a      	beq.n	10006b40 <__strtok_r+0x5c>
10006aea:	0007      	movs	r7, r0
10006aec:	0038      	movs	r0, r7
10006aee:	000c      	movs	r4, r1
10006af0:	7806      	ldrb	r6, [r0, #0]
10006af2:	3701      	adds	r7, #1
10006af4:	e002      	b.n	10006afc <__strtok_r+0x18>
10006af6:	3401      	adds	r4, #1
10006af8:	42ae      	cmp	r6, r5
10006afa:	d017      	beq.n	10006b2c <__strtok_r+0x48>
10006afc:	7825      	ldrb	r5, [r4, #0]
10006afe:	2d00      	cmp	r5, #0
10006b00:	d1f9      	bne.n	10006af6 <__strtok_r+0x12>
10006b02:	2e00      	cmp	r6, #0
10006b04:	d021      	beq.n	10006b4a <__strtok_r+0x66>
10006b06:	1c7e      	adds	r6, r7, #1
10006b08:	46b4      	mov	ip, r6
10006b0a:	000b      	movs	r3, r1
10006b0c:	783d      	ldrb	r5, [r7, #0]
10006b0e:	e002      	b.n	10006b16 <__strtok_r+0x32>
10006b10:	3301      	adds	r3, #1
10006b12:	2c00      	cmp	r4, #0
10006b14:	d00f      	beq.n	10006b36 <__strtok_r+0x52>
10006b16:	781c      	ldrb	r4, [r3, #0]
10006b18:	42a5      	cmp	r5, r4
10006b1a:	d1f9      	bne.n	10006b10 <__strtok_r+0x2c>
10006b1c:	2d00      	cmp	r5, #0
10006b1e:	d00c      	beq.n	10006b3a <__strtok_r+0x56>
10006b20:	2300      	movs	r3, #0
10006b22:	3e01      	subs	r6, #1
10006b24:	7033      	strb	r3, [r6, #0]
10006b26:	4663      	mov	r3, ip
10006b28:	6013      	str	r3, [r2, #0]
10006b2a:	bdf0      	pop	{r4, r5, r6, r7, pc}
10006b2c:	2b00      	cmp	r3, #0
10006b2e:	d1dd      	bne.n	10006aec <__strtok_r+0x8>
10006b30:	6017      	str	r7, [r2, #0]
10006b32:	7003      	strb	r3, [r0, #0]
10006b34:	e7f9      	b.n	10006b2a <__strtok_r+0x46>
10006b36:	0037      	movs	r7, r6
10006b38:	e7e5      	b.n	10006b06 <__strtok_r+0x22>
10006b3a:	2300      	movs	r3, #0
10006b3c:	469c      	mov	ip, r3
10006b3e:	e7f2      	b.n	10006b26 <__strtok_r+0x42>
10006b40:	6810      	ldr	r0, [r2, #0]
10006b42:	2800      	cmp	r0, #0
10006b44:	d1d1      	bne.n	10006aea <__strtok_r+0x6>
10006b46:	2000      	movs	r0, #0
10006b48:	e7ef      	b.n	10006b2a <__strtok_r+0x46>
10006b4a:	2000      	movs	r0, #0
10006b4c:	6016      	str	r6, [r2, #0]
10006b4e:	e7ec      	b.n	10006b2a <__strtok_r+0x46>

10006b50 <strtok_r>:
10006b50:	b510      	push	{r4, lr}
10006b52:	2301      	movs	r3, #1
10006b54:	f7ff ffc6 	bl	10006ae4 <__strtok_r>
10006b58:	bd10      	pop	{r4, pc}
10006b5a:	46c0      	nop			; (mov r8, r8)

10006b5c <_malloc_trim_r>:
10006b5c:	b5f8      	push	{r3, r4, r5, r6, r7, lr}
10006b5e:	000c      	movs	r4, r1
10006b60:	0005      	movs	r5, r0
10006b62:	f7fe fea3 	bl	100058ac <__malloc_lock>
10006b66:	4f20      	ldr	r7, [pc, #128]	; (10006be8 <_malloc_trim_r+0x8c>)
10006b68:	68bb      	ldr	r3, [r7, #8]
10006b6a:	685e      	ldr	r6, [r3, #4]
10006b6c:	2303      	movs	r3, #3
10006b6e:	439e      	bics	r6, r3
10006b70:	4b1e      	ldr	r3, [pc, #120]	; (10006bec <_malloc_trim_r+0x90>)
10006b72:	1b34      	subs	r4, r6, r4
10006b74:	469c      	mov	ip, r3
10006b76:	4464      	add	r4, ip
10006b78:	0b24      	lsrs	r4, r4, #12
10006b7a:	3c01      	subs	r4, #1
10006b7c:	3311      	adds	r3, #17
10006b7e:	0324      	lsls	r4, r4, #12
10006b80:	429c      	cmp	r4, r3
10006b82:	db07      	blt.n	10006b94 <_malloc_trim_r+0x38>
10006b84:	2100      	movs	r1, #0
10006b86:	0028      	movs	r0, r5
10006b88:	f7fe fe94 	bl	100058b4 <_sbrk_r>
10006b8c:	68bb      	ldr	r3, [r7, #8]
10006b8e:	199b      	adds	r3, r3, r6
10006b90:	4298      	cmp	r0, r3
10006b92:	d004      	beq.n	10006b9e <_malloc_trim_r+0x42>
10006b94:	0028      	movs	r0, r5
10006b96:	f7fe fe8b 	bl	100058b0 <__malloc_unlock>
10006b9a:	2000      	movs	r0, #0
10006b9c:	bdf8      	pop	{r3, r4, r5, r6, r7, pc}
10006b9e:	0028      	movs	r0, r5
10006ba0:	4261      	negs	r1, r4
10006ba2:	f7fe fe87 	bl	100058b4 <_sbrk_r>
10006ba6:	1c43      	adds	r3, r0, #1
10006ba8:	d00d      	beq.n	10006bc6 <_malloc_trim_r+0x6a>
10006baa:	2201      	movs	r2, #1
10006bac:	68bb      	ldr	r3, [r7, #8]
10006bae:	1b36      	subs	r6, r6, r4
10006bb0:	4316      	orrs	r6, r2
10006bb2:	605e      	str	r6, [r3, #4]
10006bb4:	4b0e      	ldr	r3, [pc, #56]	; (10006bf0 <_malloc_trim_r+0x94>)
10006bb6:	0028      	movs	r0, r5
10006bb8:	681a      	ldr	r2, [r3, #0]
10006bba:	1b14      	subs	r4, r2, r4
10006bbc:	601c      	str	r4, [r3, #0]
10006bbe:	f7fe fe77 	bl	100058b0 <__malloc_unlock>
10006bc2:	2001      	movs	r0, #1
10006bc4:	e7ea      	b.n	10006b9c <_malloc_trim_r+0x40>
10006bc6:	2100      	movs	r1, #0
10006bc8:	0028      	movs	r0, r5
10006bca:	f7fe fe73 	bl	100058b4 <_sbrk_r>
10006bce:	68ba      	ldr	r2, [r7, #8]
10006bd0:	1a83      	subs	r3, r0, r2
10006bd2:	2b0f      	cmp	r3, #15
10006bd4:	ddde      	ble.n	10006b94 <_malloc_trim_r+0x38>
10006bd6:	4907      	ldr	r1, [pc, #28]	; (10006bf4 <_malloc_trim_r+0x98>)
10006bd8:	6809      	ldr	r1, [r1, #0]
10006bda:	1a40      	subs	r0, r0, r1
10006bdc:	4904      	ldr	r1, [pc, #16]	; (10006bf0 <_malloc_trim_r+0x94>)
10006bde:	6008      	str	r0, [r1, #0]
10006be0:	2101      	movs	r1, #1
10006be2:	430b      	orrs	r3, r1
10006be4:	6053      	str	r3, [r2, #4]
10006be6:	e7d5      	b.n	10006b94 <_malloc_trim_r+0x38>
10006be8:	200006b8 	.word	0x200006b8
10006bec:	00000fef 	.word	0x00000fef
10006bf0:	20000ecc 	.word	0x20000ecc
10006bf4:	200006b0 	.word	0x200006b0

10006bf8 <_free_r>:
10006bf8:	b5f0      	push	{r4, r5, r6, r7, lr}
10006bfa:	46c6      	mov	lr, r8
10006bfc:	0005      	movs	r5, r0
10006bfe:	000c      	movs	r4, r1
10006c00:	b500      	push	{lr}
10006c02:	2900      	cmp	r1, #0
10006c04:	d04f      	beq.n	10006ca6 <_free_r+0xae>
10006c06:	f7fe fe51 	bl	100058ac <__malloc_lock>
10006c0a:	0021      	movs	r1, r4
10006c0c:	3908      	subs	r1, #8
10006c0e:	684c      	ldr	r4, [r1, #4]
10006c10:	2601      	movs	r6, #1
10006c12:	0022      	movs	r2, r4
10006c14:	2003      	movs	r0, #3
10006c16:	43b2      	bics	r2, r6
10006c18:	188f      	adds	r7, r1, r2
10006c1a:	687b      	ldr	r3, [r7, #4]
10006c1c:	4383      	bics	r3, r0
10006c1e:	4862      	ldr	r0, [pc, #392]	; (10006da8 <_free_r+0x1b0>)
10006c20:	4698      	mov	r8, r3
10006c22:	6883      	ldr	r3, [r0, #8]
10006c24:	42bb      	cmp	r3, r7
10006c26:	d06a      	beq.n	10006cfe <_free_r+0x106>
10006c28:	4643      	mov	r3, r8
10006c2a:	607b      	str	r3, [r7, #4]
10006c2c:	4226      	tst	r6, r4
10006c2e:	d11e      	bne.n	10006c6e <_free_r+0x76>
10006c30:	2308      	movs	r3, #8
10006c32:	469c      	mov	ip, r3
10006c34:	680c      	ldr	r4, [r1, #0]
10006c36:	4484      	add	ip, r0
10006c38:	1b09      	subs	r1, r1, r4
10006c3a:	1912      	adds	r2, r2, r4
10006c3c:	688c      	ldr	r4, [r1, #8]
10006c3e:	4564      	cmp	r4, ip
10006c40:	d04f      	beq.n	10006ce2 <_free_r+0xea>
10006c42:	68cb      	ldr	r3, [r1, #12]
10006c44:	60e3      	str	r3, [r4, #12]
10006c46:	609c      	str	r4, [r3, #8]
10006c48:	4643      	mov	r3, r8
10006c4a:	18fc      	adds	r4, r7, r3
10006c4c:	6864      	ldr	r4, [r4, #4]
10006c4e:	4234      	tst	r4, r6
10006c50:	d111      	bne.n	10006c76 <_free_r+0x7e>
10006c52:	68bb      	ldr	r3, [r7, #8]
10006c54:	4c55      	ldr	r4, [pc, #340]	; (10006dac <_free_r+0x1b4>)
10006c56:	4442      	add	r2, r8
10006c58:	42a3      	cmp	r3, r4
10006c5a:	d100      	bne.n	10006c5e <_free_r+0x66>
10006c5c:	e07e      	b.n	10006d5c <_free_r+0x164>
10006c5e:	68fc      	ldr	r4, [r7, #12]
10006c60:	60dc      	str	r4, [r3, #12]
10006c62:	60a3      	str	r3, [r4, #8]
10006c64:	2301      	movs	r3, #1
10006c66:	4313      	orrs	r3, r2
10006c68:	604b      	str	r3, [r1, #4]
10006c6a:	508a      	str	r2, [r1, r2]
10006c6c:	e006      	b.n	10006c7c <_free_r+0x84>
10006c6e:	18fc      	adds	r4, r7, r3
10006c70:	6864      	ldr	r4, [r4, #4]
10006c72:	4234      	tst	r4, r6
10006c74:	d0ed      	beq.n	10006c52 <_free_r+0x5a>
10006c76:	4316      	orrs	r6, r2
10006c78:	604e      	str	r6, [r1, #4]
10006c7a:	603a      	str	r2, [r7, #0]
10006c7c:	2380      	movs	r3, #128	; 0x80
10006c7e:	009b      	lsls	r3, r3, #2
10006c80:	429a      	cmp	r2, r3
10006c82:	d213      	bcs.n	10006cac <_free_r+0xb4>
10006c84:	0954      	lsrs	r4, r2, #5
10006c86:	08d3      	lsrs	r3, r2, #3
10006c88:	2201      	movs	r2, #1
10006c8a:	40a2      	lsls	r2, r4
10006c8c:	6844      	ldr	r4, [r0, #4]
10006c8e:	00db      	lsls	r3, r3, #3
10006c90:	4322      	orrs	r2, r4
10006c92:	6042      	str	r2, [r0, #4]
10006c94:	1818      	adds	r0, r3, r0
10006c96:	6883      	ldr	r3, [r0, #8]
10006c98:	60c8      	str	r0, [r1, #12]
10006c9a:	608b      	str	r3, [r1, #8]
10006c9c:	6081      	str	r1, [r0, #8]
10006c9e:	60d9      	str	r1, [r3, #12]
10006ca0:	0028      	movs	r0, r5
10006ca2:	f7fe fe05 	bl	100058b0 <__malloc_unlock>
10006ca6:	bc80      	pop	{r7}
10006ca8:	46b8      	mov	r8, r7
10006caa:	bdf0      	pop	{r4, r5, r6, r7, pc}
10006cac:	0a53      	lsrs	r3, r2, #9
10006cae:	2b04      	cmp	r3, #4
10006cb0:	d83e      	bhi.n	10006d30 <_free_r+0x138>
10006cb2:	0994      	lsrs	r4, r2, #6
10006cb4:	0026      	movs	r6, r4
10006cb6:	3439      	adds	r4, #57	; 0x39
10006cb8:	3638      	adds	r6, #56	; 0x38
10006cba:	00e4      	lsls	r4, r4, #3
10006cbc:	1904      	adds	r4, r0, r4
10006cbe:	6823      	ldr	r3, [r4, #0]
10006cc0:	3c08      	subs	r4, #8
10006cc2:	2703      	movs	r7, #3
10006cc4:	429c      	cmp	r4, r3
10006cc6:	d042      	beq.n	10006d4e <_free_r+0x156>
10006cc8:	6858      	ldr	r0, [r3, #4]
10006cca:	43b8      	bics	r0, r7
10006ccc:	4290      	cmp	r0, r2
10006cce:	d902      	bls.n	10006cd6 <_free_r+0xde>
10006cd0:	689b      	ldr	r3, [r3, #8]
10006cd2:	429c      	cmp	r4, r3
10006cd4:	d1f8      	bne.n	10006cc8 <_free_r+0xd0>
10006cd6:	68dc      	ldr	r4, [r3, #12]
10006cd8:	60cc      	str	r4, [r1, #12]
10006cda:	608b      	str	r3, [r1, #8]
10006cdc:	60a1      	str	r1, [r4, #8]
10006cde:	60d9      	str	r1, [r3, #12]
10006ce0:	e7de      	b.n	10006ca0 <_free_r+0xa8>
10006ce2:	4643      	mov	r3, r8
10006ce4:	18f8      	adds	r0, r7, r3
10006ce6:	6840      	ldr	r0, [r0, #4]
10006ce8:	4230      	tst	r0, r6
10006cea:	d157      	bne.n	10006d9c <_free_r+0x1a4>
10006cec:	68fb      	ldr	r3, [r7, #12]
10006cee:	68b8      	ldr	r0, [r7, #8]
10006cf0:	4442      	add	r2, r8
10006cf2:	4316      	orrs	r6, r2
10006cf4:	60c3      	str	r3, [r0, #12]
10006cf6:	6098      	str	r0, [r3, #8]
10006cf8:	604e      	str	r6, [r1, #4]
10006cfa:	508a      	str	r2, [r1, r2]
10006cfc:	e7d0      	b.n	10006ca0 <_free_r+0xa8>
10006cfe:	0013      	movs	r3, r2
10006d00:	4443      	add	r3, r8
10006d02:	4226      	tst	r6, r4
10006d04:	d106      	bne.n	10006d14 <_free_r+0x11c>
10006d06:	680a      	ldr	r2, [r1, #0]
10006d08:	1a89      	subs	r1, r1, r2
10006d0a:	688c      	ldr	r4, [r1, #8]
10006d0c:	189b      	adds	r3, r3, r2
10006d0e:	68ca      	ldr	r2, [r1, #12]
10006d10:	60e2      	str	r2, [r4, #12]
10006d12:	6094      	str	r4, [r2, #8]
10006d14:	2201      	movs	r2, #1
10006d16:	431a      	orrs	r2, r3
10006d18:	604a      	str	r2, [r1, #4]
10006d1a:	4a25      	ldr	r2, [pc, #148]	; (10006db0 <_free_r+0x1b8>)
10006d1c:	6081      	str	r1, [r0, #8]
10006d1e:	6812      	ldr	r2, [r2, #0]
10006d20:	429a      	cmp	r2, r3
10006d22:	d8bd      	bhi.n	10006ca0 <_free_r+0xa8>
10006d24:	4b23      	ldr	r3, [pc, #140]	; (10006db4 <_free_r+0x1bc>)
10006d26:	0028      	movs	r0, r5
10006d28:	6819      	ldr	r1, [r3, #0]
10006d2a:	f7ff ff17 	bl	10006b5c <_malloc_trim_r>
10006d2e:	e7b7      	b.n	10006ca0 <_free_r+0xa8>
10006d30:	2b14      	cmp	r3, #20
10006d32:	d907      	bls.n	10006d44 <_free_r+0x14c>
10006d34:	2b54      	cmp	r3, #84	; 0x54
10006d36:	d81a      	bhi.n	10006d6e <_free_r+0x176>
10006d38:	0b14      	lsrs	r4, r2, #12
10006d3a:	0026      	movs	r6, r4
10006d3c:	346f      	adds	r4, #111	; 0x6f
10006d3e:	366e      	adds	r6, #110	; 0x6e
10006d40:	00e4      	lsls	r4, r4, #3
10006d42:	e7bb      	b.n	10006cbc <_free_r+0xc4>
10006d44:	001e      	movs	r6, r3
10006d46:	335c      	adds	r3, #92	; 0x5c
10006d48:	365b      	adds	r6, #91	; 0x5b
10006d4a:	00dc      	lsls	r4, r3, #3
10006d4c:	e7b6      	b.n	10006cbc <_free_r+0xc4>
10006d4e:	2201      	movs	r2, #1
10006d50:	10b6      	asrs	r6, r6, #2
10006d52:	40b2      	lsls	r2, r6
10006d54:	6846      	ldr	r6, [r0, #4]
10006d56:	4332      	orrs	r2, r6
10006d58:	6042      	str	r2, [r0, #4]
10006d5a:	e7bd      	b.n	10006cd8 <_free_r+0xe0>
10006d5c:	60d9      	str	r1, [r3, #12]
10006d5e:	6099      	str	r1, [r3, #8]
10006d60:	60cb      	str	r3, [r1, #12]
10006d62:	608b      	str	r3, [r1, #8]
10006d64:	2301      	movs	r3, #1
10006d66:	4313      	orrs	r3, r2
10006d68:	604b      	str	r3, [r1, #4]
10006d6a:	508a      	str	r2, [r1, r2]
10006d6c:	e798      	b.n	10006ca0 <_free_r+0xa8>
10006d6e:	24aa      	movs	r4, #170	; 0xaa
10006d70:	0064      	lsls	r4, r4, #1
10006d72:	42a3      	cmp	r3, r4
10006d74:	d805      	bhi.n	10006d82 <_free_r+0x18a>
10006d76:	0bd4      	lsrs	r4, r2, #15
10006d78:	0026      	movs	r6, r4
10006d7a:	3478      	adds	r4, #120	; 0x78
10006d7c:	3677      	adds	r6, #119	; 0x77
10006d7e:	00e4      	lsls	r4, r4, #3
10006d80:	e79c      	b.n	10006cbc <_free_r+0xc4>
10006d82:	4c0d      	ldr	r4, [pc, #52]	; (10006db8 <_free_r+0x1c0>)
10006d84:	42a3      	cmp	r3, r4
10006d86:	d805      	bhi.n	10006d94 <_free_r+0x19c>
10006d88:	0c94      	lsrs	r4, r2, #18
10006d8a:	0026      	movs	r6, r4
10006d8c:	347d      	adds	r4, #125	; 0x7d
10006d8e:	367c      	adds	r6, #124	; 0x7c
10006d90:	00e4      	lsls	r4, r4, #3
10006d92:	e793      	b.n	10006cbc <_free_r+0xc4>
10006d94:	24fe      	movs	r4, #254	; 0xfe
10006d96:	267e      	movs	r6, #126	; 0x7e
10006d98:	00a4      	lsls	r4, r4, #2
10006d9a:	e78f      	b.n	10006cbc <_free_r+0xc4>
10006d9c:	0033      	movs	r3, r6
10006d9e:	4313      	orrs	r3, r2
10006da0:	604b      	str	r3, [r1, #4]
10006da2:	603a      	str	r2, [r7, #0]
10006da4:	e77c      	b.n	10006ca0 <_free_r+0xa8>
10006da6:	46c0      	nop			; (mov r8, r8)
10006da8:	200006b8 	.word	0x200006b8
10006dac:	200006c0 	.word	0x200006c0
10006db0:	200006b4 	.word	0x200006b4
10006db4:	20000ec8 	.word	0x20000ec8
10006db8:	00000554 	.word	0x00000554

10006dbc <rshift>:
10006dbc:	b5f0      	push	{r4, r5, r6, r7, lr}
10006dbe:	46d6      	mov	lr, sl
10006dc0:	464f      	mov	r7, r9
10006dc2:	4646      	mov	r6, r8
10006dc4:	6903      	ldr	r3, [r0, #16]
10006dc6:	b5c0      	push	{r6, r7, lr}
10006dc8:	469a      	mov	sl, r3
10006dca:	114f      	asrs	r7, r1, #5
10006dcc:	42bb      	cmp	r3, r7
10006dce:	dd2d      	ble.n	10006e2c <rshift+0x70>
10006dd0:	221f      	movs	r2, #31
10006dd2:	0005      	movs	r5, r0
10006dd4:	0014      	movs	r4, r2
10006dd6:	3514      	adds	r5, #20
10006dd8:	009e      	lsls	r6, r3, #2
10006dda:	400c      	ands	r4, r1
10006ddc:	00bb      	lsls	r3, r7, #2
10006dde:	46a4      	mov	ip, r4
10006de0:	19ae      	adds	r6, r5, r6
10006de2:	18eb      	adds	r3, r5, r3
10006de4:	420a      	tst	r2, r1
10006de6:	d02a      	beq.n	10006e3e <rshift+0x82>
10006de8:	2220      	movs	r2, #32
10006dea:	cb02      	ldmia	r3!, {r1}
10006dec:	1b12      	subs	r2, r2, r4
10006dee:	4690      	mov	r8, r2
10006df0:	40e1      	lsrs	r1, r4
10006df2:	429e      	cmp	r6, r3
10006df4:	d916      	bls.n	10006e24 <rshift+0x68>
10006df6:	46a9      	mov	r9, r5
10006df8:	4644      	mov	r4, r8
10006dfa:	681a      	ldr	r2, [r3, #0]
10006dfc:	40a2      	lsls	r2, r4
10006dfe:	430a      	orrs	r2, r1
10006e00:	4649      	mov	r1, r9
10006e02:	c104      	stmia	r1!, {r2}
10006e04:	4662      	mov	r2, ip
10006e06:	4689      	mov	r9, r1
10006e08:	cb02      	ldmia	r3!, {r1}
10006e0a:	40d1      	lsrs	r1, r2
10006e0c:	429e      	cmp	r6, r3
10006e0e:	d8f3      	bhi.n	10006df8 <rshift+0x3c>
10006e10:	4653      	mov	r3, sl
10006e12:	1bdc      	subs	r4, r3, r7
10006e14:	00a4      	lsls	r4, r4, #2
10006e16:	3c04      	subs	r4, #4
10006e18:	192c      	adds	r4, r5, r4
10006e1a:	6021      	str	r1, [r4, #0]
10006e1c:	2900      	cmp	r1, #0
10006e1e:	d019      	beq.n	10006e54 <rshift+0x98>
10006e20:	3404      	adds	r4, #4
10006e22:	e017      	b.n	10006e54 <rshift+0x98>
10006e24:	002c      	movs	r4, r5
10006e26:	6141      	str	r1, [r0, #20]
10006e28:	2900      	cmp	r1, #0
10006e2a:	d1f9      	bne.n	10006e20 <rshift+0x64>
10006e2c:	2300      	movs	r3, #0
10006e2e:	6103      	str	r3, [r0, #16]
10006e30:	2300      	movs	r3, #0
10006e32:	6143      	str	r3, [r0, #20]
10006e34:	bce0      	pop	{r5, r6, r7}
10006e36:	46ba      	mov	sl, r7
10006e38:	46b1      	mov	r9, r6
10006e3a:	46a8      	mov	r8, r5
10006e3c:	bdf0      	pop	{r4, r5, r6, r7, pc}
10006e3e:	002a      	movs	r2, r5
10006e40:	429e      	cmp	r6, r3
10006e42:	d9f3      	bls.n	10006e2c <rshift+0x70>
10006e44:	cb02      	ldmia	r3!, {r1}
10006e46:	c202      	stmia	r2!, {r1}
10006e48:	429e      	cmp	r6, r3
10006e4a:	d8fb      	bhi.n	10006e44 <rshift+0x88>
10006e4c:	4653      	mov	r3, sl
10006e4e:	1bdc      	subs	r4, r3, r7
10006e50:	00a4      	lsls	r4, r4, #2
10006e52:	192c      	adds	r4, r5, r4
10006e54:	1b63      	subs	r3, r4, r5
10006e56:	109b      	asrs	r3, r3, #2
10006e58:	6103      	str	r3, [r0, #16]
10006e5a:	42ac      	cmp	r4, r5
10006e5c:	d1ea      	bne.n	10006e34 <rshift+0x78>
10006e5e:	e7e7      	b.n	10006e30 <rshift+0x74>

10006e60 <__gethex>:
10006e60:	b5f0      	push	{r4, r5, r6, r7, lr}
10006e62:	46de      	mov	lr, fp
10006e64:	464e      	mov	r6, r9
10006e66:	4645      	mov	r5, r8
10006e68:	4657      	mov	r7, sl
10006e6a:	b5e0      	push	{r5, r6, r7, lr}
10006e6c:	b08b      	sub	sp, #44	; 0x2c
10006e6e:	9309      	str	r3, [sp, #36]	; 0x24
10006e70:	4bb9      	ldr	r3, [pc, #740]	; (10007158 <__gethex+0x2f8>)
10006e72:	9007      	str	r0, [sp, #28]
10006e74:	681b      	ldr	r3, [r3, #0]
10006e76:	4689      	mov	r9, r1
10006e78:	0018      	movs	r0, r3
10006e7a:	001c      	movs	r4, r3
10006e7c:	4693      	mov	fp, r2
10006e7e:	9305      	str	r3, [sp, #20]
10006e80:	f7fe fd6e 	bl	10005960 <strlen>
10006e84:	46a4      	mov	ip, r4
10006e86:	0002      	movs	r2, r0
10006e88:	4462      	add	r2, ip
10006e8a:	0013      	movs	r3, r2
10006e8c:	3b01      	subs	r3, #1
10006e8e:	781b      	ldrb	r3, [r3, #0]
10006e90:	9004      	str	r0, [sp, #16]
10006e92:	9301      	str	r3, [sp, #4]
10006e94:	464b      	mov	r3, r9
10006e96:	681d      	ldr	r5, [r3, #0]
10006e98:	78aa      	ldrb	r2, [r5, #2]
10006e9a:	2a30      	cmp	r2, #48	; 0x30
10006e9c:	d000      	beq.n	10006ea0 <__gethex+0x40>
10006e9e:	e216      	b.n	100072ce <__gethex+0x46e>
10006ea0:	2102      	movs	r1, #2
10006ea2:	4249      	negs	r1, r1
10006ea4:	1ceb      	adds	r3, r5, #3
10006ea6:	1b49      	subs	r1, r1, r5
10006ea8:	001d      	movs	r5, r3
10006eaa:	18cf      	adds	r7, r1, r3
10006eac:	3301      	adds	r3, #1
10006eae:	1e5a      	subs	r2, r3, #1
10006eb0:	7812      	ldrb	r2, [r2, #0]
10006eb2:	2a30      	cmp	r2, #48	; 0x30
10006eb4:	d0f8      	beq.n	10006ea8 <__gethex+0x48>
10006eb6:	4ba9      	ldr	r3, [pc, #676]	; (1000715c <__gethex+0x2fc>)
10006eb8:	4698      	mov	r8, r3
10006eba:	5c9b      	ldrb	r3, [r3, r2]
10006ebc:	2b00      	cmp	r3, #0
10006ebe:	d100      	bne.n	10006ec2 <__gethex+0x62>
10006ec0:	e0f3      	b.n	100070aa <__gethex+0x24a>
10006ec2:	4642      	mov	r2, r8
10006ec4:	782b      	ldrb	r3, [r5, #0]
10006ec6:	2400      	movs	r4, #0
10006ec8:	5cd3      	ldrb	r3, [r2, r3]
10006eca:	2200      	movs	r2, #0
10006ecc:	4692      	mov	sl, r2
10006ece:	002e      	movs	r6, r5
10006ed0:	2b00      	cmp	r3, #0
10006ed2:	d005      	beq.n	10006ee0 <__gethex+0x80>
10006ed4:	4642      	mov	r2, r8
10006ed6:	7873      	ldrb	r3, [r6, #1]
10006ed8:	3601      	adds	r6, #1
10006eda:	5cd3      	ldrb	r3, [r2, r3]
10006edc:	2b00      	cmp	r3, #0
10006ede:	d1f9      	bne.n	10006ed4 <__gethex+0x74>
10006ee0:	0030      	movs	r0, r6
10006ee2:	9a04      	ldr	r2, [sp, #16]
10006ee4:	9905      	ldr	r1, [sp, #20]
10006ee6:	f001 f949 	bl	1000817c <strncmp>
10006eea:	9003      	str	r0, [sp, #12]
10006eec:	2800      	cmp	r0, #0
10006eee:	d057      	beq.n	10006fa0 <__gethex+0x140>
10006ef0:	2c00      	cmp	r4, #0
10006ef2:	d158      	bne.n	10006fa6 <__gethex+0x146>
10006ef4:	2200      	movs	r2, #0
10006ef6:	7833      	ldrb	r3, [r6, #0]
10006ef8:	9203      	str	r2, [sp, #12]
10006efa:	2220      	movs	r2, #32
10006efc:	0034      	movs	r4, r6
10006efe:	4393      	bics	r3, r2
10006f00:	2b50      	cmp	r3, #80	; 0x50
10006f02:	d059      	beq.n	10006fb8 <__gethex+0x158>
10006f04:	464b      	mov	r3, r9
10006f06:	601e      	str	r6, [r3, #0]
10006f08:	4653      	mov	r3, sl
10006f0a:	2b00      	cmp	r3, #0
10006f0c:	d177      	bne.n	10006ffe <__gethex+0x19e>
10006f0e:	1b63      	subs	r3, r4, r5
10006f10:	3b01      	subs	r3, #1
10006f12:	2100      	movs	r1, #0
10006f14:	2b07      	cmp	r3, #7
10006f16:	dd03      	ble.n	10006f20 <__gethex+0xc0>
10006f18:	3101      	adds	r1, #1
10006f1a:	105b      	asrs	r3, r3, #1
10006f1c:	2b07      	cmp	r3, #7
10006f1e:	dcfb      	bgt.n	10006f18 <__gethex+0xb8>
10006f20:	9807      	ldr	r0, [sp, #28]
10006f22:	f000 fba3 	bl	1000766c <_Balloc>
10006f26:	4682      	mov	sl, r0
10006f28:	2800      	cmp	r0, #0
10006f2a:	d100      	bne.n	10006f2e <__gethex+0xce>
10006f2c:	e270      	b.n	10007410 <__gethex+0x5b0>
10006f2e:	2314      	movs	r3, #20
10006f30:	4453      	add	r3, sl
10006f32:	9308      	str	r3, [sp, #32]
10006f34:	42a5      	cmp	r5, r4
10006f36:	d300      	bcc.n	10006f3a <__gethex+0xda>
10006f38:	e1d5      	b.n	100072e6 <__gethex+0x486>
10006f3a:	9302      	str	r3, [sp, #8]
10006f3c:	2300      	movs	r3, #0
10006f3e:	9a04      	ldr	r2, [sp, #16]
10006f40:	4699      	mov	r9, r3
10006f42:	3301      	adds	r3, #1
10006f44:	1a9b      	subs	r3, r3, r2
10006f46:	9306      	str	r3, [sp, #24]
10006f48:	002b      	movs	r3, r5
10006f4a:	2700      	movs	r7, #0
10006f4c:	464d      	mov	r5, r9
10006f4e:	4699      	mov	r9, r3
10006f50:	e00d      	b.n	10006f6e <__gethex+0x10e>
10006f52:	2f20      	cmp	r7, #32
10006f54:	d01d      	beq.n	10006f92 <__gethex+0x132>
10006f56:	003a      	movs	r2, r7
10006f58:	3704      	adds	r7, #4
10006f5a:	4641      	mov	r1, r8
10006f5c:	7833      	ldrb	r3, [r6, #0]
10006f5e:	0034      	movs	r4, r6
10006f60:	5ccb      	ldrb	r3, [r1, r3]
10006f62:	210f      	movs	r1, #15
10006f64:	400b      	ands	r3, r1
10006f66:	4093      	lsls	r3, r2
10006f68:	431d      	orrs	r5, r3
10006f6a:	454c      	cmp	r4, r9
10006f6c:	d955      	bls.n	1000701a <__gethex+0x1ba>
10006f6e:	1e66      	subs	r6, r4, #1
10006f70:	7833      	ldrb	r3, [r6, #0]
10006f72:	9a01      	ldr	r2, [sp, #4]
10006f74:	4293      	cmp	r3, r2
10006f76:	d1ec      	bne.n	10006f52 <__gethex+0xf2>
10006f78:	9b06      	ldr	r3, [sp, #24]
10006f7a:	18f4      	adds	r4, r6, r3
10006f7c:	454c      	cmp	r4, r9
10006f7e:	d3e8      	bcc.n	10006f52 <__gethex+0xf2>
10006f80:	0020      	movs	r0, r4
10006f82:	9a04      	ldr	r2, [sp, #16]
10006f84:	9905      	ldr	r1, [sp, #20]
10006f86:	f001 f8f9 	bl	1000817c <strncmp>
10006f8a:	2800      	cmp	r0, #0
10006f8c:	d0ed      	beq.n	10006f6a <__gethex+0x10a>
10006f8e:	2f20      	cmp	r7, #32
10006f90:	d1e1      	bne.n	10006f56 <__gethex+0xf6>
10006f92:	9b02      	ldr	r3, [sp, #8]
10006f94:	2200      	movs	r2, #0
10006f96:	c320      	stmia	r3!, {r5}
10006f98:	2704      	movs	r7, #4
10006f9a:	2500      	movs	r5, #0
10006f9c:	9302      	str	r3, [sp, #8]
10006f9e:	e7dc      	b.n	10006f5a <__gethex+0xfa>
10006fa0:	2c00      	cmp	r4, #0
10006fa2:	d100      	bne.n	10006fa6 <__gethex+0x146>
10006fa4:	e180      	b.n	100072a8 <__gethex+0x448>
10006fa6:	2220      	movs	r2, #32
10006fa8:	1ba4      	subs	r4, r4, r6
10006faa:	00a3      	lsls	r3, r4, #2
10006fac:	9303      	str	r3, [sp, #12]
10006fae:	7833      	ldrb	r3, [r6, #0]
10006fb0:	0034      	movs	r4, r6
10006fb2:	4393      	bics	r3, r2
10006fb4:	2b50      	cmp	r3, #80	; 0x50
10006fb6:	d1a5      	bne.n	10006f04 <__gethex+0xa4>
10006fb8:	7863      	ldrb	r3, [r4, #1]
10006fba:	2b2b      	cmp	r3, #43	; 0x2b
10006fbc:	d100      	bne.n	10006fc0 <__gethex+0x160>
10006fbe:	e163      	b.n	10007288 <__gethex+0x428>
10006fc0:	2b2d      	cmp	r3, #45	; 0x2d
10006fc2:	d100      	bne.n	10006fc6 <__gethex+0x166>
10006fc4:	e0a3      	b.n	1000710e <__gethex+0x2ae>
10006fc6:	2200      	movs	r2, #0
10006fc8:	1c61      	adds	r1, r4, #1
10006fca:	4640      	mov	r0, r8
10006fcc:	5cc3      	ldrb	r3, [r0, r3]
10006fce:	0026      	movs	r6, r4
10006fd0:	1e58      	subs	r0, r3, #1
10006fd2:	2818      	cmp	r0, #24
10006fd4:	d896      	bhi.n	10006f04 <__gethex+0xa4>
10006fd6:	4640      	mov	r0, r8
10006fd8:	1c4e      	adds	r6, r1, #1
10006fda:	7849      	ldrb	r1, [r1, #1]
10006fdc:	3b10      	subs	r3, #16
10006fde:	5c41      	ldrb	r1, [r0, r1]
10006fe0:	1e08      	subs	r0, r1, #0
10006fe2:	d15f      	bne.n	100070a4 <__gethex+0x244>
10006fe4:	2a00      	cmp	r2, #0
10006fe6:	d000      	beq.n	10006fea <__gethex+0x18a>
10006fe8:	425b      	negs	r3, r3
10006fea:	9a03      	ldr	r2, [sp, #12]
10006fec:	4694      	mov	ip, r2
10006fee:	449c      	add	ip, r3
10006ff0:	4663      	mov	r3, ip
10006ff2:	9303      	str	r3, [sp, #12]
10006ff4:	464b      	mov	r3, r9
10006ff6:	601e      	str	r6, [r3, #0]
10006ff8:	4653      	mov	r3, sl
10006ffa:	2b00      	cmp	r3, #0
10006ffc:	d087      	beq.n	10006f0e <__gethex+0xae>
10006ffe:	1e7b      	subs	r3, r7, #1
10007000:	419f      	sbcs	r7, r3
10007002:	2305      	movs	r3, #5
10007004:	427f      	negs	r7, r7
10007006:	439f      	bics	r7, r3
10007008:	3706      	adds	r7, #6
1000700a:	0038      	movs	r0, r7
1000700c:	b00b      	add	sp, #44	; 0x2c
1000700e:	bcf0      	pop	{r4, r5, r6, r7}
10007010:	46bb      	mov	fp, r7
10007012:	46b2      	mov	sl, r6
10007014:	46a9      	mov	r9, r5
10007016:	46a0      	mov	r8, r4
10007018:	bdf0      	pop	{r4, r5, r6, r7, pc}
1000701a:	46a9      	mov	r9, r5
1000701c:	464a      	mov	r2, r9
1000701e:	9b02      	ldr	r3, [sp, #8]
10007020:	4648      	mov	r0, r9
10007022:	c304      	stmia	r3!, {r2}
10007024:	9a08      	ldr	r2, [sp, #32]
10007026:	1a9b      	subs	r3, r3, r2
10007028:	4652      	mov	r2, sl
1000702a:	109b      	asrs	r3, r3, #2
1000702c:	6113      	str	r3, [r2, #16]
1000702e:	015e      	lsls	r6, r3, #5
10007030:	f000 fbfa 	bl	10007828 <__hi0bits>
10007034:	465b      	mov	r3, fp
10007036:	681c      	ldr	r4, [r3, #0]
10007038:	1a36      	subs	r6, r6, r0
1000703a:	42a6      	cmp	r6, r4
1000703c:	dc6b      	bgt.n	10007116 <__gethex+0x2b6>
1000703e:	2500      	movs	r5, #0
10007040:	42a6      	cmp	r6, r4
10007042:	da00      	bge.n	10007046 <__gethex+0x1e6>
10007044:	e122      	b.n	1000728c <__gethex+0x42c>
10007046:	465b      	mov	r3, fp
10007048:	9a03      	ldr	r2, [sp, #12]
1000704a:	689b      	ldr	r3, [r3, #8]
1000704c:	4293      	cmp	r3, r2
1000704e:	da00      	bge.n	10007052 <__gethex+0x1f2>
10007050:	e140      	b.n	100072d4 <__gethex+0x474>
10007052:	465b      	mov	r3, fp
10007054:	9a03      	ldr	r2, [sp, #12]
10007056:	685b      	ldr	r3, [r3, #4]
10007058:	4293      	cmp	r3, r2
1000705a:	dd43      	ble.n	100070e4 <__gethex+0x284>
1000705c:	1a9e      	subs	r6, r3, r2
1000705e:	42b4      	cmp	r4, r6
10007060:	dd00      	ble.n	10007064 <__gethex+0x204>
10007062:	e07d      	b.n	10007160 <__gethex+0x300>
10007064:	465a      	mov	r2, fp
10007066:	68d2      	ldr	r2, [r2, #12]
10007068:	2a02      	cmp	r2, #2
1000706a:	d100      	bne.n	1000706e <__gethex+0x20e>
1000706c:	e175      	b.n	1000735a <__gethex+0x4fa>
1000706e:	2a03      	cmp	r2, #3
10007070:	d100      	bne.n	10007074 <__gethex+0x214>
10007072:	e16d      	b.n	10007350 <__gethex+0x4f0>
10007074:	2a01      	cmp	r2, #1
10007076:	d100      	bne.n	1000707a <__gethex+0x21a>
10007078:	e150      	b.n	1000731c <__gethex+0x4bc>
1000707a:	4651      	mov	r1, sl
1000707c:	9807      	ldr	r0, [sp, #28]
1000707e:	f000 fb1d 	bl	100076bc <_Bfree>
10007082:	2300      	movs	r3, #0
10007084:	9a14      	ldr	r2, [sp, #80]	; 0x50
10007086:	2750      	movs	r7, #80	; 0x50
10007088:	6013      	str	r3, [r2, #0]
1000708a:	e7be      	b.n	1000700a <__gethex+0x1aa>
1000708c:	0099      	lsls	r1, r3, #2
1000708e:	18c9      	adds	r1, r1, r3
10007090:	0049      	lsls	r1, r1, #1
10007092:	1809      	adds	r1, r1, r0
10007094:	4640      	mov	r0, r8
10007096:	000b      	movs	r3, r1
10007098:	7871      	ldrb	r1, [r6, #1]
1000709a:	3601      	adds	r6, #1
1000709c:	5c40      	ldrb	r0, [r0, r1]
1000709e:	3b10      	subs	r3, #16
100070a0:	2800      	cmp	r0, #0
100070a2:	d09f      	beq.n	10006fe4 <__gethex+0x184>
100070a4:	2819      	cmp	r0, #25
100070a6:	ddf1      	ble.n	1000708c <__gethex+0x22c>
100070a8:	e79c      	b.n	10006fe4 <__gethex+0x184>
100070aa:	9c04      	ldr	r4, [sp, #16]
100070ac:	0028      	movs	r0, r5
100070ae:	0022      	movs	r2, r4
100070b0:	9905      	ldr	r1, [sp, #20]
100070b2:	f001 f863 	bl	1000817c <strncmp>
100070b6:	2800      	cmp	r0, #0
100070b8:	d16f      	bne.n	1000719a <__gethex+0x33a>
100070ba:	0023      	movs	r3, r4
100070bc:	5cea      	ldrb	r2, [r5, r3]
100070be:	4643      	mov	r3, r8
100070c0:	5c9b      	ldrb	r3, [r3, r2]
100070c2:	192c      	adds	r4, r5, r4
100070c4:	2b00      	cmp	r3, #0
100070c6:	d06a      	beq.n	1000719e <__gethex+0x33e>
100070c8:	0025      	movs	r5, r4
100070ca:	2a30      	cmp	r2, #48	; 0x30
100070cc:	d105      	bne.n	100070da <__gethex+0x27a>
100070ce:	786b      	ldrb	r3, [r5, #1]
100070d0:	3501      	adds	r5, #1
100070d2:	2b30      	cmp	r3, #48	; 0x30
100070d4:	d0fb      	beq.n	100070ce <__gethex+0x26e>
100070d6:	4642      	mov	r2, r8
100070d8:	5cd3      	ldrb	r3, [r2, r3]
100070da:	4259      	negs	r1, r3
100070dc:	4159      	adcs	r1, r3
100070de:	2701      	movs	r7, #1
100070e0:	468a      	mov	sl, r1
100070e2:	e6f4      	b.n	10006ece <__gethex+0x6e>
100070e4:	2701      	movs	r7, #1
100070e6:	2d00      	cmp	r5, #0
100070e8:	d00a      	beq.n	10007100 <__gethex+0x2a0>
100070ea:	465b      	mov	r3, fp
100070ec:	68db      	ldr	r3, [r3, #12]
100070ee:	2b02      	cmp	r3, #2
100070f0:	d05d      	beq.n	100071ae <__gethex+0x34e>
100070f2:	2b03      	cmp	r3, #3
100070f4:	d05f      	beq.n	100071b6 <__gethex+0x356>
100070f6:	2b01      	cmp	r3, #1
100070f8:	d100      	bne.n	100070fc <__gethex+0x29c>
100070fa:	e0bb      	b.n	10007274 <__gethex+0x414>
100070fc:	2310      	movs	r3, #16
100070fe:	431f      	orrs	r7, r3
10007100:	4652      	mov	r2, sl
10007102:	9b14      	ldr	r3, [sp, #80]	; 0x50
10007104:	601a      	str	r2, [r3, #0]
10007106:	9b09      	ldr	r3, [sp, #36]	; 0x24
10007108:	9a03      	ldr	r2, [sp, #12]
1000710a:	601a      	str	r2, [r3, #0]
1000710c:	e77d      	b.n	1000700a <__gethex+0x1aa>
1000710e:	2201      	movs	r2, #1
10007110:	78a3      	ldrb	r3, [r4, #2]
10007112:	1ca1      	adds	r1, r4, #2
10007114:	e759      	b.n	10006fca <__gethex+0x16a>
10007116:	1b36      	subs	r6, r6, r4
10007118:	0031      	movs	r1, r6
1000711a:	4650      	mov	r0, sl
1000711c:	f000 fffc 	bl	10008118 <__any_on>
10007120:	1e05      	subs	r5, r0, #0
10007122:	d00f      	beq.n	10007144 <__gethex+0x2e4>
10007124:	211f      	movs	r1, #31
10007126:	2301      	movs	r3, #1
10007128:	1e70      	subs	r0, r6, #1
1000712a:	4001      	ands	r1, r0
1000712c:	408b      	lsls	r3, r1
1000712e:	1142      	asrs	r2, r0, #5
10007130:	9908      	ldr	r1, [sp, #32]
10007132:	0092      	lsls	r2, r2, #2
10007134:	588a      	ldr	r2, [r1, r2]
10007136:	2501      	movs	r5, #1
10007138:	421a      	tst	r2, r3
1000713a:	d003      	beq.n	10007144 <__gethex+0x2e4>
1000713c:	2801      	cmp	r0, #1
1000713e:	dd00      	ble.n	10007142 <__gethex+0x2e2>
10007140:	e0de      	b.n	10007300 <__gethex+0x4a0>
10007142:	2502      	movs	r5, #2
10007144:	0031      	movs	r1, r6
10007146:	4650      	mov	r0, sl
10007148:	f7ff fe38 	bl	10006dbc <rshift>
1000714c:	9b03      	ldr	r3, [sp, #12]
1000714e:	469c      	mov	ip, r3
10007150:	44b4      	add	ip, r6
10007152:	4663      	mov	r3, ip
10007154:	9303      	str	r3, [sp, #12]
10007156:	e776      	b.n	10007046 <__gethex+0x1e6>
10007158:	10008ad4 	.word	0x10008ad4
1000715c:	100089d0 	.word	0x100089d0
10007160:	1e77      	subs	r7, r6, #1
10007162:	2d00      	cmp	r5, #0
10007164:	d000      	beq.n	10007168 <__gethex+0x308>
10007166:	e0c3      	b.n	100072f0 <__gethex+0x490>
10007168:	2f00      	cmp	r7, #0
1000716a:	d000      	beq.n	1000716e <__gethex+0x30e>
1000716c:	e0c2      	b.n	100072f4 <__gethex+0x494>
1000716e:	231f      	movs	r3, #31
10007170:	117a      	asrs	r2, r7, #5
10007172:	401f      	ands	r7, r3
10007174:	3b1e      	subs	r3, #30
10007176:	40bb      	lsls	r3, r7
10007178:	9908      	ldr	r1, [sp, #32]
1000717a:	0092      	lsls	r2, r2, #2
1000717c:	588a      	ldr	r2, [r1, r2]
1000717e:	421a      	tst	r2, r3
10007180:	d001      	beq.n	10007186 <__gethex+0x326>
10007182:	2302      	movs	r3, #2
10007184:	431d      	orrs	r5, r3
10007186:	0031      	movs	r1, r6
10007188:	4650      	mov	r0, sl
1000718a:	f7ff fe17 	bl	10006dbc <rshift>
1000718e:	465b      	mov	r3, fp
10007190:	685b      	ldr	r3, [r3, #4]
10007192:	2702      	movs	r7, #2
10007194:	1ba4      	subs	r4, r4, r6
10007196:	9303      	str	r3, [sp, #12]
10007198:	e7a5      	b.n	100070e6 <__gethex+0x286>
1000719a:	002c      	movs	r4, r5
1000719c:	782a      	ldrb	r2, [r5, #0]
1000719e:	2320      	movs	r3, #32
100071a0:	439a      	bics	r2, r3
100071a2:	2a50      	cmp	r2, #80	; 0x50
100071a4:	d100      	bne.n	100071a8 <__gethex+0x348>
100071a6:	e0b4      	b.n	10007312 <__gethex+0x4b2>
100071a8:	464b      	mov	r3, r9
100071aa:	601c      	str	r4, [r3, #0]
100071ac:	e727      	b.n	10006ffe <__gethex+0x19e>
100071ae:	2301      	movs	r3, #1
100071b0:	9a15      	ldr	r2, [sp, #84]	; 0x54
100071b2:	1a9b      	subs	r3, r3, r2
100071b4:	9315      	str	r3, [sp, #84]	; 0x54
100071b6:	9b15      	ldr	r3, [sp, #84]	; 0x54
100071b8:	2b00      	cmp	r3, #0
100071ba:	d09f      	beq.n	100070fc <__gethex+0x29c>
100071bc:	4653      	mov	r3, sl
100071be:	691e      	ldr	r6, [r3, #16]
100071c0:	9d08      	ldr	r5, [sp, #32]
100071c2:	00b3      	lsls	r3, r6, #2
100071c4:	4699      	mov	r9, r3
100071c6:	18e8      	adds	r0, r5, r3
100071c8:	2100      	movs	r1, #0
100071ca:	002b      	movs	r3, r5
100071cc:	46b4      	mov	ip, r6
100071ce:	e003      	b.n	100071d8 <__gethex+0x378>
100071d0:	c302      	stmia	r3!, {r1}
100071d2:	4298      	cmp	r0, r3
100071d4:	d800      	bhi.n	100071d8 <__gethex+0x378>
100071d6:	e0c5      	b.n	10007364 <__gethex+0x504>
100071d8:	681a      	ldr	r2, [r3, #0]
100071da:	1c56      	adds	r6, r2, #1
100071dc:	d0f8      	beq.n	100071d0 <__gethex+0x370>
100071de:	3201      	adds	r2, #1
100071e0:	601a      	str	r2, [r3, #0]
100071e2:	2f02      	cmp	r7, #2
100071e4:	d100      	bne.n	100071e8 <__gethex+0x388>
100071e6:	e0d1      	b.n	1000738c <__gethex+0x52c>
100071e8:	231f      	movs	r3, #31
100071ea:	001e      	movs	r6, r3
100071ec:	2721      	movs	r7, #33	; 0x21
100071ee:	4026      	ands	r6, r4
100071f0:	4223      	tst	r3, r4
100071f2:	d085      	beq.n	10007100 <__gethex+0x2a0>
100071f4:	464b      	mov	r3, r9
100071f6:	18eb      	adds	r3, r5, r3
100071f8:	3b04      	subs	r3, #4
100071fa:	6818      	ldr	r0, [r3, #0]
100071fc:	f000 fb14 	bl	10007828 <__hi0bits>
10007200:	2320      	movs	r3, #32
10007202:	1b9e      	subs	r6, r3, r6
10007204:	42b0      	cmp	r0, r6
10007206:	db00      	blt.n	1000720a <__gethex+0x3aa>
10007208:	e77a      	b.n	10007100 <__gethex+0x2a0>
1000720a:	4653      	mov	r3, sl
1000720c:	691a      	ldr	r2, [r3, #16]
1000720e:	2a00      	cmp	r2, #0
10007210:	dc00      	bgt.n	10007214 <__gethex+0x3b4>
10007212:	e0ea      	b.n	100073ea <__gethex+0x58a>
10007214:	4653      	mov	r3, sl
10007216:	4650      	mov	r0, sl
10007218:	695b      	ldr	r3, [r3, #20]
1000721a:	0092      	lsls	r2, r2, #2
1000721c:	18aa      	adds	r2, r5, r2
1000721e:	3018      	adds	r0, #24
10007220:	085b      	lsrs	r3, r3, #1
10007222:	4282      	cmp	r2, r0
10007224:	d800      	bhi.n	10007228 <__gethex+0x3c8>
10007226:	e0e7      	b.n	100073f8 <__gethex+0x598>
10007228:	002c      	movs	r4, r5
1000722a:	0019      	movs	r1, r3
1000722c:	6803      	ldr	r3, [r0, #0]
1000722e:	07db      	lsls	r3, r3, #31
10007230:	430b      	orrs	r3, r1
10007232:	c408      	stmia	r4!, {r3}
10007234:	c802      	ldmia	r0!, {r1}
10007236:	0849      	lsrs	r1, r1, #1
10007238:	4282      	cmp	r2, r0
1000723a:	d8f7      	bhi.n	1000722c <__gethex+0x3cc>
1000723c:	000b      	movs	r3, r1
1000723e:	4651      	mov	r1, sl
10007240:	1a52      	subs	r2, r2, r1
10007242:	3a19      	subs	r2, #25
10007244:	0892      	lsrs	r2, r2, #2
10007246:	3201      	adds	r2, #1
10007248:	0092      	lsls	r2, r2, #2
1000724a:	18aa      	adds	r2, r5, r2
1000724c:	6013      	str	r3, [r2, #0]
1000724e:	2b00      	cmp	r3, #0
10007250:	d000      	beq.n	10007254 <__gethex+0x3f4>
10007252:	e0d5      	b.n	10007400 <__gethex+0x5a0>
10007254:	4651      	mov	r1, sl
10007256:	1b53      	subs	r3, r2, r5
10007258:	109b      	asrs	r3, r3, #2
1000725a:	610b      	str	r3, [r1, #16]
1000725c:	42aa      	cmp	r2, r5
1000725e:	d100      	bne.n	10007262 <__gethex+0x402>
10007260:	e0c6      	b.n	100073f0 <__gethex+0x590>
10007262:	465b      	mov	r3, fp
10007264:	9a03      	ldr	r2, [sp, #12]
10007266:	689b      	ldr	r3, [r3, #8]
10007268:	3201      	adds	r2, #1
1000726a:	9203      	str	r2, [sp, #12]
1000726c:	4293      	cmp	r3, r2
1000726e:	db31      	blt.n	100072d4 <__gethex+0x474>
10007270:	2721      	movs	r7, #33	; 0x21
10007272:	e745      	b.n	10007100 <__gethex+0x2a0>
10007274:	07aa      	lsls	r2, r5, #30
10007276:	d400      	bmi.n	1000727a <__gethex+0x41a>
10007278:	e740      	b.n	100070fc <__gethex+0x29c>
1000727a:	9a08      	ldr	r2, [sp, #32]
1000727c:	6812      	ldr	r2, [r2, #0]
1000727e:	4315      	orrs	r5, r2
10007280:	9201      	str	r2, [sp, #4]
10007282:	422b      	tst	r3, r5
10007284:	d19a      	bne.n	100071bc <__gethex+0x35c>
10007286:	e739      	b.n	100070fc <__gethex+0x29c>
10007288:	2200      	movs	r2, #0
1000728a:	e741      	b.n	10007110 <__gethex+0x2b0>
1000728c:	1ba6      	subs	r6, r4, r6
1000728e:	4651      	mov	r1, sl
10007290:	0032      	movs	r2, r6
10007292:	9807      	ldr	r0, [sp, #28]
10007294:	f000 fc80 	bl	10007b98 <__lshift>
10007298:	9b03      	ldr	r3, [sp, #12]
1000729a:	4682      	mov	sl, r0
1000729c:	1b9b      	subs	r3, r3, r6
1000729e:	9303      	str	r3, [sp, #12]
100072a0:	2314      	movs	r3, #20
100072a2:	4453      	add	r3, sl
100072a4:	9308      	str	r3, [sp, #32]
100072a6:	e6ce      	b.n	10007046 <__gethex+0x1e6>
100072a8:	4642      	mov	r2, r8
100072aa:	9b04      	ldr	r3, [sp, #16]
100072ac:	18f1      	adds	r1, r6, r3
100072ae:	5cf3      	ldrb	r3, [r6, r3]
100072b0:	000e      	movs	r6, r1
100072b2:	5cd2      	ldrb	r2, [r2, r3]
100072b4:	2a00      	cmp	r2, #0
100072b6:	d100      	bne.n	100072ba <__gethex+0x45a>
100072b8:	e61f      	b.n	10006efa <__gethex+0x9a>
100072ba:	4642      	mov	r2, r8
100072bc:	7873      	ldrb	r3, [r6, #1]
100072be:	3601      	adds	r6, #1
100072c0:	5cd2      	ldrb	r2, [r2, r3]
100072c2:	2a00      	cmp	r2, #0
100072c4:	d1f9      	bne.n	100072ba <__gethex+0x45a>
100072c6:	1b89      	subs	r1, r1, r6
100072c8:	008a      	lsls	r2, r1, #2
100072ca:	9203      	str	r2, [sp, #12]
100072cc:	e615      	b.n	10006efa <__gethex+0x9a>
100072ce:	2700      	movs	r7, #0
100072d0:	3502      	adds	r5, #2
100072d2:	e5f0      	b.n	10006eb6 <__gethex+0x56>
100072d4:	4651      	mov	r1, sl
100072d6:	9807      	ldr	r0, [sp, #28]
100072d8:	f000 f9f0 	bl	100076bc <_Bfree>
100072dc:	2300      	movs	r3, #0
100072de:	9a14      	ldr	r2, [sp, #80]	; 0x50
100072e0:	27a3      	movs	r7, #163	; 0xa3
100072e2:	6013      	str	r3, [r2, #0]
100072e4:	e691      	b.n	1000700a <__gethex+0x1aa>
100072e6:	9b08      	ldr	r3, [sp, #32]
100072e8:	9302      	str	r3, [sp, #8]
100072ea:	2300      	movs	r3, #0
100072ec:	4699      	mov	r9, r3
100072ee:	e695      	b.n	1000701c <__gethex+0x1bc>
100072f0:	2501      	movs	r5, #1
100072f2:	e73c      	b.n	1000716e <__gethex+0x30e>
100072f4:	0039      	movs	r1, r7
100072f6:	4650      	mov	r0, sl
100072f8:	f000 ff0e 	bl	10008118 <__any_on>
100072fc:	0005      	movs	r5, r0
100072fe:	e736      	b.n	1000716e <__gethex+0x30e>
10007300:	4650      	mov	r0, sl
10007302:	1eb1      	subs	r1, r6, #2
10007304:	f000 ff08 	bl	10008118 <__any_on>
10007308:	3502      	adds	r5, #2
1000730a:	2800      	cmp	r0, #0
1000730c:	d000      	beq.n	10007310 <__gethex+0x4b0>
1000730e:	e719      	b.n	10007144 <__gethex+0x2e4>
10007310:	e717      	b.n	10007142 <__gethex+0x2e2>
10007312:	2300      	movs	r3, #0
10007314:	9303      	str	r3, [sp, #12]
10007316:	3301      	adds	r3, #1
10007318:	469a      	mov	sl, r3
1000731a:	e64d      	b.n	10006fb8 <__gethex+0x158>
1000731c:	42b4      	cmp	r4, r6
1000731e:	d000      	beq.n	10007322 <__gethex+0x4c2>
10007320:	e6ab      	b.n	1000707a <__gethex+0x21a>
10007322:	2c01      	cmp	r4, #1
10007324:	d008      	beq.n	10007338 <__gethex+0x4d8>
10007326:	4650      	mov	r0, sl
10007328:	1e61      	subs	r1, r4, #1
1000732a:	f000 fef5 	bl	10008118 <__any_on>
1000732e:	2800      	cmp	r0, #0
10007330:	d100      	bne.n	10007334 <__gethex+0x4d4>
10007332:	e6a2      	b.n	1000707a <__gethex+0x21a>
10007334:	465b      	mov	r3, fp
10007336:	685b      	ldr	r3, [r3, #4]
10007338:	9a09      	ldr	r2, [sp, #36]	; 0x24
1000733a:	2762      	movs	r7, #98	; 0x62
1000733c:	6013      	str	r3, [r2, #0]
1000733e:	2301      	movs	r3, #1
10007340:	4652      	mov	r2, sl
10007342:	6113      	str	r3, [r2, #16]
10007344:	9a08      	ldr	r2, [sp, #32]
10007346:	6013      	str	r3, [r2, #0]
10007348:	4652      	mov	r2, sl
1000734a:	9b14      	ldr	r3, [sp, #80]	; 0x50
1000734c:	601a      	str	r2, [r3, #0]
1000734e:	e65c      	b.n	1000700a <__gethex+0x1aa>
10007350:	9a15      	ldr	r2, [sp, #84]	; 0x54
10007352:	2a00      	cmp	r2, #0
10007354:	d100      	bne.n	10007358 <__gethex+0x4f8>
10007356:	e690      	b.n	1000707a <__gethex+0x21a>
10007358:	e7ee      	b.n	10007338 <__gethex+0x4d8>
1000735a:	9a15      	ldr	r2, [sp, #84]	; 0x54
1000735c:	2a00      	cmp	r2, #0
1000735e:	d000      	beq.n	10007362 <__gethex+0x502>
10007360:	e68b      	b.n	1000707a <__gethex+0x21a>
10007362:	e7e9      	b.n	10007338 <__gethex+0x4d8>
10007364:	4652      	mov	r2, sl
10007366:	4666      	mov	r6, ip
10007368:	6892      	ldr	r2, [r2, #8]
1000736a:	4663      	mov	r3, ip
1000736c:	4296      	cmp	r6, r2
1000736e:	da20      	bge.n	100073b2 <__gethex+0x552>
10007370:	4651      	mov	r1, sl
10007372:	1c5a      	adds	r2, r3, #1
10007374:	610a      	str	r2, [r1, #16]
10007376:	2101      	movs	r1, #1
10007378:	3304      	adds	r3, #4
1000737a:	009b      	lsls	r3, r3, #2
1000737c:	4453      	add	r3, sl
1000737e:	6059      	str	r1, [r3, #4]
10007380:	2f02      	cmp	r7, #2
10007382:	d003      	beq.n	1000738c <__gethex+0x52c>
10007384:	4296      	cmp	r6, r2
10007386:	da00      	bge.n	1000738a <__gethex+0x52a>
10007388:	e741      	b.n	1000720e <__gethex+0x3ae>
1000738a:	e72d      	b.n	100071e8 <__gethex+0x388>
1000738c:	465b      	mov	r3, fp
1000738e:	681b      	ldr	r3, [r3, #0]
10007390:	2722      	movs	r7, #34	; 0x22
10007392:	3b01      	subs	r3, #1
10007394:	42a3      	cmp	r3, r4
10007396:	d000      	beq.n	1000739a <__gethex+0x53a>
10007398:	e6b2      	b.n	10007100 <__gethex+0x2a0>
1000739a:	231f      	movs	r3, #31
1000739c:	1162      	asrs	r2, r4, #5
1000739e:	401c      	ands	r4, r3
100073a0:	3b1e      	subs	r3, #30
100073a2:	40a3      	lsls	r3, r4
100073a4:	0092      	lsls	r2, r2, #2
100073a6:	5957      	ldr	r7, [r2, r5]
100073a8:	401f      	ands	r7, r3
100073aa:	427b      	negs	r3, r7
100073ac:	415f      	adcs	r7, r3
100073ae:	3721      	adds	r7, #33	; 0x21
100073b0:	e6a6      	b.n	10007100 <__gethex+0x2a0>
100073b2:	4653      	mov	r3, sl
100073b4:	685b      	ldr	r3, [r3, #4]
100073b6:	9807      	ldr	r0, [sp, #28]
100073b8:	1c59      	adds	r1, r3, #1
100073ba:	f000 f957 	bl	1000766c <_Balloc>
100073be:	4680      	mov	r8, r0
100073c0:	2800      	cmp	r0, #0
100073c2:	d01f      	beq.n	10007404 <__gethex+0x5a4>
100073c4:	4653      	mov	r3, sl
100073c6:	4651      	mov	r1, sl
100073c8:	691b      	ldr	r3, [r3, #16]
100073ca:	310c      	adds	r1, #12
100073cc:	1c9a      	adds	r2, r3, #2
100073ce:	0092      	lsls	r2, r2, #2
100073d0:	300c      	adds	r0, #12
100073d2:	f7fc fadd 	bl	10003990 <__wrap___aeabi_memcpy>
100073d6:	4651      	mov	r1, sl
100073d8:	9807      	ldr	r0, [sp, #28]
100073da:	f000 f96f 	bl	100076bc <_Bfree>
100073de:	4645      	mov	r5, r8
100073e0:	4643      	mov	r3, r8
100073e2:	46c2      	mov	sl, r8
100073e4:	691b      	ldr	r3, [r3, #16]
100073e6:	3514      	adds	r5, #20
100073e8:	e7c2      	b.n	10007370 <__gethex+0x510>
100073ea:	2300      	movs	r3, #0
100073ec:	4652      	mov	r2, sl
100073ee:	6113      	str	r3, [r2, #16]
100073f0:	2300      	movs	r3, #0
100073f2:	4652      	mov	r2, sl
100073f4:	6153      	str	r3, [r2, #20]
100073f6:	e734      	b.n	10007262 <__gethex+0x402>
100073f8:	002a      	movs	r2, r5
100073fa:	602b      	str	r3, [r5, #0]
100073fc:	2b00      	cmp	r3, #0
100073fe:	d00d      	beq.n	1000741c <__gethex+0x5bc>
10007400:	3204      	adds	r2, #4
10007402:	e727      	b.n	10007254 <__gethex+0x3f4>
10007404:	2200      	movs	r2, #0
10007406:	2184      	movs	r1, #132	; 0x84
10007408:	4b06      	ldr	r3, [pc, #24]	; (10007424 <__gethex+0x5c4>)
1000740a:	4807      	ldr	r0, [pc, #28]	; (10007428 <__gethex+0x5c8>)
1000740c:	f7fd fdea 	bl	10004fe4 <__assert_func>
10007410:	2200      	movs	r2, #0
10007412:	21de      	movs	r1, #222	; 0xde
10007414:	4b03      	ldr	r3, [pc, #12]	; (10007424 <__gethex+0x5c4>)
10007416:	4804      	ldr	r0, [pc, #16]	; (10007428 <__gethex+0x5c8>)
10007418:	f7fd fde4 	bl	10004fe4 <__assert_func>
1000741c:	4652      	mov	r2, sl
1000741e:	6113      	str	r3, [r2, #16]
10007420:	e7e6      	b.n	100073f0 <__gethex+0x590>
10007422:	46c0      	nop			; (mov r8, r8)
10007424:	10008980 	.word	0x10008980
10007428:	10008994 	.word	0x10008994

1000742c <__match>:
1000742c:	b530      	push	{r4, r5, lr}
1000742e:	6802      	ldr	r2, [r0, #0]
10007430:	e008      	b.n	10007444 <__match+0x18>
10007432:	7813      	ldrb	r3, [r2, #0]
10007434:	001d      	movs	r5, r3
10007436:	3d41      	subs	r5, #65	; 0x41
10007438:	2d19      	cmp	r5, #25
1000743a:	d800      	bhi.n	1000743e <__match+0x12>
1000743c:	3320      	adds	r3, #32
1000743e:	3101      	adds	r1, #1
10007440:	42a3      	cmp	r3, r4
10007442:	d106      	bne.n	10007452 <__match+0x26>
10007444:	780c      	ldrb	r4, [r1, #0]
10007446:	3201      	adds	r2, #1
10007448:	2c00      	cmp	r4, #0
1000744a:	d1f2      	bne.n	10007432 <__match+0x6>
1000744c:	6002      	str	r2, [r0, #0]
1000744e:	2001      	movs	r0, #1
10007450:	bd30      	pop	{r4, r5, pc}
10007452:	2000      	movs	r0, #0
10007454:	e7fc      	b.n	10007450 <__match+0x24>
10007456:	46c0      	nop			; (mov r8, r8)

10007458 <__hexnan>:
10007458:	b5f0      	push	{r4, r5, r6, r7, lr}
1000745a:	4645      	mov	r5, r8
1000745c:	46de      	mov	lr, fp
1000745e:	4657      	mov	r7, sl
10007460:	464e      	mov	r6, r9
10007462:	4690      	mov	r8, r2
10007464:	680a      	ldr	r2, [r1, #0]
10007466:	211f      	movs	r1, #31
10007468:	b5e0      	push	{r5, r6, r7, lr}
1000746a:	b085      	sub	sp, #20
1000746c:	9000      	str	r0, [sp, #0]
1000746e:	0008      	movs	r0, r1
10007470:	1153      	asrs	r3, r2, #5
10007472:	009b      	lsls	r3, r3, #2
10007474:	4010      	ands	r0, r2
10007476:	4443      	add	r3, r8
10007478:	9001      	str	r0, [sp, #4]
1000747a:	4211      	tst	r1, r2
1000747c:	d000      	beq.n	10007480 <__hexnan+0x28>
1000747e:	e092      	b.n	100075a6 <__hexnan+0x14e>
10007480:	001a      	movs	r2, r3
10007482:	1f1f      	subs	r7, r3, #4
10007484:	1f13      	subs	r3, r2, #4
10007486:	469a      	mov	sl, r3
10007488:	2300      	movs	r3, #0
1000748a:	4652      	mov	r2, sl
1000748c:	6013      	str	r3, [r2, #0]
1000748e:	9b00      	ldr	r3, [sp, #0]
10007490:	6818      	ldr	r0, [r3, #0]
10007492:	7841      	ldrb	r1, [r0, #1]
10007494:	2900      	cmp	r1, #0
10007496:	d100      	bne.n	1000749a <__hexnan+0x42>
10007498:	e09a      	b.n	100075d0 <__hexnan+0x178>
1000749a:	2300      	movs	r3, #0
1000749c:	46bc      	mov	ip, r7
1000749e:	469b      	mov	fp, r3
100074a0:	4b60      	ldr	r3, [pc, #384]	; (10007624 <__hexnan+0x1cc>)
100074a2:	003d      	movs	r5, r7
100074a4:	2400      	movs	r4, #0
100074a6:	465f      	mov	r7, fp
100074a8:	2200      	movs	r2, #0
100074aa:	4699      	mov	r9, r3
100074ac:	46e3      	mov	fp, ip
100074ae:	e016      	b.n	100074de <__hexnan+0x86>
100074b0:	2920      	cmp	r1, #32
100074b2:	d900      	bls.n	100074b6 <__hexnan+0x5e>
100074b4:	e089      	b.n	100075ca <__hexnan+0x172>
100074b6:	4297      	cmp	r7, r2
100074b8:	da0d      	bge.n	100074d6 <__hexnan+0x7e>
100074ba:	4565      	cmp	r5, ip
100074bc:	d201      	bcs.n	100074c2 <__hexnan+0x6a>
100074be:	2c07      	cmp	r4, #7
100074c0:	dd56      	ble.n	10007570 <__hexnan+0x118>
100074c2:	2408      	movs	r4, #8
100074c4:	45a8      	cmp	r8, r5
100074c6:	d206      	bcs.n	100074d6 <__hexnan+0x7e>
100074c8:	1f2b      	subs	r3, r5, #4
100074ca:	2100      	movs	r1, #0
100074cc:	469c      	mov	ip, r3
100074ce:	0017      	movs	r7, r2
100074d0:	001d      	movs	r5, r3
100074d2:	2400      	movs	r4, #0
100074d4:	6019      	str	r1, [r3, #0]
100074d6:	7881      	ldrb	r1, [r0, #2]
100074d8:	3001      	adds	r0, #1
100074da:	2900      	cmp	r1, #0
100074dc:	d011      	beq.n	10007502 <__hexnan+0xaa>
100074de:	464b      	mov	r3, r9
100074e0:	5c5b      	ldrb	r3, [r3, r1]
100074e2:	2b00      	cmp	r3, #0
100074e4:	d0e4      	beq.n	100074b0 <__hexnan+0x58>
100074e6:	3401      	adds	r4, #1
100074e8:	3201      	adds	r2, #1
100074ea:	2c08      	cmp	r4, #8
100074ec:	dc39      	bgt.n	10007562 <__hexnan+0x10a>
100074ee:	6829      	ldr	r1, [r5, #0]
100074f0:	0109      	lsls	r1, r1, #4
100074f2:	260f      	movs	r6, #15
100074f4:	4033      	ands	r3, r6
100074f6:	430b      	orrs	r3, r1
100074f8:	602b      	str	r3, [r5, #0]
100074fa:	7881      	ldrb	r1, [r0, #2]
100074fc:	3001      	adds	r0, #1
100074fe:	2900      	cmp	r1, #0
10007500:	d1ed      	bne.n	100074de <__hexnan+0x86>
10007502:	465f      	mov	r7, fp
10007504:	2a00      	cmp	r2, #0
10007506:	d063      	beq.n	100075d0 <__hexnan+0x178>
10007508:	45ac      	cmp	ip, r5
1000750a:	d901      	bls.n	10007510 <__hexnan+0xb8>
1000750c:	2c07      	cmp	r4, #7
1000750e:	dd6e      	ble.n	100075ee <__hexnan+0x196>
10007510:	45a8      	cmp	r8, r5
10007512:	d24b      	bcs.n	100075ac <__hexnan+0x154>
10007514:	4642      	mov	r2, r8
10007516:	002b      	movs	r3, r5
10007518:	cb02      	ldmia	r3!, {r1}
1000751a:	c202      	stmia	r2!, {r1}
1000751c:	429f      	cmp	r7, r3
1000751e:	d2fb      	bcs.n	10007518 <__hexnan+0xc0>
10007520:	1c79      	adds	r1, r7, #1
10007522:	1c6a      	adds	r2, r5, #1
10007524:	2304      	movs	r3, #4
10007526:	4291      	cmp	r1, r2
10007528:	d25c      	bcs.n	100075e4 <__hexnan+0x18c>
1000752a:	4443      	add	r3, r8
1000752c:	001d      	movs	r5, r3
1000752e:	2300      	movs	r3, #0
10007530:	c508      	stmia	r5!, {r3}
10007532:	42af      	cmp	r7, r5
10007534:	d2fc      	bcs.n	10007530 <__hexnan+0xd8>
10007536:	4653      	mov	r3, sl
10007538:	681b      	ldr	r3, [r3, #0]
1000753a:	2b00      	cmp	r3, #0
1000753c:	d109      	bne.n	10007552 <__hexnan+0xfa>
1000753e:	4643      	mov	r3, r8
10007540:	45b8      	cmp	r8, r7
10007542:	d102      	bne.n	1000754a <__hexnan+0xf2>
10007544:	e046      	b.n	100075d4 <__hexnan+0x17c>
10007546:	42bb      	cmp	r3, r7
10007548:	d044      	beq.n	100075d4 <__hexnan+0x17c>
1000754a:	3f04      	subs	r7, #4
1000754c:	683a      	ldr	r2, [r7, #0]
1000754e:	2a00      	cmp	r2, #0
10007550:	d0f9      	beq.n	10007546 <__hexnan+0xee>
10007552:	2005      	movs	r0, #5
10007554:	b005      	add	sp, #20
10007556:	bcf0      	pop	{r4, r5, r6, r7}
10007558:	46bb      	mov	fp, r7
1000755a:	46b2      	mov	sl, r6
1000755c:	46a9      	mov	r9, r5
1000755e:	46a0      	mov	r8, r4
10007560:	bdf0      	pop	{r4, r5, r6, r7, pc}
10007562:	45a8      	cmp	r8, r5
10007564:	d2b7      	bcs.n	100074d6 <__hexnan+0x7e>
10007566:	2100      	movs	r1, #0
10007568:	3d04      	subs	r5, #4
1000756a:	2401      	movs	r4, #1
1000756c:	6029      	str	r1, [r5, #0]
1000756e:	e7c0      	b.n	100074f2 <__hexnan+0x9a>
10007570:	2308      	movs	r3, #8
10007572:	1b1c      	subs	r4, r3, r4
10007574:	00a4      	lsls	r4, r4, #2
10007576:	3318      	adds	r3, #24
10007578:	1b19      	subs	r1, r3, r4
1000757a:	9002      	str	r0, [sp, #8]
1000757c:	002e      	movs	r6, r5
1000757e:	0008      	movs	r0, r1
10007580:	9403      	str	r4, [sp, #12]
10007582:	682b      	ldr	r3, [r5, #0]
10007584:	4664      	mov	r4, ip
10007586:	4694      	mov	ip, r2
10007588:	9a03      	ldr	r2, [sp, #12]
1000758a:	6871      	ldr	r1, [r6, #4]
1000758c:	4081      	lsls	r1, r0
1000758e:	430b      	orrs	r3, r1
10007590:	6033      	str	r3, [r6, #0]
10007592:	6873      	ldr	r3, [r6, #4]
10007594:	3604      	adds	r6, #4
10007596:	40d3      	lsrs	r3, r2
10007598:	6033      	str	r3, [r6, #0]
1000759a:	42a6      	cmp	r6, r4
1000759c:	d3f5      	bcc.n	1000758a <__hexnan+0x132>
1000759e:	4662      	mov	r2, ip
100075a0:	9802      	ldr	r0, [sp, #8]
100075a2:	46a4      	mov	ip, r4
100075a4:	e78d      	b.n	100074c2 <__hexnan+0x6a>
100075a6:	001f      	movs	r7, r3
100075a8:	1d1a      	adds	r2, r3, #4
100075aa:	e76b      	b.n	10007484 <__hexnan+0x2c>
100075ac:	9b01      	ldr	r3, [sp, #4]
100075ae:	2b00      	cmp	r3, #0
100075b0:	d0c1      	beq.n	10007536 <__hexnan+0xde>
100075b2:	2220      	movs	r2, #32
100075b4:	9b01      	ldr	r3, [sp, #4]
100075b6:	1ad2      	subs	r2, r2, r3
100075b8:	2301      	movs	r3, #1
100075ba:	425b      	negs	r3, r3
100075bc:	40d3      	lsrs	r3, r2
100075be:	4652      	mov	r2, sl
100075c0:	6812      	ldr	r2, [r2, #0]
100075c2:	4013      	ands	r3, r2
100075c4:	4652      	mov	r2, sl
100075c6:	6013      	str	r3, [r2, #0]
100075c8:	e7b7      	b.n	1000753a <__hexnan+0xe2>
100075ca:	465f      	mov	r7, fp
100075cc:	2929      	cmp	r1, #41	; 0x29
100075ce:	d005      	beq.n	100075dc <__hexnan+0x184>
100075d0:	2004      	movs	r0, #4
100075d2:	e7bf      	b.n	10007554 <__hexnan+0xfc>
100075d4:	2301      	movs	r3, #1
100075d6:	2005      	movs	r0, #5
100075d8:	603b      	str	r3, [r7, #0]
100075da:	e7bb      	b.n	10007554 <__hexnan+0xfc>
100075dc:	9b00      	ldr	r3, [sp, #0]
100075de:	3002      	adds	r0, #2
100075e0:	6018      	str	r0, [r3, #0]
100075e2:	e78f      	b.n	10007504 <__hexnan+0xac>
100075e4:	1b7d      	subs	r5, r7, r5
100075e6:	08ad      	lsrs	r5, r5, #2
100075e8:	3501      	adds	r5, #1
100075ea:	00ab      	lsls	r3, r5, #2
100075ec:	e79d      	b.n	1000752a <__hexnan+0xd2>
100075ee:	2308      	movs	r3, #8
100075f0:	2620      	movs	r6, #32
100075f2:	1b1c      	subs	r4, r3, r4
100075f4:	00a4      	lsls	r4, r4, #2
100075f6:	682b      	ldr	r3, [r5, #0]
100075f8:	1b36      	subs	r6, r6, r4
100075fa:	001a      	movs	r2, r3
100075fc:	0033      	movs	r3, r6
100075fe:	0028      	movs	r0, r5
10007600:	0026      	movs	r6, r4
10007602:	4664      	mov	r4, ip
10007604:	46ac      	mov	ip, r5
10007606:	001d      	movs	r5, r3
10007608:	6841      	ldr	r1, [r0, #4]
1000760a:	000b      	movs	r3, r1
1000760c:	40ab      	lsls	r3, r5
1000760e:	4313      	orrs	r3, r2
10007610:	000a      	movs	r2, r1
10007612:	40f2      	lsrs	r2, r6
10007614:	6003      	str	r3, [r0, #0]
10007616:	6042      	str	r2, [r0, #4]
10007618:	3004      	adds	r0, #4
1000761a:	4284      	cmp	r4, r0
1000761c:	d8f4      	bhi.n	10007608 <__hexnan+0x1b0>
1000761e:	4665      	mov	r5, ip
10007620:	e776      	b.n	10007510 <__hexnan+0xb8>
10007622:	46c0      	nop			; (mov r8, r8)
10007624:	100089d0 	.word	0x100089d0

10007628 <_mbtowc_r>:
10007628:	b530      	push	{r4, r5, lr}
1000762a:	b083      	sub	sp, #12
1000762c:	9c06      	ldr	r4, [sp, #24]
1000762e:	4d03      	ldr	r5, [pc, #12]	; (1000763c <_mbtowc_r+0x14>)
10007630:	9400      	str	r4, [sp, #0]
10007632:	24e4      	movs	r4, #228	; 0xe4
10007634:	592c      	ldr	r4, [r5, r4]
10007636:	47a0      	blx	r4
10007638:	b003      	add	sp, #12
1000763a:	bd30      	pop	{r4, r5, pc}
1000763c:	20000ac4 	.word	0x20000ac4

10007640 <__ascii_mbtowc>:
10007640:	b082      	sub	sp, #8
10007642:	2900      	cmp	r1, #0
10007644:	d00a      	beq.n	1000765c <__ascii_mbtowc+0x1c>
10007646:	2a00      	cmp	r2, #0
10007648:	d00b      	beq.n	10007662 <__ascii_mbtowc+0x22>
1000764a:	2b00      	cmp	r3, #0
1000764c:	d00b      	beq.n	10007666 <__ascii_mbtowc+0x26>
1000764e:	7813      	ldrb	r3, [r2, #0]
10007650:	600b      	str	r3, [r1, #0]
10007652:	7810      	ldrb	r0, [r2, #0]
10007654:	1e43      	subs	r3, r0, #1
10007656:	4198      	sbcs	r0, r3
10007658:	b002      	add	sp, #8
1000765a:	4770      	bx	lr
1000765c:	a901      	add	r1, sp, #4
1000765e:	2a00      	cmp	r2, #0
10007660:	d1f3      	bne.n	1000764a <__ascii_mbtowc+0xa>
10007662:	2000      	movs	r0, #0
10007664:	e7f8      	b.n	10007658 <__ascii_mbtowc+0x18>
10007666:	2002      	movs	r0, #2
10007668:	4240      	negs	r0, r0
1000766a:	e7f5      	b.n	10007658 <__ascii_mbtowc+0x18>

1000766c <_Balloc>:
1000766c:	6cc3      	ldr	r3, [r0, #76]	; 0x4c
1000766e:	b570      	push	{r4, r5, r6, lr}
10007670:	0004      	movs	r4, r0
10007672:	000d      	movs	r5, r1
10007674:	2b00      	cmp	r3, #0
10007676:	d00a      	beq.n	1000768e <_Balloc+0x22>
10007678:	00a8      	lsls	r0, r5, #2
1000767a:	181b      	adds	r3, r3, r0
1000767c:	6818      	ldr	r0, [r3, #0]
1000767e:	2800      	cmp	r0, #0
10007680:	d00e      	beq.n	100076a0 <_Balloc+0x34>
10007682:	6802      	ldr	r2, [r0, #0]
10007684:	601a      	str	r2, [r3, #0]
10007686:	2300      	movs	r3, #0
10007688:	6103      	str	r3, [r0, #16]
1000768a:	60c3      	str	r3, [r0, #12]
1000768c:	bd70      	pop	{r4, r5, r6, pc}
1000768e:	2221      	movs	r2, #33	; 0x21
10007690:	2104      	movs	r1, #4
10007692:	f7fd fe23 	bl	100052dc <_calloc_r>
10007696:	1e03      	subs	r3, r0, #0
10007698:	64e0      	str	r0, [r4, #76]	; 0x4c
1000769a:	d1ed      	bne.n	10007678 <_Balloc+0xc>
1000769c:	2000      	movs	r0, #0
1000769e:	e7f5      	b.n	1000768c <_Balloc+0x20>
100076a0:	2601      	movs	r6, #1
100076a2:	40ae      	lsls	r6, r5
100076a4:	1d72      	adds	r2, r6, #5
100076a6:	2101      	movs	r1, #1
100076a8:	0020      	movs	r0, r4
100076aa:	0092      	lsls	r2, r2, #2
100076ac:	f7fd fe16 	bl	100052dc <_calloc_r>
100076b0:	2800      	cmp	r0, #0
100076b2:	d0f3      	beq.n	1000769c <_Balloc+0x30>
100076b4:	6045      	str	r5, [r0, #4]
100076b6:	6086      	str	r6, [r0, #8]
100076b8:	e7e5      	b.n	10007686 <_Balloc+0x1a>
100076ba:	46c0      	nop			; (mov r8, r8)

100076bc <_Bfree>:
100076bc:	2900      	cmp	r1, #0
100076be:	d006      	beq.n	100076ce <_Bfree+0x12>
100076c0:	684b      	ldr	r3, [r1, #4]
100076c2:	009a      	lsls	r2, r3, #2
100076c4:	6cc3      	ldr	r3, [r0, #76]	; 0x4c
100076c6:	189b      	adds	r3, r3, r2
100076c8:	681a      	ldr	r2, [r3, #0]
100076ca:	600a      	str	r2, [r1, #0]
100076cc:	6019      	str	r1, [r3, #0]
100076ce:	4770      	bx	lr

100076d0 <__multadd>:
100076d0:	b5f0      	push	{r4, r5, r6, r7, lr}
100076d2:	46c6      	mov	lr, r8
100076d4:	001f      	movs	r7, r3
100076d6:	4680      	mov	r8, r0
100076d8:	2300      	movs	r3, #0
100076da:	b500      	push	{lr}
100076dc:	000e      	movs	r6, r1
100076de:	690d      	ldr	r5, [r1, #16]
100076e0:	3114      	adds	r1, #20
100076e2:	680c      	ldr	r4, [r1, #0]
100076e4:	3301      	adds	r3, #1
100076e6:	0420      	lsls	r0, r4, #16
100076e8:	0c00      	lsrs	r0, r0, #16
100076ea:	4350      	muls	r0, r2
100076ec:	0c24      	lsrs	r4, r4, #16
100076ee:	4354      	muls	r4, r2
100076f0:	19c0      	adds	r0, r0, r7
100076f2:	0c07      	lsrs	r7, r0, #16
100076f4:	19e4      	adds	r4, r4, r7
100076f6:	0400      	lsls	r0, r0, #16
100076f8:	0c27      	lsrs	r7, r4, #16
100076fa:	0c00      	lsrs	r0, r0, #16
100076fc:	0424      	lsls	r4, r4, #16
100076fe:	1824      	adds	r4, r4, r0
10007700:	c110      	stmia	r1!, {r4}
10007702:	429d      	cmp	r5, r3
10007704:	dced      	bgt.n	100076e2 <__multadd+0x12>
10007706:	2f00      	cmp	r7, #0
10007708:	d008      	beq.n	1000771c <__multadd+0x4c>
1000770a:	68b3      	ldr	r3, [r6, #8]
1000770c:	42ab      	cmp	r3, r5
1000770e:	dd09      	ble.n	10007724 <__multadd+0x54>
10007710:	1d2b      	adds	r3, r5, #4
10007712:	009b      	lsls	r3, r3, #2
10007714:	18f3      	adds	r3, r6, r3
10007716:	3501      	adds	r5, #1
10007718:	605f      	str	r7, [r3, #4]
1000771a:	6135      	str	r5, [r6, #16]
1000771c:	0030      	movs	r0, r6
1000771e:	bc80      	pop	{r7}
10007720:	46b8      	mov	r8, r7
10007722:	bdf0      	pop	{r4, r5, r6, r7, pc}
10007724:	6873      	ldr	r3, [r6, #4]
10007726:	4640      	mov	r0, r8
10007728:	1c59      	adds	r1, r3, #1
1000772a:	f7ff ff9f 	bl	1000766c <_Balloc>
1000772e:	1e04      	subs	r4, r0, #0
10007730:	d017      	beq.n	10007762 <__multadd+0x92>
10007732:	0031      	movs	r1, r6
10007734:	6933      	ldr	r3, [r6, #16]
10007736:	310c      	adds	r1, #12
10007738:	1c9a      	adds	r2, r3, #2
1000773a:	0092      	lsls	r2, r2, #2
1000773c:	300c      	adds	r0, #12
1000773e:	f7fc f927 	bl	10003990 <__wrap___aeabi_memcpy>
10007742:	6873      	ldr	r3, [r6, #4]
10007744:	009a      	lsls	r2, r3, #2
10007746:	4643      	mov	r3, r8
10007748:	6cdb      	ldr	r3, [r3, #76]	; 0x4c
1000774a:	189b      	adds	r3, r3, r2
1000774c:	681a      	ldr	r2, [r3, #0]
1000774e:	6032      	str	r2, [r6, #0]
10007750:	601e      	str	r6, [r3, #0]
10007752:	0026      	movs	r6, r4
10007754:	1d2b      	adds	r3, r5, #4
10007756:	009b      	lsls	r3, r3, #2
10007758:	18f3      	adds	r3, r6, r3
1000775a:	3501      	adds	r5, #1
1000775c:	605f      	str	r7, [r3, #4]
1000775e:	6135      	str	r5, [r6, #16]
10007760:	e7dc      	b.n	1000771c <__multadd+0x4c>
10007762:	2200      	movs	r2, #0
10007764:	21b5      	movs	r1, #181	; 0xb5
10007766:	4b02      	ldr	r3, [pc, #8]	; (10007770 <__multadd+0xa0>)
10007768:	4802      	ldr	r0, [pc, #8]	; (10007774 <__multadd+0xa4>)
1000776a:	f7fd fc3b 	bl	10004fe4 <__assert_func>
1000776e:	46c0      	nop			; (mov r8, r8)
10007770:	10008980 	.word	0x10008980
10007774:	10008ae8 	.word	0x10008ae8

10007778 <__s2b>:
10007778:	b5f8      	push	{r3, r4, r5, r6, r7, lr}
1000777a:	4647      	mov	r7, r8
1000777c:	46ce      	mov	lr, r9
1000777e:	0006      	movs	r6, r0
10007780:	0018      	movs	r0, r3
10007782:	b580      	push	{r7, lr}
10007784:	000c      	movs	r4, r1
10007786:	3008      	adds	r0, #8
10007788:	2109      	movs	r1, #9
1000778a:	001f      	movs	r7, r3
1000778c:	4690      	mov	r8, r2
1000778e:	f7fb fc23 	bl	10002fd8 <__wrap___aeabi_idiv>
10007792:	2f09      	cmp	r7, #9
10007794:	dd3b      	ble.n	1000780e <__s2b+0x96>
10007796:	2501      	movs	r5, #1
10007798:	2100      	movs	r1, #0
1000779a:	006d      	lsls	r5, r5, #1
1000779c:	3101      	adds	r1, #1
1000779e:	42a8      	cmp	r0, r5
100077a0:	dcfb      	bgt.n	1000779a <__s2b+0x22>
100077a2:	0030      	movs	r0, r6
100077a4:	f7ff ff62 	bl	1000766c <_Balloc>
100077a8:	1e01      	subs	r1, r0, #0
100077aa:	d032      	beq.n	10007812 <__s2b+0x9a>
100077ac:	9b08      	ldr	r3, [sp, #32]
100077ae:	6143      	str	r3, [r0, #20]
100077b0:	2301      	movs	r3, #1
100077b2:	6103      	str	r3, [r0, #16]
100077b4:	4643      	mov	r3, r8
100077b6:	2b09      	cmp	r3, #9
100077b8:	dc16      	bgt.n	100077e8 <__s2b+0x70>
100077ba:	2309      	movs	r3, #9
100077bc:	4698      	mov	r8, r3
100077be:	340a      	adds	r4, #10
100077c0:	4547      	cmp	r7, r8
100077c2:	dd0c      	ble.n	100077de <__s2b+0x66>
100077c4:	4643      	mov	r3, r8
100077c6:	19e7      	adds	r7, r4, r7
100077c8:	1aff      	subs	r7, r7, r3
100077ca:	7823      	ldrb	r3, [r4, #0]
100077cc:	220a      	movs	r2, #10
100077ce:	0030      	movs	r0, r6
100077d0:	3b30      	subs	r3, #48	; 0x30
100077d2:	f7ff ff7d 	bl	100076d0 <__multadd>
100077d6:	3401      	adds	r4, #1
100077d8:	0001      	movs	r1, r0
100077da:	42bc      	cmp	r4, r7
100077dc:	d1f5      	bne.n	100077ca <__s2b+0x52>
100077de:	0008      	movs	r0, r1
100077e0:	bcc0      	pop	{r6, r7}
100077e2:	46b9      	mov	r9, r7
100077e4:	46b0      	mov	r8, r6
100077e6:	bdf8      	pop	{r3, r4, r5, r6, r7, pc}
100077e8:	2309      	movs	r3, #9
100077ea:	4699      	mov	r9, r3
100077ec:	44a1      	add	r9, r4
100077ee:	464d      	mov	r5, r9
100077f0:	4444      	add	r4, r8
100077f2:	782b      	ldrb	r3, [r5, #0]
100077f4:	220a      	movs	r2, #10
100077f6:	0030      	movs	r0, r6
100077f8:	3b30      	subs	r3, #48	; 0x30
100077fa:	f7ff ff69 	bl	100076d0 <__multadd>
100077fe:	3501      	adds	r5, #1
10007800:	0001      	movs	r1, r0
10007802:	42a5      	cmp	r5, r4
10007804:	d1f5      	bne.n	100077f2 <__s2b+0x7a>
10007806:	4644      	mov	r4, r8
10007808:	3c08      	subs	r4, #8
1000780a:	444c      	add	r4, r9
1000780c:	e7d8      	b.n	100077c0 <__s2b+0x48>
1000780e:	2100      	movs	r1, #0
10007810:	e7c7      	b.n	100077a2 <__s2b+0x2a>
10007812:	2200      	movs	r2, #0
10007814:	4b02      	ldr	r3, [pc, #8]	; (10007820 <__s2b+0xa8>)
10007816:	4803      	ldr	r0, [pc, #12]	; (10007824 <__s2b+0xac>)
10007818:	31ce      	adds	r1, #206	; 0xce
1000781a:	f7fd fbe3 	bl	10004fe4 <__assert_func>
1000781e:	46c0      	nop			; (mov r8, r8)
10007820:	10008980 	.word	0x10008980
10007824:	10008ae8 	.word	0x10008ae8

10007828 <__hi0bits>:
10007828:	0003      	movs	r3, r0
1000782a:	0c02      	lsrs	r2, r0, #16
1000782c:	2000      	movs	r0, #0
1000782e:	2a00      	cmp	r2, #0
10007830:	d101      	bne.n	10007836 <__hi0bits+0xe>
10007832:	041b      	lsls	r3, r3, #16
10007834:	3010      	adds	r0, #16
10007836:	0e1a      	lsrs	r2, r3, #24
10007838:	d101      	bne.n	1000783e <__hi0bits+0x16>
1000783a:	3008      	adds	r0, #8
1000783c:	021b      	lsls	r3, r3, #8
1000783e:	0f1a      	lsrs	r2, r3, #28
10007840:	d101      	bne.n	10007846 <__hi0bits+0x1e>
10007842:	3004      	adds	r0, #4
10007844:	011b      	lsls	r3, r3, #4
10007846:	0f9a      	lsrs	r2, r3, #30
10007848:	d101      	bne.n	1000784e <__hi0bits+0x26>
1000784a:	3002      	adds	r0, #2
1000784c:	009b      	lsls	r3, r3, #2
1000784e:	2b00      	cmp	r3, #0
10007850:	db02      	blt.n	10007858 <__hi0bits+0x30>
10007852:	3001      	adds	r0, #1
10007854:	005b      	lsls	r3, r3, #1
10007856:	d500      	bpl.n	1000785a <__hi0bits+0x32>
10007858:	4770      	bx	lr
1000785a:	2020      	movs	r0, #32
1000785c:	e7fc      	b.n	10007858 <__hi0bits+0x30>
1000785e:	46c0      	nop			; (mov r8, r8)

10007860 <__lo0bits>:
10007860:	6803      	ldr	r3, [r0, #0]
10007862:	0002      	movs	r2, r0
10007864:	0759      	lsls	r1, r3, #29
10007866:	d007      	beq.n	10007878 <__lo0bits+0x18>
10007868:	07d9      	lsls	r1, r3, #31
1000786a:	d41e      	bmi.n	100078aa <__lo0bits+0x4a>
1000786c:	0799      	lsls	r1, r3, #30
1000786e:	d520      	bpl.n	100078b2 <__lo0bits+0x52>
10007870:	085b      	lsrs	r3, r3, #1
10007872:	6003      	str	r3, [r0, #0]
10007874:	2001      	movs	r0, #1
10007876:	4770      	bx	lr
10007878:	2000      	movs	r0, #0
1000787a:	0419      	lsls	r1, r3, #16
1000787c:	d101      	bne.n	10007882 <__lo0bits+0x22>
1000787e:	0c1b      	lsrs	r3, r3, #16
10007880:	3010      	adds	r0, #16
10007882:	21ff      	movs	r1, #255	; 0xff
10007884:	4219      	tst	r1, r3
10007886:	d101      	bne.n	1000788c <__lo0bits+0x2c>
10007888:	3008      	adds	r0, #8
1000788a:	0a1b      	lsrs	r3, r3, #8
1000788c:	0719      	lsls	r1, r3, #28
1000788e:	d101      	bne.n	10007894 <__lo0bits+0x34>
10007890:	3004      	adds	r0, #4
10007892:	091b      	lsrs	r3, r3, #4
10007894:	0799      	lsls	r1, r3, #30
10007896:	d101      	bne.n	1000789c <__lo0bits+0x3c>
10007898:	3002      	adds	r0, #2
1000789a:	089b      	lsrs	r3, r3, #2
1000789c:	07d9      	lsls	r1, r3, #31
1000789e:	d402      	bmi.n	100078a6 <__lo0bits+0x46>
100078a0:	3001      	adds	r0, #1
100078a2:	085b      	lsrs	r3, r3, #1
100078a4:	d003      	beq.n	100078ae <__lo0bits+0x4e>
100078a6:	6013      	str	r3, [r2, #0]
100078a8:	e7e5      	b.n	10007876 <__lo0bits+0x16>
100078aa:	2000      	movs	r0, #0
100078ac:	e7e3      	b.n	10007876 <__lo0bits+0x16>
100078ae:	2020      	movs	r0, #32
100078b0:	e7e1      	b.n	10007876 <__lo0bits+0x16>
100078b2:	089b      	lsrs	r3, r3, #2
100078b4:	6003      	str	r3, [r0, #0]
100078b6:	2002      	movs	r0, #2
100078b8:	e7dd      	b.n	10007876 <__lo0bits+0x16>
100078ba:	46c0      	nop			; (mov r8, r8)

100078bc <__i2b>:
100078bc:	6cc3      	ldr	r3, [r0, #76]	; 0x4c
100078be:	b570      	push	{r4, r5, r6, lr}
100078c0:	0004      	movs	r4, r0
100078c2:	000d      	movs	r5, r1
100078c4:	2b00      	cmp	r3, #0
100078c6:	d00a      	beq.n	100078de <__i2b+0x22>
100078c8:	6858      	ldr	r0, [r3, #4]
100078ca:	2800      	cmp	r0, #0
100078cc:	d015      	beq.n	100078fa <__i2b+0x3e>
100078ce:	6802      	ldr	r2, [r0, #0]
100078d0:	605a      	str	r2, [r3, #4]
100078d2:	2300      	movs	r3, #0
100078d4:	60c3      	str	r3, [r0, #12]
100078d6:	3301      	adds	r3, #1
100078d8:	6145      	str	r5, [r0, #20]
100078da:	6103      	str	r3, [r0, #16]
100078dc:	bd70      	pop	{r4, r5, r6, pc}
100078de:	2221      	movs	r2, #33	; 0x21
100078e0:	2104      	movs	r1, #4
100078e2:	f7fd fcfb 	bl	100052dc <_calloc_r>
100078e6:	1e03      	subs	r3, r0, #0
100078e8:	64e0      	str	r0, [r4, #76]	; 0x4c
100078ea:	d1ed      	bne.n	100078c8 <__i2b+0xc>
100078ec:	21a0      	movs	r1, #160	; 0xa0
100078ee:	2200      	movs	r2, #0
100078f0:	4b08      	ldr	r3, [pc, #32]	; (10007914 <__i2b+0x58>)
100078f2:	4809      	ldr	r0, [pc, #36]	; (10007918 <__i2b+0x5c>)
100078f4:	0049      	lsls	r1, r1, #1
100078f6:	f7fd fb75 	bl	10004fe4 <__assert_func>
100078fa:	221c      	movs	r2, #28
100078fc:	2101      	movs	r1, #1
100078fe:	0020      	movs	r0, r4
10007900:	f7fd fcec 	bl	100052dc <_calloc_r>
10007904:	2800      	cmp	r0, #0
10007906:	d0f1      	beq.n	100078ec <__i2b+0x30>
10007908:	2301      	movs	r3, #1
1000790a:	6043      	str	r3, [r0, #4]
1000790c:	3301      	adds	r3, #1
1000790e:	6083      	str	r3, [r0, #8]
10007910:	e7df      	b.n	100078d2 <__i2b+0x16>
10007912:	46c0      	nop			; (mov r8, r8)
10007914:	10008980 	.word	0x10008980
10007918:	10008ae8 	.word	0x10008ae8

1000791c <__multiply>:
1000791c:	b5f0      	push	{r4, r5, r6, r7, lr}
1000791e:	464e      	mov	r6, r9
10007920:	4645      	mov	r5, r8
10007922:	46de      	mov	lr, fp
10007924:	4657      	mov	r7, sl
10007926:	b5e0      	push	{r5, r6, r7, lr}
10007928:	690d      	ldr	r5, [r1, #16]
1000792a:	6916      	ldr	r6, [r2, #16]
1000792c:	4689      	mov	r9, r1
1000792e:	0014      	movs	r4, r2
10007930:	b087      	sub	sp, #28
10007932:	42b5      	cmp	r5, r6
10007934:	db04      	blt.n	10007940 <__multiply+0x24>
10007936:	0033      	movs	r3, r6
10007938:	000c      	movs	r4, r1
1000793a:	002e      	movs	r6, r5
1000793c:	4691      	mov	r9, r2
1000793e:	001d      	movs	r5, r3
10007940:	68a3      	ldr	r3, [r4, #8]
10007942:	1977      	adds	r7, r6, r5
10007944:	6861      	ldr	r1, [r4, #4]
10007946:	42bb      	cmp	r3, r7
10007948:	da00      	bge.n	1000794c <__multiply+0x30>
1000794a:	3101      	adds	r1, #1
1000794c:	f7ff fe8e 	bl	1000766c <_Balloc>
10007950:	9005      	str	r0, [sp, #20]
10007952:	2800      	cmp	r0, #0
10007954:	d100      	bne.n	10007958 <__multiply+0x3c>
10007956:	e0a7      	b.n	10007aa8 <__multiply+0x18c>
10007958:	2214      	movs	r2, #20
1000795a:	4694      	mov	ip, r2
1000795c:	9b05      	ldr	r3, [sp, #20]
1000795e:	2200      	movs	r2, #0
10007960:	4463      	add	r3, ip
10007962:	469b      	mov	fp, r3
10007964:	00bb      	lsls	r3, r7, #2
10007966:	445b      	add	r3, fp
10007968:	469a      	mov	sl, r3
1000796a:	465b      	mov	r3, fp
1000796c:	4651      	mov	r1, sl
1000796e:	45d3      	cmp	fp, sl
10007970:	d203      	bcs.n	1000797a <__multiply+0x5e>
10007972:	c304      	stmia	r3!, {r2}
10007974:	4299      	cmp	r1, r3
10007976:	d8fc      	bhi.n	10007972 <__multiply+0x56>
10007978:	468a      	mov	sl, r1
1000797a:	2314      	movs	r3, #20
1000797c:	469c      	mov	ip, r3
1000797e:	44a4      	add	ip, r4
10007980:	4663      	mov	r3, ip
10007982:	9304      	str	r3, [sp, #16]
10007984:	2314      	movs	r3, #20
10007986:	00b6      	lsls	r6, r6, #2
10007988:	4466      	add	r6, ip
1000798a:	00ad      	lsls	r5, r5, #2
1000798c:	469c      	mov	ip, r3
1000798e:	002b      	movs	r3, r5
10007990:	44e1      	add	r9, ip
10007992:	444b      	add	r3, r9
10007994:	9302      	str	r3, [sp, #8]
10007996:	4599      	cmp	r9, r3
10007998:	d26e      	bcs.n	10007a78 <__multiply+0x15c>
1000799a:	2304      	movs	r3, #4
1000799c:	9303      	str	r3, [sp, #12]
1000799e:	0023      	movs	r3, r4
100079a0:	3315      	adds	r3, #21
100079a2:	429e      	cmp	r6, r3
100079a4:	d200      	bcs.n	100079a8 <__multiply+0x8c>
100079a6:	e07c      	b.n	10007aa2 <__multiply+0x186>
100079a8:	1b33      	subs	r3, r6, r4
100079aa:	3b15      	subs	r3, #21
100079ac:	089b      	lsrs	r3, r3, #2
100079ae:	3301      	adds	r3, #1
100079b0:	009b      	lsls	r3, r3, #2
100079b2:	46b8      	mov	r8, r7
100079b4:	9303      	str	r3, [sp, #12]
100079b6:	9601      	str	r6, [sp, #4]
100079b8:	e008      	b.n	100079cc <__multiply+0xb0>
100079ba:	0c00      	lsrs	r0, r0, #16
100079bc:	d131      	bne.n	10007a22 <__multiply+0x106>
100079be:	2304      	movs	r3, #4
100079c0:	469c      	mov	ip, r3
100079c2:	9b02      	ldr	r3, [sp, #8]
100079c4:	44e1      	add	r9, ip
100079c6:	44e3      	add	fp, ip
100079c8:	454b      	cmp	r3, r9
100079ca:	d954      	bls.n	10007a76 <__multiply+0x15a>
100079cc:	464b      	mov	r3, r9
100079ce:	6818      	ldr	r0, [r3, #0]
100079d0:	0403      	lsls	r3, r0, #16
100079d2:	0c1e      	lsrs	r6, r3, #16
100079d4:	2b00      	cmp	r3, #0
100079d6:	d0f0      	beq.n	100079ba <__multiply+0x9e>
100079d8:	9b01      	ldr	r3, [sp, #4]
100079da:	465d      	mov	r5, fp
100079dc:	2700      	movs	r7, #0
100079de:	469c      	mov	ip, r3
100079e0:	9c04      	ldr	r4, [sp, #16]
100079e2:	cc04      	ldmia	r4!, {r2}
100079e4:	6829      	ldr	r1, [r5, #0]
100079e6:	0413      	lsls	r3, r2, #16
100079e8:	0c1b      	lsrs	r3, r3, #16
100079ea:	4373      	muls	r3, r6
100079ec:	0408      	lsls	r0, r1, #16
100079ee:	0c00      	lsrs	r0, r0, #16
100079f0:	181b      	adds	r3, r3, r0
100079f2:	19d8      	adds	r0, r3, r7
100079f4:	0c13      	lsrs	r3, r2, #16
100079f6:	4373      	muls	r3, r6
100079f8:	0c09      	lsrs	r1, r1, #16
100079fa:	0c02      	lsrs	r2, r0, #16
100079fc:	185b      	adds	r3, r3, r1
100079fe:	189b      	adds	r3, r3, r2
10007a00:	0402      	lsls	r2, r0, #16
10007a02:	0c1f      	lsrs	r7, r3, #16
10007a04:	0c12      	lsrs	r2, r2, #16
10007a06:	041b      	lsls	r3, r3, #16
10007a08:	4313      	orrs	r3, r2
10007a0a:	c508      	stmia	r5!, {r3}
10007a0c:	45a4      	cmp	ip, r4
10007a0e:	d8e8      	bhi.n	100079e2 <__multiply+0xc6>
10007a10:	4663      	mov	r3, ip
10007a12:	9301      	str	r3, [sp, #4]
10007a14:	465b      	mov	r3, fp
10007a16:	9a03      	ldr	r2, [sp, #12]
10007a18:	509f      	str	r7, [r3, r2]
10007a1a:	464b      	mov	r3, r9
10007a1c:	6818      	ldr	r0, [r3, #0]
10007a1e:	0c00      	lsrs	r0, r0, #16
10007a20:	d0cd      	beq.n	100079be <__multiply+0xa2>
10007a22:	465b      	mov	r3, fp
10007a24:	2700      	movs	r7, #0
10007a26:	681b      	ldr	r3, [r3, #0]
10007a28:	465c      	mov	r4, fp
10007a2a:	0019      	movs	r1, r3
10007a2c:	003e      	movs	r6, r7
10007a2e:	9d04      	ldr	r5, [sp, #16]
10007a30:	9a01      	ldr	r2, [sp, #4]
10007a32:	882f      	ldrh	r7, [r5, #0]
10007a34:	0c09      	lsrs	r1, r1, #16
10007a36:	4347      	muls	r7, r0
10007a38:	187f      	adds	r7, r7, r1
10007a3a:	19bf      	adds	r7, r7, r6
10007a3c:	041b      	lsls	r3, r3, #16
10007a3e:	0439      	lsls	r1, r7, #16
10007a40:	0c1b      	lsrs	r3, r3, #16
10007a42:	430b      	orrs	r3, r1
10007a44:	6023      	str	r3, [r4, #0]
10007a46:	cd08      	ldmia	r5!, {r3}
10007a48:	6861      	ldr	r1, [r4, #4]
10007a4a:	0c1b      	lsrs	r3, r3, #16
10007a4c:	4343      	muls	r3, r0
10007a4e:	040e      	lsls	r6, r1, #16
10007a50:	0c36      	lsrs	r6, r6, #16
10007a52:	199b      	adds	r3, r3, r6
10007a54:	0c3f      	lsrs	r7, r7, #16
10007a56:	19db      	adds	r3, r3, r7
10007a58:	0c1e      	lsrs	r6, r3, #16
10007a5a:	3404      	adds	r4, #4
10007a5c:	42aa      	cmp	r2, r5
10007a5e:	d8e8      	bhi.n	10007a32 <__multiply+0x116>
10007a60:	9201      	str	r2, [sp, #4]
10007a62:	465a      	mov	r2, fp
10007a64:	9903      	ldr	r1, [sp, #12]
10007a66:	5053      	str	r3, [r2, r1]
10007a68:	2304      	movs	r3, #4
10007a6a:	469c      	mov	ip, r3
10007a6c:	9b02      	ldr	r3, [sp, #8]
10007a6e:	44e1      	add	r9, ip
10007a70:	44e3      	add	fp, ip
10007a72:	454b      	cmp	r3, r9
10007a74:	d8aa      	bhi.n	100079cc <__multiply+0xb0>
10007a76:	4647      	mov	r7, r8
10007a78:	4653      	mov	r3, sl
10007a7a:	2f00      	cmp	r7, #0
10007a7c:	dc03      	bgt.n	10007a86 <__multiply+0x16a>
10007a7e:	e006      	b.n	10007a8e <__multiply+0x172>
10007a80:	3f01      	subs	r7, #1
10007a82:	2f00      	cmp	r7, #0
10007a84:	d003      	beq.n	10007a8e <__multiply+0x172>
10007a86:	3b04      	subs	r3, #4
10007a88:	681a      	ldr	r2, [r3, #0]
10007a8a:	2a00      	cmp	r2, #0
10007a8c:	d0f8      	beq.n	10007a80 <__multiply+0x164>
10007a8e:	9b05      	ldr	r3, [sp, #20]
10007a90:	0018      	movs	r0, r3
10007a92:	611f      	str	r7, [r3, #16]
10007a94:	b007      	add	sp, #28
10007a96:	bcf0      	pop	{r4, r5, r6, r7}
10007a98:	46bb      	mov	fp, r7
10007a9a:	46b2      	mov	sl, r6
10007a9c:	46a9      	mov	r9, r5
10007a9e:	46a0      	mov	r8, r4
10007aa0:	bdf0      	pop	{r4, r5, r6, r7, pc}
10007aa2:	46b8      	mov	r8, r7
10007aa4:	9601      	str	r6, [sp, #4]
10007aa6:	e791      	b.n	100079cc <__multiply+0xb0>
10007aa8:	215e      	movs	r1, #94	; 0x5e
10007aaa:	2200      	movs	r2, #0
10007aac:	4b02      	ldr	r3, [pc, #8]	; (10007ab8 <__multiply+0x19c>)
10007aae:	4803      	ldr	r0, [pc, #12]	; (10007abc <__multiply+0x1a0>)
10007ab0:	31ff      	adds	r1, #255	; 0xff
10007ab2:	f7fd fa97 	bl	10004fe4 <__assert_func>
10007ab6:	46c0      	nop			; (mov r8, r8)
10007ab8:	10008980 	.word	0x10008980
10007abc:	10008ae8 	.word	0x10008ae8

10007ac0 <__pow5mult>:
10007ac0:	b5f8      	push	{r3, r4, r5, r6, r7, lr}
10007ac2:	2303      	movs	r3, #3
10007ac4:	4647      	mov	r7, r8
10007ac6:	0014      	movs	r4, r2
10007ac8:	46ce      	mov	lr, r9
10007aca:	001a      	movs	r2, r3
10007acc:	b580      	push	{r7, lr}
10007ace:	000e      	movs	r6, r1
10007ad0:	0007      	movs	r7, r0
10007ad2:	4022      	ands	r2, r4
10007ad4:	4223      	tst	r3, r4
10007ad6:	d138      	bne.n	10007b4a <__pow5mult+0x8a>
10007ad8:	10a4      	asrs	r4, r4, #2
10007ada:	d025      	beq.n	10007b28 <__pow5mult+0x68>
10007adc:	6cbd      	ldr	r5, [r7, #72]	; 0x48
10007ade:	2d00      	cmp	r5, #0
10007ae0:	d03c      	beq.n	10007b5c <__pow5mult+0x9c>
10007ae2:	2301      	movs	r3, #1
10007ae4:	4698      	mov	r8, r3
10007ae6:	2300      	movs	r3, #0
10007ae8:	4699      	mov	r9, r3
10007aea:	4643      	mov	r3, r8
10007aec:	4223      	tst	r3, r4
10007aee:	d108      	bne.n	10007b02 <__pow5mult+0x42>
10007af0:	1064      	asrs	r4, r4, #1
10007af2:	d019      	beq.n	10007b28 <__pow5mult+0x68>
10007af4:	6828      	ldr	r0, [r5, #0]
10007af6:	2800      	cmp	r0, #0
10007af8:	d01b      	beq.n	10007b32 <__pow5mult+0x72>
10007afa:	0005      	movs	r5, r0
10007afc:	4643      	mov	r3, r8
10007afe:	4223      	tst	r3, r4
10007b00:	d0f6      	beq.n	10007af0 <__pow5mult+0x30>
10007b02:	002a      	movs	r2, r5
10007b04:	0031      	movs	r1, r6
10007b06:	0038      	movs	r0, r7
10007b08:	f7ff ff08 	bl	1000791c <__multiply>
10007b0c:	2e00      	cmp	r6, #0
10007b0e:	d01a      	beq.n	10007b46 <__pow5mult+0x86>
10007b10:	6cfa      	ldr	r2, [r7, #76]	; 0x4c
10007b12:	6873      	ldr	r3, [r6, #4]
10007b14:	4694      	mov	ip, r2
10007b16:	009b      	lsls	r3, r3, #2
10007b18:	4463      	add	r3, ip
10007b1a:	681a      	ldr	r2, [r3, #0]
10007b1c:	1064      	asrs	r4, r4, #1
10007b1e:	6032      	str	r2, [r6, #0]
10007b20:	601e      	str	r6, [r3, #0]
10007b22:	0006      	movs	r6, r0
10007b24:	2c00      	cmp	r4, #0
10007b26:	d1e5      	bne.n	10007af4 <__pow5mult+0x34>
10007b28:	0030      	movs	r0, r6
10007b2a:	bcc0      	pop	{r6, r7}
10007b2c:	46b9      	mov	r9, r7
10007b2e:	46b0      	mov	r8, r6
10007b30:	bdf8      	pop	{r3, r4, r5, r6, r7, pc}
10007b32:	002a      	movs	r2, r5
10007b34:	0029      	movs	r1, r5
10007b36:	0038      	movs	r0, r7
10007b38:	f7ff fef0 	bl	1000791c <__multiply>
10007b3c:	464b      	mov	r3, r9
10007b3e:	6028      	str	r0, [r5, #0]
10007b40:	0005      	movs	r5, r0
10007b42:	6003      	str	r3, [r0, #0]
10007b44:	e7da      	b.n	10007afc <__pow5mult+0x3c>
10007b46:	0006      	movs	r6, r0
10007b48:	e7d2      	b.n	10007af0 <__pow5mult+0x30>
10007b4a:	4b0f      	ldr	r3, [pc, #60]	; (10007b88 <__pow5mult+0xc8>)
10007b4c:	3a01      	subs	r2, #1
10007b4e:	0092      	lsls	r2, r2, #2
10007b50:	58d2      	ldr	r2, [r2, r3]
10007b52:	2300      	movs	r3, #0
10007b54:	f7ff fdbc 	bl	100076d0 <__multadd>
10007b58:	0006      	movs	r6, r0
10007b5a:	e7bd      	b.n	10007ad8 <__pow5mult+0x18>
10007b5c:	2101      	movs	r1, #1
10007b5e:	0038      	movs	r0, r7
10007b60:	f7ff fd84 	bl	1000766c <_Balloc>
10007b64:	1e05      	subs	r5, r0, #0
10007b66:	d007      	beq.n	10007b78 <__pow5mult+0xb8>
10007b68:	4b08      	ldr	r3, [pc, #32]	; (10007b8c <__pow5mult+0xcc>)
10007b6a:	6143      	str	r3, [r0, #20]
10007b6c:	2301      	movs	r3, #1
10007b6e:	6103      	str	r3, [r0, #16]
10007b70:	2300      	movs	r3, #0
10007b72:	64b8      	str	r0, [r7, #72]	; 0x48
10007b74:	6003      	str	r3, [r0, #0]
10007b76:	e7b4      	b.n	10007ae2 <__pow5mult+0x22>
10007b78:	21a0      	movs	r1, #160	; 0xa0
10007b7a:	2200      	movs	r2, #0
10007b7c:	4b04      	ldr	r3, [pc, #16]	; (10007b90 <__pow5mult+0xd0>)
10007b7e:	4805      	ldr	r0, [pc, #20]	; (10007b94 <__pow5mult+0xd4>)
10007b80:	0049      	lsls	r1, r1, #1
10007b82:	f7fd fa2f 	bl	10004fe4 <__assert_func>
10007b86:	46c0      	nop			; (mov r8, r8)
10007b88:	10008b20 	.word	0x10008b20
10007b8c:	00000271 	.word	0x00000271
10007b90:	10008980 	.word	0x10008980
10007b94:	10008ae8 	.word	0x10008ae8

10007b98 <__lshift>:
10007b98:	b5f0      	push	{r4, r5, r6, r7, lr}
10007b9a:	000c      	movs	r4, r1
10007b9c:	6923      	ldr	r3, [r4, #16]
10007b9e:	4645      	mov	r5, r8
10007ba0:	46de      	mov	lr, fp
10007ba2:	4657      	mov	r7, sl
10007ba4:	464e      	mov	r6, r9
10007ba6:	4698      	mov	r8, r3
10007ba8:	b5e0      	push	{r5, r6, r7, lr}
10007baa:	1157      	asrs	r7, r2, #5
10007bac:	44b8      	add	r8, r7
10007bae:	4643      	mov	r3, r8
10007bb0:	1c5d      	adds	r5, r3, #1
10007bb2:	68a3      	ldr	r3, [r4, #8]
10007bb4:	4683      	mov	fp, r0
10007bb6:	0016      	movs	r6, r2
10007bb8:	6849      	ldr	r1, [r1, #4]
10007bba:	b083      	sub	sp, #12
10007bbc:	429d      	cmp	r5, r3
10007bbe:	dd03      	ble.n	10007bc8 <__lshift+0x30>
10007bc0:	3101      	adds	r1, #1
10007bc2:	005b      	lsls	r3, r3, #1
10007bc4:	429d      	cmp	r5, r3
10007bc6:	dcfb      	bgt.n	10007bc0 <__lshift+0x28>
10007bc8:	4658      	mov	r0, fp
10007bca:	f7ff fd4f 	bl	1000766c <_Balloc>
10007bce:	4684      	mov	ip, r0
10007bd0:	2800      	cmp	r0, #0
10007bd2:	d053      	beq.n	10007c7c <__lshift+0xe4>
10007bd4:	3014      	adds	r0, #20
10007bd6:	0003      	movs	r3, r0
10007bd8:	9001      	str	r0, [sp, #4]
10007bda:	2f00      	cmp	r7, #0
10007bdc:	dd0c      	ble.n	10007bf8 <__lshift+0x60>
10007bde:	00bf      	lsls	r7, r7, #2
10007be0:	003a      	movs	r2, r7
10007be2:	2100      	movs	r1, #0
10007be4:	3214      	adds	r2, #20
10007be6:	4462      	add	r2, ip
10007be8:	c302      	stmia	r3!, {r1}
10007bea:	4293      	cmp	r3, r2
10007bec:	d1fc      	bne.n	10007be8 <__lshift+0x50>
10007bee:	9b01      	ldr	r3, [sp, #4]
10007bf0:	4699      	mov	r9, r3
10007bf2:	44b9      	add	r9, r7
10007bf4:	464b      	mov	r3, r9
10007bf6:	9301      	str	r3, [sp, #4]
10007bf8:	6922      	ldr	r2, [r4, #16]
10007bfa:	0023      	movs	r3, r4
10007bfc:	0091      	lsls	r1, r2, #2
10007bfe:	221f      	movs	r2, #31
10007c00:	0010      	movs	r0, r2
10007c02:	3314      	adds	r3, #20
10007c04:	4030      	ands	r0, r6
10007c06:	4681      	mov	r9, r0
10007c08:	1859      	adds	r1, r3, r1
10007c0a:	4232      	tst	r2, r6
10007c0c:	d030      	beq.n	10007c70 <__lshift+0xd8>
10007c0e:	3201      	adds	r2, #1
10007c10:	1a12      	subs	r2, r2, r0
10007c12:	4692      	mov	sl, r2
10007c14:	2600      	movs	r6, #0
10007c16:	9f01      	ldr	r7, [sp, #4]
10007c18:	4648      	mov	r0, r9
10007c1a:	681a      	ldr	r2, [r3, #0]
10007c1c:	4082      	lsls	r2, r0
10007c1e:	4332      	orrs	r2, r6
10007c20:	c704      	stmia	r7!, {r2}
10007c22:	4652      	mov	r2, sl
10007c24:	cb40      	ldmia	r3!, {r6}
10007c26:	40d6      	lsrs	r6, r2
10007c28:	4299      	cmp	r1, r3
10007c2a:	d8f5      	bhi.n	10007c18 <__lshift+0x80>
10007c2c:	0022      	movs	r2, r4
10007c2e:	3215      	adds	r2, #21
10007c30:	2304      	movs	r3, #4
10007c32:	4291      	cmp	r1, r2
10007c34:	d304      	bcc.n	10007c40 <__lshift+0xa8>
10007c36:	1b0b      	subs	r3, r1, r4
10007c38:	3b15      	subs	r3, #21
10007c3a:	089b      	lsrs	r3, r3, #2
10007c3c:	3301      	adds	r3, #1
10007c3e:	009b      	lsls	r3, r3, #2
10007c40:	9a01      	ldr	r2, [sp, #4]
10007c42:	50d6      	str	r6, [r2, r3]
10007c44:	2e00      	cmp	r6, #0
10007c46:	d000      	beq.n	10007c4a <__lshift+0xb2>
10007c48:	46a8      	mov	r8, r5
10007c4a:	4663      	mov	r3, ip
10007c4c:	4642      	mov	r2, r8
10007c4e:	611a      	str	r2, [r3, #16]
10007c50:	6863      	ldr	r3, [r4, #4]
10007c52:	4660      	mov	r0, ip
10007c54:	009a      	lsls	r2, r3, #2
10007c56:	465b      	mov	r3, fp
10007c58:	6cdb      	ldr	r3, [r3, #76]	; 0x4c
10007c5a:	189b      	adds	r3, r3, r2
10007c5c:	681a      	ldr	r2, [r3, #0]
10007c5e:	6022      	str	r2, [r4, #0]
10007c60:	601c      	str	r4, [r3, #0]
10007c62:	b003      	add	sp, #12
10007c64:	bcf0      	pop	{r4, r5, r6, r7}
10007c66:	46bb      	mov	fp, r7
10007c68:	46b2      	mov	sl, r6
10007c6a:	46a9      	mov	r9, r5
10007c6c:	46a0      	mov	r8, r4
10007c6e:	bdf0      	pop	{r4, r5, r6, r7, pc}
10007c70:	9801      	ldr	r0, [sp, #4]
10007c72:	cb04      	ldmia	r3!, {r2}
10007c74:	c004      	stmia	r0!, {r2}
10007c76:	4299      	cmp	r1, r3
10007c78:	d8fb      	bhi.n	10007c72 <__lshift+0xda>
10007c7a:	e7e6      	b.n	10007c4a <__lshift+0xb2>
10007c7c:	21da      	movs	r1, #218	; 0xda
10007c7e:	2200      	movs	r2, #0
10007c80:	4b02      	ldr	r3, [pc, #8]	; (10007c8c <__lshift+0xf4>)
10007c82:	4803      	ldr	r0, [pc, #12]	; (10007c90 <__lshift+0xf8>)
10007c84:	31ff      	adds	r1, #255	; 0xff
10007c86:	f7fd f9ad 	bl	10004fe4 <__assert_func>
10007c8a:	46c0      	nop			; (mov r8, r8)
10007c8c:	10008980 	.word	0x10008980
10007c90:	10008ae8 	.word	0x10008ae8

10007c94 <__mcmp>:
10007c94:	6903      	ldr	r3, [r0, #16]
10007c96:	690a      	ldr	r2, [r1, #16]
10007c98:	b530      	push	{r4, r5, lr}
10007c9a:	0005      	movs	r5, r0
10007c9c:	1a98      	subs	r0, r3, r2
10007c9e:	4293      	cmp	r3, r2
10007ca0:	d111      	bne.n	10007cc6 <__mcmp+0x32>
10007ca2:	0092      	lsls	r2, r2, #2
10007ca4:	3514      	adds	r5, #20
10007ca6:	3114      	adds	r1, #20
10007ca8:	18ab      	adds	r3, r5, r2
10007caa:	1889      	adds	r1, r1, r2
10007cac:	e001      	b.n	10007cb2 <__mcmp+0x1e>
10007cae:	429d      	cmp	r5, r3
10007cb0:	d209      	bcs.n	10007cc6 <__mcmp+0x32>
10007cb2:	3b04      	subs	r3, #4
10007cb4:	3904      	subs	r1, #4
10007cb6:	681a      	ldr	r2, [r3, #0]
10007cb8:	680c      	ldr	r4, [r1, #0]
10007cba:	42a2      	cmp	r2, r4
10007cbc:	d0f7      	beq.n	10007cae <__mcmp+0x1a>
10007cbe:	42a2      	cmp	r2, r4
10007cc0:	4192      	sbcs	r2, r2
10007cc2:	2001      	movs	r0, #1
10007cc4:	4310      	orrs	r0, r2
10007cc6:	bd30      	pop	{r4, r5, pc}

10007cc8 <__mdiff>:
10007cc8:	b5f0      	push	{r4, r5, r6, r7, lr}
10007cca:	464e      	mov	r6, r9
10007ccc:	4645      	mov	r5, r8
10007cce:	46de      	mov	lr, fp
10007cd0:	4657      	mov	r7, sl
10007cd2:	b5e0      	push	{r5, r6, r7, lr}
10007cd4:	690b      	ldr	r3, [r1, #16]
10007cd6:	4688      	mov	r8, r1
10007cd8:	6911      	ldr	r1, [r2, #16]
10007cda:	4691      	mov	r9, r2
10007cdc:	b083      	sub	sp, #12
10007cde:	1a5c      	subs	r4, r3, r1
10007ce0:	428b      	cmp	r3, r1
10007ce2:	d000      	beq.n	10007ce6 <__mdiff+0x1e>
10007ce4:	e095      	b.n	10007e12 <__mdiff+0x14a>
10007ce6:	4646      	mov	r6, r8
10007ce8:	0089      	lsls	r1, r1, #2
10007cea:	3614      	adds	r6, #20
10007cec:	3214      	adds	r2, #20
10007cee:	1873      	adds	r3, r6, r1
10007cf0:	1852      	adds	r2, r2, r1
10007cf2:	e002      	b.n	10007cfa <__mdiff+0x32>
10007cf4:	429e      	cmp	r6, r3
10007cf6:	d300      	bcc.n	10007cfa <__mdiff+0x32>
10007cf8:	e08f      	b.n	10007e1a <__mdiff+0x152>
10007cfa:	3b04      	subs	r3, #4
10007cfc:	3a04      	subs	r2, #4
10007cfe:	681d      	ldr	r5, [r3, #0]
10007d00:	6811      	ldr	r1, [r2, #0]
10007d02:	428d      	cmp	r5, r1
10007d04:	d0f6      	beq.n	10007cf4 <__mdiff+0x2c>
10007d06:	d200      	bcs.n	10007d0a <__mdiff+0x42>
10007d08:	e07e      	b.n	10007e08 <__mdiff+0x140>
10007d0a:	4643      	mov	r3, r8
10007d0c:	6859      	ldr	r1, [r3, #4]
10007d0e:	f7ff fcad 	bl	1000766c <_Balloc>
10007d12:	2800      	cmp	r0, #0
10007d14:	d100      	bne.n	10007d18 <__mdiff+0x50>
10007d16:	e08a      	b.n	10007e2e <__mdiff+0x166>
10007d18:	4643      	mov	r3, r8
10007d1a:	691a      	ldr	r2, [r3, #16]
10007d1c:	2314      	movs	r3, #20
10007d1e:	4443      	add	r3, r8
10007d20:	469c      	mov	ip, r3
10007d22:	60c4      	str	r4, [r0, #12]
10007d24:	001c      	movs	r4, r3
10007d26:	464b      	mov	r3, r9
10007d28:	691b      	ldr	r3, [r3, #16]
10007d2a:	0091      	lsls	r1, r2, #2
10007d2c:	009b      	lsls	r3, r3, #2
10007d2e:	4461      	add	r1, ip
10007d30:	469c      	mov	ip, r3
10007d32:	2314      	movs	r3, #20
10007d34:	464f      	mov	r7, r9
10007d36:	469a      	mov	sl, r3
10007d38:	3714      	adds	r7, #20
10007d3a:	4482      	add	sl, r0
10007d3c:	4653      	mov	r3, sl
10007d3e:	44bc      	add	ip, r7
10007d40:	468b      	mov	fp, r1
10007d42:	46a2      	mov	sl, r4
10007d44:	2614      	movs	r6, #20
10007d46:	4664      	mov	r4, ip
10007d48:	2100      	movs	r1, #0
10007d4a:	4694      	mov	ip, r2
10007d4c:	4642      	mov	r2, r8
10007d4e:	4680      	mov	r8, r0
10007d50:	9301      	str	r3, [sp, #4]
10007d52:	5993      	ldr	r3, [r2, r6]
10007d54:	cf01      	ldmia	r7!, {r0}
10007d56:	041d      	lsls	r5, r3, #16
10007d58:	0c2d      	lsrs	r5, r5, #16
10007d5a:	1869      	adds	r1, r5, r1
10007d5c:	0405      	lsls	r5, r0, #16
10007d5e:	0c2d      	lsrs	r5, r5, #16
10007d60:	1b4d      	subs	r5, r1, r5
10007d62:	0c01      	lsrs	r1, r0, #16
10007d64:	4640      	mov	r0, r8
10007d66:	0c1b      	lsrs	r3, r3, #16
10007d68:	1a5b      	subs	r3, r3, r1
10007d6a:	1429      	asrs	r1, r5, #16
10007d6c:	185b      	adds	r3, r3, r1
10007d6e:	042d      	lsls	r5, r5, #16
10007d70:	1419      	asrs	r1, r3, #16
10007d72:	0c2d      	lsrs	r5, r5, #16
10007d74:	041b      	lsls	r3, r3, #16
10007d76:	432b      	orrs	r3, r5
10007d78:	5183      	str	r3, [r0, r6]
10007d7a:	3604      	adds	r6, #4
10007d7c:	42bc      	cmp	r4, r7
10007d7e:	d8e8      	bhi.n	10007d52 <__mdiff+0x8a>
10007d80:	4662      	mov	r2, ip
10007d82:	46a4      	mov	ip, r4
10007d84:	464d      	mov	r5, r9
10007d86:	001c      	movs	r4, r3
10007d88:	4663      	mov	r3, ip
10007d8a:	464e      	mov	r6, r9
10007d8c:	1b5d      	subs	r5, r3, r5
10007d8e:	3d15      	subs	r5, #21
10007d90:	3615      	adds	r6, #21
10007d92:	2300      	movs	r3, #0
10007d94:	08ad      	lsrs	r5, r5, #2
10007d96:	45b4      	cmp	ip, r6
10007d98:	d300      	bcc.n	10007d9c <__mdiff+0xd4>
10007d9a:	00ab      	lsls	r3, r5, #2
10007d9c:	9f01      	ldr	r7, [sp, #4]
10007d9e:	46b8      	mov	r8, r7
10007da0:	2704      	movs	r7, #4
10007da2:	4443      	add	r3, r8
10007da4:	45b4      	cmp	ip, r6
10007da6:	d301      	bcc.n	10007dac <__mdiff+0xe4>
10007da8:	3501      	adds	r5, #1
10007daa:	00af      	lsls	r7, r5, #2
10007dac:	9d01      	ldr	r5, [sp, #4]
10007dae:	44ba      	add	sl, r7
10007db0:	46ac      	mov	ip, r5
10007db2:	44bc      	add	ip, r7
10007db4:	45d3      	cmp	fp, sl
10007db6:	d918      	bls.n	10007dea <__mdiff+0x122>
10007db8:	4665      	mov	r5, ip
10007dba:	4657      	mov	r7, sl
10007dbc:	465e      	mov	r6, fp
10007dbe:	cf10      	ldmia	r7!, {r4}
10007dc0:	0423      	lsls	r3, r4, #16
10007dc2:	0c1b      	lsrs	r3, r3, #16
10007dc4:	185b      	adds	r3, r3, r1
10007dc6:	1419      	asrs	r1, r3, #16
10007dc8:	0c24      	lsrs	r4, r4, #16
10007dca:	1864      	adds	r4, r4, r1
10007dcc:	041b      	lsls	r3, r3, #16
10007dce:	1421      	asrs	r1, r4, #16
10007dd0:	0c1b      	lsrs	r3, r3, #16
10007dd2:	0424      	lsls	r4, r4, #16
10007dd4:	431c      	orrs	r4, r3
10007dd6:	c510      	stmia	r5!, {r4}
10007dd8:	42be      	cmp	r6, r7
10007dda:	d8f0      	bhi.n	10007dbe <__mdiff+0xf6>
10007ddc:	0031      	movs	r1, r6
10007dde:	4653      	mov	r3, sl
10007de0:	3901      	subs	r1, #1
10007de2:	1acb      	subs	r3, r1, r3
10007de4:	089b      	lsrs	r3, r3, #2
10007de6:	009b      	lsls	r3, r3, #2
10007de8:	4463      	add	r3, ip
10007dea:	2c00      	cmp	r4, #0
10007dec:	d104      	bne.n	10007df8 <__mdiff+0x130>
10007dee:	3b04      	subs	r3, #4
10007df0:	6819      	ldr	r1, [r3, #0]
10007df2:	3a01      	subs	r2, #1
10007df4:	2900      	cmp	r1, #0
10007df6:	d0fa      	beq.n	10007dee <__mdiff+0x126>
10007df8:	6102      	str	r2, [r0, #16]
10007dfa:	b003      	add	sp, #12
10007dfc:	bcf0      	pop	{r4, r5, r6, r7}
10007dfe:	46bb      	mov	fp, r7
10007e00:	46b2      	mov	sl, r6
10007e02:	46a9      	mov	r9, r5
10007e04:	46a0      	mov	r8, r4
10007e06:	bdf0      	pop	{r4, r5, r6, r7, pc}
10007e08:	4643      	mov	r3, r8
10007e0a:	2401      	movs	r4, #1
10007e0c:	46c8      	mov	r8, r9
10007e0e:	4699      	mov	r9, r3
10007e10:	e77b      	b.n	10007d0a <__mdiff+0x42>
10007e12:	2c00      	cmp	r4, #0
10007e14:	dbf8      	blt.n	10007e08 <__mdiff+0x140>
10007e16:	2400      	movs	r4, #0
10007e18:	e777      	b.n	10007d0a <__mdiff+0x42>
10007e1a:	2100      	movs	r1, #0
10007e1c:	f7ff fc26 	bl	1000766c <_Balloc>
10007e20:	2800      	cmp	r0, #0
10007e22:	d00b      	beq.n	10007e3c <__mdiff+0x174>
10007e24:	2301      	movs	r3, #1
10007e26:	6103      	str	r3, [r0, #16]
10007e28:	2300      	movs	r3, #0
10007e2a:	6143      	str	r3, [r0, #20]
10007e2c:	e7e5      	b.n	10007dfa <__mdiff+0x132>
10007e2e:	2190      	movs	r1, #144	; 0x90
10007e30:	2200      	movs	r2, #0
10007e32:	4b05      	ldr	r3, [pc, #20]	; (10007e48 <__mdiff+0x180>)
10007e34:	4805      	ldr	r0, [pc, #20]	; (10007e4c <__mdiff+0x184>)
10007e36:	0089      	lsls	r1, r1, #2
10007e38:	f7fd f8d4 	bl	10004fe4 <__assert_func>
10007e3c:	2200      	movs	r2, #0
10007e3e:	4b02      	ldr	r3, [pc, #8]	; (10007e48 <__mdiff+0x180>)
10007e40:	4903      	ldr	r1, [pc, #12]	; (10007e50 <__mdiff+0x188>)
10007e42:	4802      	ldr	r0, [pc, #8]	; (10007e4c <__mdiff+0x184>)
10007e44:	f7fd f8ce 	bl	10004fe4 <__assert_func>
10007e48:	10008980 	.word	0x10008980
10007e4c:	10008ae8 	.word	0x10008ae8
10007e50:	00000232 	.word	0x00000232

10007e54 <__ulp>:
10007e54:	4b0f      	ldr	r3, [pc, #60]	; (10007e94 <__ulp+0x40>)
10007e56:	4019      	ands	r1, r3
10007e58:	4b0f      	ldr	r3, [pc, #60]	; (10007e98 <__ulp+0x44>)
10007e5a:	469c      	mov	ip, r3
10007e5c:	4461      	add	r1, ip
10007e5e:	2900      	cmp	r1, #0
10007e60:	dd04      	ble.n	10007e6c <__ulp+0x18>
10007e62:	2200      	movs	r2, #0
10007e64:	000b      	movs	r3, r1
10007e66:	0010      	movs	r0, r2
10007e68:	0019      	movs	r1, r3
10007e6a:	4770      	bx	lr
10007e6c:	4249      	negs	r1, r1
10007e6e:	2200      	movs	r2, #0
10007e70:	2300      	movs	r3, #0
10007e72:	1509      	asrs	r1, r1, #20
10007e74:	2913      	cmp	r1, #19
10007e76:	dc04      	bgt.n	10007e82 <__ulp+0x2e>
10007e78:	2080      	movs	r0, #128	; 0x80
10007e7a:	0300      	lsls	r0, r0, #12
10007e7c:	4108      	asrs	r0, r1
10007e7e:	0003      	movs	r3, r0
10007e80:	e7f1      	b.n	10007e66 <__ulp+0x12>
10007e82:	3914      	subs	r1, #20
10007e84:	2001      	movs	r0, #1
10007e86:	291e      	cmp	r1, #30
10007e88:	dc02      	bgt.n	10007e90 <__ulp+0x3c>
10007e8a:	2080      	movs	r0, #128	; 0x80
10007e8c:	0600      	lsls	r0, r0, #24
10007e8e:	40c8      	lsrs	r0, r1
10007e90:	0002      	movs	r2, r0
10007e92:	e7e8      	b.n	10007e66 <__ulp+0x12>
10007e94:	7ff00000 	.word	0x7ff00000
10007e98:	fcc00000 	.word	0xfcc00000

10007e9c <__b2d>:
10007e9c:	b5f8      	push	{r3, r4, r5, r6, r7, lr}
10007e9e:	0006      	movs	r6, r0
10007ea0:	4647      	mov	r7, r8
10007ea2:	46ce      	mov	lr, r9
10007ea4:	6904      	ldr	r4, [r0, #16]
10007ea6:	3614      	adds	r6, #20
10007ea8:	00a4      	lsls	r4, r4, #2
10007eaa:	1934      	adds	r4, r6, r4
10007eac:	1f23      	subs	r3, r4, #4
10007eae:	681d      	ldr	r5, [r3, #0]
10007eb0:	b580      	push	{r7, lr}
10007eb2:	0028      	movs	r0, r5
10007eb4:	000f      	movs	r7, r1
10007eb6:	4698      	mov	r8, r3
10007eb8:	f7ff fcb6 	bl	10007828 <__hi0bits>
10007ebc:	2120      	movs	r1, #32
10007ebe:	1a0a      	subs	r2, r1, r0
10007ec0:	603a      	str	r2, [r7, #0]
10007ec2:	280a      	cmp	r0, #10
10007ec4:	dd2e      	ble.n	10007f24 <__b2d+0x88>
10007ec6:	4546      	cmp	r6, r8
10007ec8:	d223      	bcs.n	10007f12 <__b2d+0x76>
10007eca:	2308      	movs	r3, #8
10007ecc:	425b      	negs	r3, r3
10007ece:	4698      	mov	r8, r3
10007ed0:	44a0      	add	r8, r4
10007ed2:	4643      	mov	r3, r8
10007ed4:	681f      	ldr	r7, [r3, #0]
10007ed6:	230b      	movs	r3, #11
10007ed8:	425b      	negs	r3, r3
10007eda:	469c      	mov	ip, r3
10007edc:	4484      	add	ip, r0
10007ede:	280b      	cmp	r0, #11
10007ee0:	d01c      	beq.n	10007f1c <__b2d+0x80>
10007ee2:	4663      	mov	r3, ip
10007ee4:	409d      	lsls	r5, r3
10007ee6:	1ac9      	subs	r1, r1, r3
10007ee8:	003b      	movs	r3, r7
10007eea:	40cb      	lsrs	r3, r1
10007eec:	481c      	ldr	r0, [pc, #112]	; (10007f60 <__b2d+0xc4>)
10007eee:	431d      	orrs	r5, r3
10007ef0:	4328      	orrs	r0, r5
10007ef2:	0003      	movs	r3, r0
10007ef4:	4546      	cmp	r6, r8
10007ef6:	d22f      	bcs.n	10007f58 <__b2d+0xbc>
10007ef8:	3c0c      	subs	r4, #12
10007efa:	6820      	ldr	r0, [r4, #0]
10007efc:	40c8      	lsrs	r0, r1
10007efe:	4661      	mov	r1, ip
10007f00:	408f      	lsls	r7, r1
10007f02:	4307      	orrs	r7, r0
10007f04:	003a      	movs	r2, r7
10007f06:	0010      	movs	r0, r2
10007f08:	0019      	movs	r1, r3
10007f0a:	bcc0      	pop	{r6, r7}
10007f0c:	46b9      	mov	r9, r7
10007f0e:	46b0      	mov	r8, r6
10007f10:	bdf8      	pop	{r3, r4, r5, r6, r7, pc}
10007f12:	0003      	movs	r3, r0
10007f14:	2700      	movs	r7, #0
10007f16:	3b0b      	subs	r3, #11
10007f18:	280b      	cmp	r0, #11
10007f1a:	d117      	bne.n	10007f4c <__b2d+0xb0>
10007f1c:	4910      	ldr	r1, [pc, #64]	; (10007f60 <__b2d+0xc4>)
10007f1e:	4329      	orrs	r1, r5
10007f20:	000b      	movs	r3, r1
10007f22:	e7ef      	b.n	10007f04 <__b2d+0x68>
10007f24:	002f      	movs	r7, r5
10007f26:	3915      	subs	r1, #21
10007f28:	1a0b      	subs	r3, r1, r0
10007f2a:	40df      	lsrs	r7, r3
10007f2c:	490c      	ldr	r1, [pc, #48]	; (10007f60 <__b2d+0xc4>)
10007f2e:	4699      	mov	r9, r3
10007f30:	4339      	orrs	r1, r7
10007f32:	000b      	movs	r3, r1
10007f34:	2700      	movs	r7, #0
10007f36:	4546      	cmp	r6, r8
10007f38:	d203      	bcs.n	10007f42 <__b2d+0xa6>
10007f3a:	4649      	mov	r1, r9
10007f3c:	3c08      	subs	r4, #8
10007f3e:	6827      	ldr	r7, [r4, #0]
10007f40:	40cf      	lsrs	r7, r1
10007f42:	3015      	adds	r0, #21
10007f44:	4085      	lsls	r5, r0
10007f46:	433d      	orrs	r5, r7
10007f48:	002a      	movs	r2, r5
10007f4a:	e7dc      	b.n	10007f06 <__b2d+0x6a>
10007f4c:	409d      	lsls	r5, r3
10007f4e:	4904      	ldr	r1, [pc, #16]	; (10007f60 <__b2d+0xc4>)
10007f50:	2700      	movs	r7, #0
10007f52:	4329      	orrs	r1, r5
10007f54:	000b      	movs	r3, r1
10007f56:	e7d5      	b.n	10007f04 <__b2d+0x68>
10007f58:	4661      	mov	r1, ip
10007f5a:	408f      	lsls	r7, r1
10007f5c:	e7d2      	b.n	10007f04 <__b2d+0x68>
10007f5e:	46c0      	nop			; (mov r8, r8)
10007f60:	3ff00000 	.word	0x3ff00000

10007f64 <__d2b>:
10007f64:	b570      	push	{r4, r5, r6, lr}
10007f66:	2101      	movs	r1, #1
10007f68:	b082      	sub	sp, #8
10007f6a:	0015      	movs	r5, r2
10007f6c:	001c      	movs	r4, r3
10007f6e:	f7ff fb7d 	bl	1000766c <_Balloc>
10007f72:	1e06      	subs	r6, r0, #0
10007f74:	d04f      	beq.n	10008016 <__d2b+0xb2>
10007f76:	0323      	lsls	r3, r4, #12
10007f78:	0064      	lsls	r4, r4, #1
10007f7a:	0b1b      	lsrs	r3, r3, #12
10007f7c:	0d64      	lsrs	r4, r4, #21
10007f7e:	d002      	beq.n	10007f86 <__d2b+0x22>
10007f80:	2280      	movs	r2, #128	; 0x80
10007f82:	0352      	lsls	r2, r2, #13
10007f84:	4313      	orrs	r3, r2
10007f86:	9301      	str	r3, [sp, #4]
10007f88:	2d00      	cmp	r5, #0
10007f8a:	d117      	bne.n	10007fbc <__d2b+0x58>
10007f8c:	a801      	add	r0, sp, #4
10007f8e:	f7ff fc67 	bl	10007860 <__lo0bits>
10007f92:	9b01      	ldr	r3, [sp, #4]
10007f94:	2501      	movs	r5, #1
10007f96:	6173      	str	r3, [r6, #20]
10007f98:	2301      	movs	r3, #1
10007f9a:	3020      	adds	r0, #32
10007f9c:	6133      	str	r3, [r6, #16]
10007f9e:	2c00      	cmp	r4, #0
10007fa0:	d024      	beq.n	10007fec <__d2b+0x88>
10007fa2:	4b20      	ldr	r3, [pc, #128]	; (10008024 <__d2b+0xc0>)
10007fa4:	469c      	mov	ip, r3
10007fa6:	9b06      	ldr	r3, [sp, #24]
10007fa8:	4464      	add	r4, ip
10007faa:	1824      	adds	r4, r4, r0
10007fac:	601c      	str	r4, [r3, #0]
10007fae:	2335      	movs	r3, #53	; 0x35
10007fb0:	1a18      	subs	r0, r3, r0
10007fb2:	9b07      	ldr	r3, [sp, #28]
10007fb4:	6018      	str	r0, [r3, #0]
10007fb6:	0030      	movs	r0, r6
10007fb8:	b002      	add	sp, #8
10007fba:	bd70      	pop	{r4, r5, r6, pc}
10007fbc:	4668      	mov	r0, sp
10007fbe:	9500      	str	r5, [sp, #0]
10007fc0:	f7ff fc4e 	bl	10007860 <__lo0bits>
10007fc4:	2800      	cmp	r0, #0
10007fc6:	d022      	beq.n	1000800e <__d2b+0xaa>
10007fc8:	9d01      	ldr	r5, [sp, #4]
10007fca:	2320      	movs	r3, #32
10007fcc:	002a      	movs	r2, r5
10007fce:	1a1b      	subs	r3, r3, r0
10007fd0:	409a      	lsls	r2, r3
10007fd2:	0013      	movs	r3, r2
10007fd4:	40c5      	lsrs	r5, r0
10007fd6:	9a00      	ldr	r2, [sp, #0]
10007fd8:	9501      	str	r5, [sp, #4]
10007fda:	4313      	orrs	r3, r2
10007fdc:	6173      	str	r3, [r6, #20]
10007fde:	61b5      	str	r5, [r6, #24]
10007fe0:	1e6b      	subs	r3, r5, #1
10007fe2:	419d      	sbcs	r5, r3
10007fe4:	3501      	adds	r5, #1
10007fe6:	6135      	str	r5, [r6, #16]
10007fe8:	2c00      	cmp	r4, #0
10007fea:	d1da      	bne.n	10007fa2 <__d2b+0x3e>
10007fec:	4b0e      	ldr	r3, [pc, #56]	; (10008028 <__d2b+0xc4>)
10007fee:	469c      	mov	ip, r3
10007ff0:	9b06      	ldr	r3, [sp, #24]
10007ff2:	4460      	add	r0, ip
10007ff4:	6018      	str	r0, [r3, #0]
10007ff6:	4b0d      	ldr	r3, [pc, #52]	; (1000802c <__d2b+0xc8>)
10007ff8:	18eb      	adds	r3, r5, r3
10007ffa:	009b      	lsls	r3, r3, #2
10007ffc:	18f3      	adds	r3, r6, r3
10007ffe:	6958      	ldr	r0, [r3, #20]
10008000:	f7ff fc12 	bl	10007828 <__hi0bits>
10008004:	016d      	lsls	r5, r5, #5
10008006:	9b07      	ldr	r3, [sp, #28]
10008008:	1a2d      	subs	r5, r5, r0
1000800a:	601d      	str	r5, [r3, #0]
1000800c:	e7d3      	b.n	10007fb6 <__d2b+0x52>
1000800e:	9b00      	ldr	r3, [sp, #0]
10008010:	9d01      	ldr	r5, [sp, #4]
10008012:	6173      	str	r3, [r6, #20]
10008014:	e7e3      	b.n	10007fde <__d2b+0x7a>
10008016:	2200      	movs	r2, #0
10008018:	4b05      	ldr	r3, [pc, #20]	; (10008030 <__d2b+0xcc>)
1000801a:	4906      	ldr	r1, [pc, #24]	; (10008034 <__d2b+0xd0>)
1000801c:	4806      	ldr	r0, [pc, #24]	; (10008038 <__d2b+0xd4>)
1000801e:	f7fc ffe1 	bl	10004fe4 <__assert_func>
10008022:	46c0      	nop			; (mov r8, r8)
10008024:	fffffbcd 	.word	0xfffffbcd
10008028:	fffffbce 	.word	0xfffffbce
1000802c:	3fffffff 	.word	0x3fffffff
10008030:	10008980 	.word	0x10008980
10008034:	0000030a 	.word	0x0000030a
10008038:	10008ae8 	.word	0x10008ae8

1000803c <__ratio>:
1000803c:	b5f0      	push	{r4, r5, r6, r7, lr}
1000803e:	46ce      	mov	lr, r9
10008040:	4647      	mov	r7, r8
10008042:	b580      	push	{r7, lr}
10008044:	b085      	sub	sp, #20
10008046:	4688      	mov	r8, r1
10008048:	a902      	add	r1, sp, #8
1000804a:	4681      	mov	r9, r0
1000804c:	f7ff ff26 	bl	10007e9c <__b2d>
10008050:	0004      	movs	r4, r0
10008052:	000d      	movs	r5, r1
10008054:	4640      	mov	r0, r8
10008056:	a903      	add	r1, sp, #12
10008058:	f7ff ff20 	bl	10007e9c <__b2d>
1000805c:	0002      	movs	r2, r0
1000805e:	000b      	movs	r3, r1
10008060:	4640      	mov	r0, r8
10008062:	4649      	mov	r1, r9
10008064:	6900      	ldr	r0, [r0, #16]
10008066:	6909      	ldr	r1, [r1, #16]
10008068:	9200      	str	r2, [sp, #0]
1000806a:	9301      	str	r3, [sp, #4]
1000806c:	1a09      	subs	r1, r1, r0
1000806e:	0149      	lsls	r1, r1, #5
10008070:	468c      	mov	ip, r1
10008072:	9802      	ldr	r0, [sp, #8]
10008074:	9903      	ldr	r1, [sp, #12]
10008076:	1a40      	subs	r0, r0, r1
10008078:	0001      	movs	r1, r0
1000807a:	4461      	add	r1, ip
1000807c:	2900      	cmp	r1, #0
1000807e:	dd0b      	ble.n	10008098 <__ratio+0x5c>
10008080:	0509      	lsls	r1, r1, #20
10008082:	194f      	adds	r7, r1, r5
10008084:	003d      	movs	r5, r7
10008086:	0020      	movs	r0, r4
10008088:	0029      	movs	r1, r5
1000808a:	f7fb fa12 	bl	100034b2 <__wrap___aeabi_ddiv>
1000808e:	b005      	add	sp, #20
10008090:	bcc0      	pop	{r6, r7}
10008092:	46b9      	mov	r9, r7
10008094:	46b0      	mov	r8, r6
10008096:	bdf0      	pop	{r4, r5, r6, r7, pc}
10008098:	0509      	lsls	r1, r1, #20
1000809a:	1a5b      	subs	r3, r3, r1
1000809c:	9301      	str	r3, [sp, #4]
1000809e:	9a00      	ldr	r2, [sp, #0]
100080a0:	9b01      	ldr	r3, [sp, #4]
100080a2:	e7f0      	b.n	10008086 <__ratio+0x4a>

100080a4 <_mprec_log10>:
100080a4:	b510      	push	{r4, lr}
100080a6:	0004      	movs	r4, r0
100080a8:	2817      	cmp	r0, #23
100080aa:	dd09      	ble.n	100080c0 <_mprec_log10+0x1c>
100080ac:	2000      	movs	r0, #0
100080ae:	4907      	ldr	r1, [pc, #28]	; (100080cc <_mprec_log10+0x28>)
100080b0:	2200      	movs	r2, #0
100080b2:	4b07      	ldr	r3, [pc, #28]	; (100080d0 <_mprec_log10+0x2c>)
100080b4:	3c01      	subs	r4, #1
100080b6:	f7fb fa16 	bl	100034e6 <__wrap___aeabi_dmul>
100080ba:	2c00      	cmp	r4, #0
100080bc:	d1f8      	bne.n	100080b0 <_mprec_log10+0xc>
100080be:	bd10      	pop	{r4, pc}
100080c0:	00c4      	lsls	r4, r0, #3
100080c2:	4804      	ldr	r0, [pc, #16]	; (100080d4 <_mprec_log10+0x30>)
100080c4:	1904      	adds	r4, r0, r4
100080c6:	6820      	ldr	r0, [r4, #0]
100080c8:	6861      	ldr	r1, [r4, #4]
100080ca:	e7f8      	b.n	100080be <_mprec_log10+0x1a>
100080cc:	3ff00000 	.word	0x3ff00000
100080d0:	40240000 	.word	0x40240000
100080d4:	10008b80 	.word	0x10008b80

100080d8 <__copybits>:
100080d8:	0013      	movs	r3, r2
100080da:	3901      	subs	r1, #1
100080dc:	b570      	push	{r4, r5, r6, lr}
100080de:	114c      	asrs	r4, r1, #5
100080e0:	6911      	ldr	r1, [r2, #16]
100080e2:	3401      	adds	r4, #1
100080e4:	3314      	adds	r3, #20
100080e6:	0089      	lsls	r1, r1, #2
100080e8:	00a4      	lsls	r4, r4, #2
100080ea:	1859      	adds	r1, r3, r1
100080ec:	1904      	adds	r4, r0, r4
100080ee:	428b      	cmp	r3, r1
100080f0:	d20a      	bcs.n	10008108 <__copybits+0x30>
100080f2:	0005      	movs	r5, r0
100080f4:	cb40      	ldmia	r3!, {r6}
100080f6:	c540      	stmia	r5!, {r6}
100080f8:	4299      	cmp	r1, r3
100080fa:	d8fb      	bhi.n	100080f4 <__copybits+0x1c>
100080fc:	1a8b      	subs	r3, r1, r2
100080fe:	3b15      	subs	r3, #21
10008100:	089b      	lsrs	r3, r3, #2
10008102:	3301      	adds	r3, #1
10008104:	009b      	lsls	r3, r3, #2
10008106:	18c0      	adds	r0, r0, r3
10008108:	4284      	cmp	r4, r0
1000810a:	d903      	bls.n	10008114 <__copybits+0x3c>
1000810c:	2300      	movs	r3, #0
1000810e:	c008      	stmia	r0!, {r3}
10008110:	4284      	cmp	r4, r0
10008112:	d8fc      	bhi.n	1000810e <__copybits+0x36>
10008114:	bd70      	pop	{r4, r5, r6, pc}
10008116:	46c0      	nop			; (mov r8, r8)

10008118 <__any_on>:
10008118:	0002      	movs	r2, r0
1000811a:	6903      	ldr	r3, [r0, #16]
1000811c:	b510      	push	{r4, lr}
1000811e:	3214      	adds	r2, #20
10008120:	1148      	asrs	r0, r1, #5
10008122:	4283      	cmp	r3, r0
10008124:	da0a      	bge.n	1000813c <__any_on+0x24>
10008126:	009b      	lsls	r3, r3, #2
10008128:	18d3      	adds	r3, r2, r3
1000812a:	e003      	b.n	10008134 <__any_on+0x1c>
1000812c:	3b04      	subs	r3, #4
1000812e:	6819      	ldr	r1, [r3, #0]
10008130:	2900      	cmp	r1, #0
10008132:	d117      	bne.n	10008164 <__any_on+0x4c>
10008134:	4293      	cmp	r3, r2
10008136:	d8f9      	bhi.n	1000812c <__any_on+0x14>
10008138:	2000      	movs	r0, #0
1000813a:	bd10      	pop	{r4, pc}
1000813c:	4283      	cmp	r3, r0
1000813e:	dd0e      	ble.n	1000815e <__any_on+0x46>
10008140:	231f      	movs	r3, #31
10008142:	001c      	movs	r4, r3
10008144:	400c      	ands	r4, r1
10008146:	420b      	tst	r3, r1
10008148:	d009      	beq.n	1000815e <__any_on+0x46>
1000814a:	0083      	lsls	r3, r0, #2
1000814c:	18d3      	adds	r3, r2, r3
1000814e:	6819      	ldr	r1, [r3, #0]
10008150:	2001      	movs	r0, #1
10008152:	40e1      	lsrs	r1, r4
10008154:	40a1      	lsls	r1, r4
10008156:	681c      	ldr	r4, [r3, #0]
10008158:	428c      	cmp	r4, r1
1000815a:	d1ee      	bne.n	1000813a <__any_on+0x22>
1000815c:	e7ea      	b.n	10008134 <__any_on+0x1c>
1000815e:	0083      	lsls	r3, r0, #2
10008160:	18d3      	adds	r3, r2, r3
10008162:	e7e7      	b.n	10008134 <__any_on+0x1c>
10008164:	2001      	movs	r0, #1
10008166:	e7e8      	b.n	1000813a <__any_on+0x22>

10008168 <nan>:
10008168:	2000      	movs	r0, #0
1000816a:	4901      	ldr	r1, [pc, #4]	; (10008170 <nan+0x8>)
1000816c:	4770      	bx	lr
1000816e:	46c0      	nop			; (mov r8, r8)
10008170:	7ff80000 	.word	0x7ff80000

10008174 <nanf>:
10008174:	4800      	ldr	r0, [pc, #0]	; (10008178 <nanf+0x4>)
10008176:	4770      	bx	lr
10008178:	7fc00000 	.word	0x7fc00000

1000817c <strncmp>:
1000817c:	b530      	push	{r4, r5, lr}
1000817e:	2a00      	cmp	r2, #0
10008180:	d026      	beq.n	100081d0 <strncmp+0x54>
10008182:	0003      	movs	r3, r0
10008184:	430b      	orrs	r3, r1
10008186:	079b      	lsls	r3, r3, #30
10008188:	d124      	bne.n	100081d4 <strncmp+0x58>
1000818a:	2a03      	cmp	r2, #3
1000818c:	d922      	bls.n	100081d4 <strncmp+0x58>
1000818e:	4d16      	ldr	r5, [pc, #88]	; (100081e8 <strncmp+0x6c>)
10008190:	e00b      	b.n	100081aa <strncmp+0x2e>
10008192:	3a04      	subs	r2, #4
10008194:	2a00      	cmp	r2, #0
10008196:	d01b      	beq.n	100081d0 <strncmp+0x54>
10008198:	4c14      	ldr	r4, [pc, #80]	; (100081ec <strncmp+0x70>)
1000819a:	191c      	adds	r4, r3, r4
1000819c:	439c      	bics	r4, r3
1000819e:	422c      	tst	r4, r5
100081a0:	d116      	bne.n	100081d0 <strncmp+0x54>
100081a2:	3004      	adds	r0, #4
100081a4:	3104      	adds	r1, #4
100081a6:	2a03      	cmp	r2, #3
100081a8:	d914      	bls.n	100081d4 <strncmp+0x58>
100081aa:	6803      	ldr	r3, [r0, #0]
100081ac:	680c      	ldr	r4, [r1, #0]
100081ae:	42a3      	cmp	r3, r4
100081b0:	d0ef      	beq.n	10008192 <strncmp+0x16>
100081b2:	7804      	ldrb	r4, [r0, #0]
100081b4:	780d      	ldrb	r5, [r1, #0]
100081b6:	42ac      	cmp	r4, r5
100081b8:	d113      	bne.n	100081e2 <strncmp+0x66>
100081ba:	2301      	movs	r3, #1
100081bc:	e006      	b.n	100081cc <strncmp+0x50>
100081be:	5cc4      	ldrb	r4, [r0, r3]
100081c0:	5ccd      	ldrb	r5, [r1, r3]
100081c2:	42ac      	cmp	r4, r5
100081c4:	d10d      	bne.n	100081e2 <strncmp+0x66>
100081c6:	3301      	adds	r3, #1
100081c8:	4293      	cmp	r3, r2
100081ca:	d001      	beq.n	100081d0 <strncmp+0x54>
100081cc:	2c00      	cmp	r4, #0
100081ce:	d1f6      	bne.n	100081be <strncmp+0x42>
100081d0:	2000      	movs	r0, #0
100081d2:	bd30      	pop	{r4, r5, pc}
100081d4:	7804      	ldrb	r4, [r0, #0]
100081d6:	780d      	ldrb	r5, [r1, #0]
100081d8:	42a5      	cmp	r5, r4
100081da:	d102      	bne.n	100081e2 <strncmp+0x66>
100081dc:	2a01      	cmp	r2, #1
100081de:	d1ec      	bne.n	100081ba <strncmp+0x3e>
100081e0:	e7f6      	b.n	100081d0 <strncmp+0x54>
100081e2:	1b60      	subs	r0, r4, r5
100081e4:	e7f5      	b.n	100081d2 <strncmp+0x56>
100081e6:	46c0      	nop			; (mov r8, r8)
100081e8:	80808080 	.word	0x80808080
100081ec:	fefefeff 	.word	0xfefefeff

100081f0 <_wctomb_r>:
100081f0:	b570      	push	{r4, r5, r6, lr}
100081f2:	24e0      	movs	r4, #224	; 0xe0
100081f4:	4d01      	ldr	r5, [pc, #4]	; (100081fc <_wctomb_r+0xc>)
100081f6:	592c      	ldr	r4, [r5, r4]
100081f8:	47a0      	blx	r4
100081fa:	bd70      	pop	{r4, r5, r6, pc}
100081fc:	20000ac4 	.word	0x20000ac4

10008200 <__ascii_wctomb>:
10008200:	2900      	cmp	r1, #0
10008202:	d009      	beq.n	10008218 <__ascii_wctomb+0x18>
10008204:	2aff      	cmp	r2, #255	; 0xff
10008206:	d802      	bhi.n	1000820e <__ascii_wctomb+0xe>
10008208:	2001      	movs	r0, #1
1000820a:	700a      	strb	r2, [r1, #0]
1000820c:	4770      	bx	lr
1000820e:	238a      	movs	r3, #138	; 0x8a
10008210:	6003      	str	r3, [r0, #0]
10008212:	2001      	movs	r0, #1
10008214:	4240      	negs	r0, r0
10008216:	e7f9      	b.n	1000820c <__ascii_wctomb+0xc>
10008218:	2000      	movs	r0, #0
1000821a:	e7f7      	b.n	1000820c <__ascii_wctomb+0xc>
1000821c:	0000      	movs	r0, r0
	...

10008220 <__mutex_exit_veneer>:
10008220:	b401      	push	{r0}
10008222:	4802      	ldr	r0, [pc, #8]	; (1000822c <__mutex_exit_veneer+0xc>)
10008224:	4684      	mov	ip, r0
10008226:	bc01      	pop	{r0}
10008228:	4760      	bx	ip
1000822a:	bf00      	nop
1000822c:	200001ad 	.word	0x200001ad

10008230 <____aeabi_idiv0_veneer>:
10008230:	b401      	push	{r0}
10008232:	4802      	ldr	r0, [pc, #8]	; (1000823c <____aeabi_idiv0_veneer+0xc>)
10008234:	4684      	mov	ip, r0
10008236:	bc01      	pop	{r0}
10008238:	4760      	bx	ip
1000823a:	bf00      	nop
1000823c:	200001d5 	.word	0x200001d5

10008240 <____aeabi_ldiv0_veneer>:
10008240:	b401      	push	{r0}
10008242:	4802      	ldr	r0, [pc, #8]	; (1000824c <____aeabi_ldiv0_veneer+0xc>)
10008244:	4684      	mov	ip, r0
10008246:	bc01      	pop	{r0}
10008248:	4760      	bx	ip
1000824a:	bf00      	nop
1000824c:	200001d5 	.word	0x200001d5

10008250 <__mutex_try_enter_block_until_veneer>:
10008250:	b401      	push	{r0}
10008252:	4802      	ldr	r0, [pc, #8]	; (1000825c <__mutex_try_enter_block_until_veneer+0xc>)
10008254:	4684      	mov	ip, r0
10008256:	bc01      	pop	{r0}
10008258:	4760      	bx	ip
1000825a:	bf00      	nop
1000825c:	20000179 	.word	0x20000179

10008260 <__pre_init_runtime_init_early_resets>:
10008260:	10002db9                                .-..

10008264 <__pre_init_runtime_init_usb_power_down>:
10008264:	10002de5 10002fc9 10003975 100036c9     .-.../..u9...6..
10008274:	10003919                                .9..

10008278 <__pre_init_runtime_init_clocks>:
10008278:	10002ef1                                ....

1000827c <__pre_init_runtime_init_post_clock_resets>:
1000827c:	10002e01                                ....

10008280 <__pre_init_runtime_init_rp2040_gpio_ie_disable>:
10008280:	10002e21                                !...

10008284 <__pre_init_runtime_init_spin_locks_reset>:
10008284:	10002e35                                5...

10008288 <__pre_init_runtime_init_mutex>:
10008288:	10002005                                . ..

1000828c <__pre_init_runtime_init_install_ram_vector_table>:
1000828c:	10002e3d                                =...

10008290 <__pre_init_runtime_init_default_alarm_pool>:
10008290:	10002395                                .#..

10008294 <__pre_init_first_per_core_initializer>:
10008294:	10002d81                                .-..

10008298 <__pre_init_runtime_init_per_core_irq_priorities>:
10008298:	10001b31                                1...

Disassembly of section .data:

200000c0 <mutex_try_enter>:
200000c0:	0003      	movs	r3, r0
200000c2:	6800      	ldr	r0, [r0, #0]
200000c4:	f3ef 8c10 	mrs	ip, PRIMASK
200000c8:	b672      	cpsid	i
200000ca:	6802      	ldr	r2, [r0, #0]
200000cc:	2a00      	cmp	r2, #0
200000ce:	d0fc      	beq.n	200000ca <mutex_try_enter+0xa>
200000d0:	f3bf 8f5f 	dmb	sy
200000d4:	2204      	movs	r2, #4
200000d6:	569a      	ldrsb	r2, [r3, r2]
200000d8:	2a00      	cmp	r2, #0
200000da:	db0b      	blt.n	200000f4 <mutex_try_enter+0x34>
200000dc:	2900      	cmp	r1, #0
200000de:	d00f      	beq.n	20000100 <mutex_try_enter+0x40>
200000e0:	2000      	movs	r0, #0
200000e2:	600a      	str	r2, [r1, #0]
200000e4:	681b      	ldr	r3, [r3, #0]
200000e6:	f3bf 8f5f 	dmb	sy
200000ea:	2200      	movs	r2, #0
200000ec:	601a      	str	r2, [r3, #0]
200000ee:	f38c 8810 	msr	PRIMASK, ip
200000f2:	4770      	bx	lr
200000f4:	22d0      	movs	r2, #208	; 0xd0
200000f6:	0612      	lsls	r2, r2, #24
200000f8:	6812      	ldr	r2, [r2, #0]
200000fa:	2001      	movs	r0, #1
200000fc:	711a      	strb	r2, [r3, #4]
200000fe:	e7f1      	b.n	200000e4 <mutex_try_enter+0x24>
20000100:	2000      	movs	r0, #0
20000102:	e7ef      	b.n	200000e4 <mutex_try_enter+0x24>

20000104 <mutex_enter_block_until>:
20000104:	b5f0      	push	{r4, r5, r6, r7, lr}
20000106:	464f      	mov	r7, r9
20000108:	46d6      	mov	lr, sl
2000010a:	4646      	mov	r6, r8
2000010c:	b5c0      	push	{r6, r7, lr}
2000010e:	001f      	movs	r7, r3
20000110:	23d0      	movs	r3, #208	; 0xd0
20000112:	061b      	lsls	r3, r3, #24
20000114:	681b      	ldr	r3, [r3, #0]
20000116:	0004      	movs	r4, r0
20000118:	469a      	mov	sl, r3
2000011a:	2300      	movs	r3, #0
2000011c:	4690      	mov	r8, r2
2000011e:	4699      	mov	r9, r3
20000120:	e00c      	b.n	2000013c <mutex_enter_block_until+0x38>
20000122:	6822      	ldr	r2, [r4, #0]
20000124:	f3bf 8f5f 	dmb	sy
20000128:	4649      	mov	r1, r9
2000012a:	6011      	str	r1, [r2, #0]
2000012c:	f383 8810 	msr	PRIMASK, r3
20000130:	4640      	mov	r0, r8
20000132:	0039      	movs	r1, r7
20000134:	f000 f850 	bl	200001d8 <__best_effort_wfe_or_timeout_veneer>
20000138:	2800      	cmp	r0, #0
2000013a:	d11a      	bne.n	20000172 <mutex_enter_block_until+0x6e>
2000013c:	6826      	ldr	r6, [r4, #0]
2000013e:	f3ef 8310 	mrs	r3, PRIMASK
20000142:	b672      	cpsid	i
20000144:	6835      	ldr	r5, [r6, #0]
20000146:	2d00      	cmp	r5, #0
20000148:	d0fc      	beq.n	20000144 <mutex_enter_block_until+0x40>
2000014a:	f3bf 8f5f 	dmb	sy
2000014e:	7925      	ldrb	r5, [r4, #4]
20000150:	2d7f      	cmp	r5, #127	; 0x7f
20000152:	d9e6      	bls.n	20000122 <mutex_enter_block_until+0x1e>
20000154:	4652      	mov	r2, sl
20000156:	7122      	strb	r2, [r4, #4]
20000158:	6822      	ldr	r2, [r4, #0]
2000015a:	f3bf 8f5f 	dmb	sy
2000015e:	2100      	movs	r1, #0
20000160:	6011      	str	r1, [r2, #0]
20000162:	f383 8810 	msr	PRIMASK, r3
20000166:	2001      	movs	r0, #1
20000168:	bce0      	pop	{r5, r6, r7}
2000016a:	46ba      	mov	sl, r7
2000016c:	46b1      	mov	r9, r6
2000016e:	46a8      	mov	r8, r5
20000170:	bdf0      	pop	{r4, r5, r6, r7, pc}
20000172:	2000      	movs	r0, #0
20000174:	e7f8      	b.n	20000168 <mutex_enter_block_until+0x64>
20000176:	46c0      	nop			; (mov r8, r8)

20000178 <mutex_try_enter_block_until>:
20000178:	b570      	push	{r4, r5, r6, lr}
2000017a:	b082      	sub	sp, #8
2000017c:	a901      	add	r1, sp, #4
2000017e:	0004      	movs	r4, r0
20000180:	0016      	movs	r6, r2
20000182:	001d      	movs	r5, r3
20000184:	f7ff ff9c 	bl	200000c0 <mutex_try_enter>
20000188:	2800      	cmp	r0, #0
2000018a:	d107      	bne.n	2000019c <mutex_try_enter_block_until+0x24>
2000018c:	22d0      	movs	r2, #208	; 0xd0
2000018e:	0612      	lsls	r2, r2, #24
20000190:	9b01      	ldr	r3, [sp, #4]
20000192:	7812      	ldrb	r2, [r2, #0]
20000194:	b25b      	sxtb	r3, r3
20000196:	b252      	sxtb	r2, r2
20000198:	4293      	cmp	r3, r2
2000019a:	d101      	bne.n	200001a0 <mutex_try_enter_block_until+0x28>
2000019c:	b002      	add	sp, #8
2000019e:	bd70      	pop	{r4, r5, r6, pc}
200001a0:	0032      	movs	r2, r6
200001a2:	002b      	movs	r3, r5
200001a4:	0020      	movs	r0, r4
200001a6:	f7ff ffad 	bl	20000104 <mutex_enter_block_until>
200001aa:	e7f7      	b.n	2000019c <mutex_try_enter_block_until+0x24>

200001ac <mutex_exit>:
200001ac:	6802      	ldr	r2, [r0, #0]
200001ae:	f3ef 8110 	mrs	r1, PRIMASK
200001b2:	b672      	cpsid	i
200001b4:	6813      	ldr	r3, [r2, #0]
200001b6:	2b00      	cmp	r3, #0
200001b8:	d0fc      	beq.n	200001b4 <mutex_exit+0x8>
200001ba:	f3bf 8f5f 	dmb	sy
200001be:	23ff      	movs	r3, #255	; 0xff
200001c0:	7103      	strb	r3, [r0, #4]
200001c2:	6803      	ldr	r3, [r0, #0]
200001c4:	f3bf 8f5f 	dmb	sy
200001c8:	2200      	movs	r2, #0
200001ca:	601a      	str	r2, [r3, #0]
200001cc:	f381 8810 	msr	PRIMASK, r1
200001d0:	bf40      	sev
200001d2:	4770      	bx	lr

200001d4 <__aeabi_idiv0>:
200001d4:	4770      	bx	lr
200001d6:	46c0      	nop			; (mov r8, r8)

200001d8 <__best_effort_wfe_or_timeout_veneer>:
200001d8:	b401      	push	{r0}
200001da:	4802      	ldr	r0, [pc, #8]	; (200001e4 <__best_effort_wfe_or_timeout_veneer+0xc>)
200001dc:	4684      	mov	ip, r0
200001de:	bc01      	pop	{r0}
200001e0:	4760      	bx	ip
200001e2:	bf00      	nop
200001e4:	100026a1 	.word	0x100026a1

200001e8 <striped_spin_lock_num>:
200001e8:	00000010                                ....

200001ec <irq_handler_chain_slots>:
200001ec:	00000000 	.word	0x00000000
200001f0:	00010000 	.word	0x00010000
	...
200001fc:	00020000 	.word	0x00020000
	...
20000208:	00030000 	.word	0x00030000
	...
20000214:	00ff0000 	.word	0x00ff0000
20000218:	00000000 	.word	0x00000000

2000021c <irq_handler_chain_first_slot>:
2000021c:	b501      	push	{r0, lr}
2000021e:	6848      	ldr	r0, [r1, #4]
20000220:	3101      	adds	r1, #1
20000222:	468e      	mov	lr, r1
20000224:	4700      	bx	r0

20000226 <irq_handler_chain_remove_tail>:
20000226:	4670      	mov	r0, lr
20000228:	3809      	subs	r0, #9
2000022a:	4901      	ldr	r1, [pc, #4]	; (20000230 <irq_handler_chain_remove_tail+0xa>)
2000022c:	4788      	blx	r1
2000022e:	bd01      	pop	{r0, pc}
20000230:	10001f41 	.word	0x10001f41

20000234 <default_alarm_pool>:
	...
20000248:	20000c38 00000000                       8.. ....

20000250 <last_added.0>:
20000250:	ffffffff 7fffffff 00000000 00000000     ................

20000260 <aeabi_bits_funcs>:
20000260:	00003350 	.word	0x00003350
20000264:	0000334c 	.word	0x0000334c
20000268:	00003354 	.word	0x00003354
2000026c:	00003352 	.word	0x00003352

20000270 <aeabi_bits_funcs_end>:
20000270:	0000534d 	.word	0x0000534d
20000274:	0000434d 	.word	0x0000434d
20000278:	00003453 	.word	0x00003453
2000027c:	00003443 	.word	0x00003443

20000280 <_impure_ptr>:
20000280:	20000288 00000000                       ... ....

20000288 <impure_data>:
20000288:	00000000 20000574 200005dc 20000644     ....t.. ... D.. 
	...
20000330:	00000001 00000000 abcd330e e66d1234     .........3..4.m.
20000340:	0005deec 0000000b 00000000 00000000     ................
	...

200006b0 <__malloc_sbrk_base>:
200006b0:	ffffffff                                ....

200006b4 <__malloc_trim_threshold>:
200006b4:	00020000                                ....

200006b8 <__malloc_av_>:
	...
200006c0:	200006b8 200006b8 200006c0 200006c0     ... ... ... ... 
200006d0:	200006c8 200006c8 200006d0 200006d0     ... ... ... ... 
200006e0:	200006d8 200006d8 200006e0 200006e0     ... ... ... ... 
200006f0:	200006e8 200006e8 200006f0 200006f0     ... ... ... ... 
20000700:	200006f8 200006f8 20000700 20000700     ... ... ... ... 
20000710:	20000708 20000708 20000710 20000710     ... ... ... ... 
20000720:	20000718 20000718 20000720 20000720     ... ...  ..  .. 
20000730:	20000728 20000728 20000730 20000730     (.. (.. 0.. 0.. 
20000740:	20000738 20000738 20000740 20000740     8.. 8.. @.. @.. 
20000750:	20000748 20000748 20000750 20000750     H.. H.. P.. P.. 
20000760:	20000758 20000758 20000760 20000760     X.. X.. `.. `.. 
20000770:	20000768 20000768 20000770 20000770     h.. h.. p.. p.. 
20000780:	20000778 20000778 20000780 20000780     x.. x.. ... ... 
20000790:	20000788 20000788 20000790 20000790     ... ... ... ... 
200007a0:	20000798 20000798 200007a0 200007a0     ... ... ... ... 
200007b0:	200007a8 200007a8 200007b0 200007b0     ... ... ... ... 
200007c0:	200007b8 200007b8 200007c0 200007c0     ... ... ... ... 
200007d0:	200007c8 200007c8 200007d0 200007d0     ... ... ... ... 
200007e0:	200007d8 200007d8 200007e0 200007e0     ... ... ... ... 
200007f0:	200007e8 200007e8 200007f0 200007f0     ... ... ... ... 
20000800:	200007f8 200007f8 20000800 20000800     ... ... ... ... 
20000810:	20000808 20000808 20000810 20000810     ... ... ... ... 
20000820:	20000818 20000818 20000820 20000820     ... ...  ..  .. 
20000830:	20000828 20000828 20000830 20000830     (.. (.. 0.. 0.. 
20000840:	20000838 20000838 20000840 20000840     8.. 8.. @.. @.. 
20000850:	20000848 20000848 20000850 20000850     H.. H.. P.. P.. 
20000860:	20000858 20000858 20000860 20000860     X.. X.. `.. `.. 
20000870:	20000868 20000868 20000870 20000870     h.. h.. p.. p.. 
20000880:	20000878 20000878 20000880 20000880     x.. x.. ... ... 
20000890:	20000888 20000888 20000890 20000890     ... ... ... ... 
200008a0:	20000898 20000898 200008a0 200008a0     ... ... ... ... 
200008b0:	200008a8 200008a8 200008b0 200008b0     ... ... ... ... 
200008c0:	200008b8 200008b8 200008c0 200008c0     ... ... ... ... 
200008d0:	200008c8 200008c8 200008d0 200008d0     ... ... ... ... 
200008e0:	200008d8 200008d8 200008e0 200008e0     ... ... ... ... 
200008f0:	200008e8 200008e8 200008f0 200008f0     ... ... ... ... 
20000900:	200008f8 200008f8 20000900 20000900     ... ... ... ... 
20000910:	20000908 20000908 20000910 20000910     ... ... ... ... 
20000920:	20000918 20000918 20000920 20000920     ... ...  ..  .. 
20000930:	20000928 20000928 20000930 20000930     (.. (.. 0.. 0.. 
20000940:	20000938 20000938 20000940 20000940     8.. 8.. @.. @.. 
20000950:	20000948 20000948 20000950 20000950     H.. H.. P.. P.. 
20000960:	20000958 20000958 20000960 20000960     X.. X.. `.. `.. 
20000970:	20000968 20000968 20000970 20000970     h.. h.. p.. p.. 
20000980:	20000978 20000978 20000980 20000980     x.. x.. ... ... 
20000990:	20000988 20000988 20000990 20000990     ... ... ... ... 
200009a0:	20000998 20000998 200009a0 200009a0     ... ... ... ... 
200009b0:	200009a8 200009a8 200009b0 200009b0     ... ... ... ... 
200009c0:	200009b8 200009b8 200009c0 200009c0     ... ... ... ... 
200009d0:	200009c8 200009c8 200009d0 200009d0     ... ... ... ... 
200009e0:	200009d8 200009d8 200009e0 200009e0     ... ... ... ... 
200009f0:	200009e8 200009e8 200009f0 200009f0     ... ... ... ... 
20000a00:	200009f8 200009f8 20000a00 20000a00     ... ... ... ... 
20000a10:	20000a08 20000a08 20000a10 20000a10     ... ... ... ... 
20000a20:	20000a18 20000a18 20000a20 20000a20     ... ...  ..  .. 
20000a30:	20000a28 20000a28 20000a30 20000a30     (.. (.. 0.. 0.. 
20000a40:	20000a38 20000a38 20000a40 20000a40     8.. 8.. @.. @.. 
20000a50:	20000a48 20000a48 20000a50 20000a50     H.. H.. P.. P.. 
20000a60:	20000a58 20000a58 20000a60 20000a60     X.. X.. `.. `.. 
20000a70:	20000a68 20000a68 20000a70 20000a70     h.. h.. p.. p.. 
20000a80:	20000a78 20000a78 20000a80 20000a80     x.. x.. ... ... 
20000a90:	20000a88 20000a88 20000a90 20000a90     ... ... ... ... 
20000aa0:	20000a98 20000a98 20000aa0 20000aa0     ... ... ... ... 
20000ab0:	20000aa8 20000aa8 20000ab0 20000ab0     ... ... ... ... 

20000ac0 <numempty>:
20000ac0:	000000ff                                ....

20000ac4 <__global_locale>:
20000ac4:	00000043 00000000 00000000 00000000     C...............
	...
20000ae4:	00000043 00000000 00000000 00000000     C...............
	...
20000b04:	00000043 00000000 00000000 00000000     C...............
	...
20000b24:	00000043 00000000 00000000 00000000     C...............
	...
20000b44:	00000043 00000000 00000000 00000000     C...............
	...
20000b64:	00000043 00000000 00000000 00000000     C...............
	...
20000b84:	00000043 00000000 00000000 00000000     C...............
	...
20000ba4:	10008201 10007641 00000000 10008c48     ....Av......H...
20000bb4:	10008ad0 10008814 10008814 10008814     ................
20000bc4:	10008814 10008814 10008814 10008814     ................
20000bd4:	10008814 10008814 ffffffff ffffffff     ................
20000be4:	ffffffff 0000ffff 53410001 00494943     ..........ASCII.
	...
20000c0c:	53410000 00494943 00000000 00000000     ..ASCII.........
	...

20000c30 <print_mutex>:
	...
